-- Generated by Craft v2.6.2989 on Oct 1, 2017, 8:18:13 PM.

--
-- Disable foreign key checks and autocommit.
--

SET FOREIGN_KEY_CHECKS = 0;
SET SQL_MODE = "NO_AUTO_VALUE_ON_ZERO";
SET AUTOCOMMIT = 0;
SET NAMES utf8;


DROP TABLE IF EXISTS `craft_assetfiles`;


--
-- Schema for table `craft_assetfiles`
--
CREATE TABLE `craft_assetfiles` (
  `id` int(11) NOT NULL,
  `sourceId` int(11) DEFAULT NULL,
  `folderId` int(11) NOT NULL,
  `filename` varchar(255) COLLATE utf8_unicode_ci NOT NULL,
  `kind` varchar(50) COLLATE utf8_unicode_ci NOT NULL DEFAULT 'unknown',
  `width` int(11) unsigned DEFAULT NULL,
  `height` int(11) unsigned DEFAULT NULL,
  `size` bigint(20) unsigned DEFAULT NULL,
  `dateModified` datetime DEFAULT NULL,
  `dateCreated` datetime NOT NULL,
  `dateUpdated` datetime NOT NULL,
  `uid` char(36) COLLATE utf8_unicode_ci NOT NULL DEFAULT '0',
  PRIMARY KEY (`id`),
  UNIQUE KEY `craft_assetfiles_filename_folderId_unq_idx` (`filename`,`folderId`),
  KEY `craft_assetfiles_sourceId_fk` (`sourceId`),
  KEY `craft_assetfiles_folderId_fk` (`folderId`)
) ENGINE=InnoDB DEFAULT CHARSET=utf8 COLLATE=utf8_unicode_ci;

--
-- Data for table `craft_assetfiles`
--

INSERT INTO `craft_assetfiles` (`id`, `sourceId`, `folderId`, `filename`, `kind`, `width`, `height`, `size`, `dateModified`, `dateCreated`, `dateUpdated`, `uid`) VALUES
 ('11', '1', '1', 'example.mp4', 'video', NULL, NULL, '235393', '2017-08-25 00:19:31', '2017-08-16 02:02:02', '2017-09-08 16:51:40', 'c59ed801-c82c-4e3f-9eaf-978c77c3a7f2'),
 ('13', '1', '5', 'arrow-left.svg', 'image', '24', '24', '950', '2017-08-25 00:19:31', '2017-08-16 02:02:02', '2017-09-08 16:51:41', '4010f6ea-be7c-4347-9ca7-2c0df737089f'),
 ('14', '1', '5', 'arrow-right.svg', 'image', '24', '24', '1256', '2017-08-25 00:19:31', '2017-08-16 02:02:03', '2017-09-08 16:51:41', 'd6352243-b79d-4d2a-82c9-98878d214626'),
 ('15', '1', '5', 'facebook.svg', 'image', '24', '24', '609', '2017-08-25 00:19:31', '2017-08-16 02:02:03', '2017-09-08 16:51:41', 'ae031930-7409-4e05-8849-811b0422773b'),
 ('16', '1', '5', 'instagram.svg', 'image', '24', '24', '1106', '2017-08-25 00:19:31', '2017-08-16 02:02:03', '2017-09-08 16:51:42', '7b015068-6112-4ba9-a01d-3f65ff4b381f'),
 ('17', '1', '5', 'mail.svg', 'image', '24', '24', '597', '2017-08-25 00:19:31', '2017-08-16 02:02:03', '2017-09-08 16:51:42', '0d186e97-2b08-4871-ad77-610350680514'),
 ('18', '1', '5', 'twitter.svg', 'image', '24', '24', '1584', '2017-08-25 00:19:31', '2017-08-16 02:02:03', '2017-09-08 16:51:42', 'dceab656-c527-400b-bc36-a6ac3b75d8b9'),
 ('19', '1', '1', 'jazmin-quaynor-35847.jpg', 'image', '2000', '1123', '150197', '2017-09-08 16:42:32', '2017-08-16 02:02:03', '2017-09-08 16:51:43', '48e06c55-3d47-4b9a-b14f-bd04da8442a8'),
 ('20', '1', '1', 'lukas-robertson-191319.jpg', 'image', '2000', '1502', '110690', '2017-08-30 01:29:24', '2017-08-16 02:02:03', '2017-09-08 16:51:43', 'b7ffb70e-0058-4ad8-bbfa-96fc6d25d03c'),
 ('21', '1', '1', 'photo-1496389294434-c84a4ebe3a08.jpeg', 'image', '2000', '1335', '142199', '2017-09-08 16:42:17', '2017-08-16 02:02:04', '2017-09-08 16:51:44', 'a804bdfa-1023-4673-acde-687cff5eae09'),
 ('23', '1', '8', 'slide-1.svg', 'image', '2021', '1180', '592', '2017-08-30 01:18:31', '2017-08-16 02:02:04', '2017-09-08 16:51:45', '7a0f5489-e84d-458e-8f66-99bc9cb5a536'),
 ('24', '1', '8', 'slide-2.svg', 'image', '1649', '831', '574', '2017-08-30 01:18:35', '2017-08-16 02:02:04', '2017-09-08 16:51:46', '62873e24-9bd1-4d55-9322-895a0b43a346'),
 ('25', '1', '8', 'slide-intro.svg', 'image', '886', '498', '515', '2017-08-30 01:18:44', '2017-08-16 02:02:04', '2017-09-08 16:51:46', 'fc177f5e-9333-46b5-8819-87c597424b37'),
 ('29', '1', '1', '33877889442_be0e2f82f0_o.jpg', 'image', '1700', '958', '113188', '2017-08-30 01:29:22', '2017-08-16 03:18:36', '2017-09-08 16:51:26', '3764ee88-8c37-47ec-8aa1-273f4d490c02'),
 ('30', '1', '8', 'slide-3.svg', 'image', '1499', '759', '491', '2017-08-30 01:18:39', '2017-08-16 03:18:40', '2017-09-08 16:51:46', '77172db4-6033-4cf8-bd63-33d3612c90b3'),
 ('56', '1', '1', 'BH9A2986.jpg', 'image', '1400', '675', '101300', '2017-08-30 01:29:22', '2017-08-20 01:44:55', '2017-09-08 16:51:29', '04e830c4-fae5-44d9-b8a6-cf2c37c01f6e'),
 ('57', '1', '1', 'BH9A2533.jpg', 'image', '1400', '835', '191795', '2017-09-08 16:48:07', '2017-08-20 01:44:55', '2017-09-08 16:51:29', '3913db01-f48e-4d91-bdf1-14f69ee8192e'),
 ('58', '1', '1', 'IMG_0968.JPG', 'image', '1200', '800', '86387', '2017-08-30 01:29:23', '2017-08-20 01:44:57', '2017-09-08 16:51:34', '541c3aec-f47c-431d-b291-1a5b0102ecb5'),
 ('59', '1', '1', 'IMG_0970.JPG', 'image', '1200', '800', '66492', '2017-08-30 01:29:23', '2017-08-20 01:44:57', '2017-09-08 16:51:34', '210875c5-24dd-4884-874e-fde6136daf76'),
 ('60', '1', '1', 'IMG_0972.JPG', 'image', '1200', '800', '68716', '2017-08-30 01:29:23', '2017-08-20 01:44:57', '2017-09-08 16:51:34', 'faa9db29-d256-4e94-b8ed-7492ac62711b'),
 ('61', '1', '1', 'IMG_0978.JPG', 'image', '1200', '800', '74074', '2017-08-30 01:29:23', '2017-08-20 01:44:57', '2017-09-08 16:51:34', '3f252f0d-6d27-4cca-a4ab-ce7d1276865f'),
 ('62', '1', '1', 'IMG_0979.JPG', 'image', '1200', '800', '70585', '2017-08-30 01:29:23', '2017-08-20 01:44:57', '2017-09-08 16:51:35', '920e9c1d-ef1a-4c50-9b7f-92b68b10f281'),
 ('70', '1', '1', 'BH9A2923.jpg', 'image', '861', '800', '51412', '2017-08-30 01:29:22', '2017-08-20 01:53:06', '2017-09-08 16:51:29', '16f7b580-c492-49b2-bd04-c20f62520637'),
 ('71', '1', '1', 'BH9A2991.jpg', 'image', '712', '400', '25797', '2017-08-30 01:29:22', '2017-08-20 01:53:06', '2017-09-08 16:51:29', '8711b6b2-5c71-41e2-baa4-479a971e7320'),
 ('72', '1', '1', 'BH9A2998.jpg', 'image', '712', '804', '57342', '2017-08-30 01:29:22', '2017-08-20 01:53:06', '2017-09-08 16:51:29', 'de6079a3-7076-49b3-938e-dbc128c7e72a'),
 ('73', '1', '1', 'BH9A3437.jpg', 'image', '712', '705', '46812', '2017-08-30 01:29:22', '2017-08-20 01:57:55', '2017-09-08 16:51:29', 'c6a0a96b-992e-4ebb-a085-8f6b8224fcae'),
 ('74', '1', '1', 'BH9A3027.jpg', 'image', '712', '765', '76441', '2017-08-30 01:29:22', '2017-08-20 02:22:00', '2017-09-08 16:51:29', '0fbc1bec-cfcb-4d27-8de9-9c14eccd40c3'),
 ('76', '1', '1', '33878182202_6989bba734_o.jpg', 'image', '2000', '1125', '149193', '2017-09-08 16:39:44', '2017-08-22 01:20:46', '2017-09-08 16:51:27', 'e4afc259-1f45-42f4-8fc5-ffec80f6416c'),
 ('97', '1', '1', '404.gif', 'image', '464', '262', '342063', '2017-08-25 00:19:31', '2017-08-28 02:28:01', '2017-09-08 16:51:28', '0aa1c471-a142-4974-a71c-c6436a87861d'),
 ('112', '1', '1', 'projects-shape.svg', 'image', '825', '601', '622', '2017-09-08 16:11:07', '2017-08-28 02:28:08', '2017-09-08 16:51:45', '8c8d8d1f-e38c-4066-9eb0-691587acd2bd'),
 ('113', '1', '8', 'blockquote-bottom.svg', 'image', '1196', '295', '445', '2017-08-30 01:18:01', '2017-08-28 02:28:08', '2017-09-08 16:51:45', '4ef69b19-77e8-4e8d-81cd-836265777838'),
 ('114', '1', '8', 'blockquote-top.svg', 'image', '1198', '308', '440', '2017-08-30 01:18:06', '2017-08-28 02:28:08', '2017-09-08 16:51:45', '56823b1f-17fe-4262-8d3d-ef93b5dee579'),
 ('115', '1', '8', 'case-study-banner.svg', 'image', '1189', '197', '393', '2017-08-30 01:18:12', '2017-08-28 02:28:08', '2017-09-08 16:51:45', '511890d4-6a61-47ad-95f5-15fb2dad475a'),
 ('116', '1', '8', 'next-case-study.svg', 'image', '1200', '358', '451', '2017-08-30 01:18:19', '2017-08-28 02:28:08', '2017-09-08 16:51:45', '40bb8023-5a9b-4fe3-b16d-6c03351d93f3'),
 ('117', '1', '1', 'apple.png', 'image', '800', '800', '9194', '2017-08-30 01:15:35', '2017-08-28 02:28:51', '2017-09-08 16:51:39', 'c411196e-d135-4c90-9a72-ae8de3785155'),
 ('118', '1', '1', 'ebay.png', 'image', '1100', '480', '8256', '2017-08-30 01:15:24', '2017-08-28 02:28:52', '2017-09-08 16:51:40', 'b8360c07-1dac-4018-9774-e326753ee120'),
 ('119', '1', '1', 'google.png', 'image', '800', '800', '11269', '2017-08-30 01:27:19', '2017-08-28 02:28:52', '2017-09-08 16:51:40', '95951d9f-dd9d-43d4-a88e-05faff28d1ea'),
 ('120', '1', '1', 'instagram.png', 'image', '800', '800', '113455', '2017-08-30 01:27:15', '2017-08-28 02:28:53', '2017-09-08 16:51:42', '56418304-553e-4f68-a71c-cb9f43de7276'),
 ('121', '1', '1', 'june.png', 'image', '800', '748', '10874', '2017-08-30 01:27:10', '2017-08-28 02:28:53', '2017-09-08 16:51:43', '19fcaff0-bf87-4d59-9b72-7283fea46a74'),
 ('122', '1', '1', 'maps.png', 'image', '800', '800', '24586', '2017-09-08 16:14:46', '2017-08-28 02:28:54', '2017-09-08 16:51:43', 'bfa83c43-d9cc-4c4b-bba3-bbf83c0e8cf3'),
 ('123', '1', '1', 'mojo.png', 'image', '800', '780', '67185', '2017-08-30 01:27:15', '2017-08-28 02:28:54', '2017-09-08 16:51:44', 'aee7707e-fb90-4121-af2c-40d64790c2f4'),
 ('124', '1', '1', 'pandora.png', 'image', '800', '800', '18402', '2017-09-08 16:14:59', '2017-08-28 02:28:54', '2017-09-08 16:51:44', '86d401cc-0e77-4859-a330-80c4c5492435'),
 ('125', '1', '1', 'pinterest.png', 'image', '800', '800', '23082', '2017-08-30 01:27:32', '2017-08-28 02:28:54', '2017-09-08 16:51:44', 'ee0a56ca-9189-43bf-8b97-2a6757bdb013'),
 ('126', '1', '1', 'play.png', 'image', '800', '800', '15415', '2017-08-30 01:27:35', '2017-08-28 02:28:54', '2017-09-08 16:51:44', 'bdce6f00-14e8-4f12-b573-54a9ed8b87cd'),
 ('127', '1', '1', 'trip.png', 'image', '800', '461', '56044', '2017-08-30 01:27:45', '2017-08-28 02:28:55', '2017-09-08 16:51:46', 'a850118d-25c5-4b2a-8fe6-3dc38d356815'),
 ('128', '1', '1', 'unep.png', 'image', '800', '940', '51775', '2017-08-30 01:28:00', '2017-08-28 02:28:56', '2017-09-08 16:51:46', 'b5b5d2dd-40b6-406a-a088-4473563de216'),
 ('129', '1', '1', 'visa.png', 'image', '659', '202', '7609', '2017-08-30 01:27:35', '2017-08-28 02:28:56', '2017-09-08 16:51:47', '6df4e0d2-b497-4b93-b8f8-bb1c3996e23f'),
 ('130', '1', '1', 'wealthfront.png', 'image', '862', '862', '13596', '2017-09-08 16:15:51', '2017-08-28 02:28:56', '2017-09-08 16:51:47', '9c05a850-0ae9-46b8-a24b-9f2f5a66e967'),
 ('145', '1', '1', 'watsi.png', 'image', '375', '375', '4689', '2017-09-08 16:15:23', '2017-08-28 02:32:32', '2017-09-08 16:51:47', 'b7361de2-e76d-453d-afc1-8600fdb0304d'),
 ('152', '1', '1', 'IMG_3535.JPG', 'image', '1000', '750', '102905', '2017-09-08 16:43:32', '2017-08-30 22:33:04', '2017-09-08 16:51:36', '3e5cad0b-9bc1-40a4-8d76-94309c713382'),
 ('172', '1', '1', 'experiences-landing-page.jpg', 'image', '1168', '1997', '171342', '2017-09-08 16:12:18', '2017-08-30 22:40:45', '2017-09-08 16:51:40', 'ade6dae8-e770-4aab-bd49-15336a960066'),
 ('173', '1', '1', 'airbnb-trips.jpg', 'image', '2000', '1315', '238775', '2017-09-08 16:48:57', '2017-08-30 22:41:23', '2017-09-08 16:51:39', '0340776e-8222-4cf9-ba3f-1e9dd1bc38e4'),
 ('174', '1', '1', 'co-host-landing-page.jpg', 'image', '1174', '784', '81221', '2017-09-08 16:12:16', '2017-08-30 22:41:24', '2017-09-08 16:51:39', 'd33508b7-7af1-41be-9e8c-984addac1483'),
 ('175', '1', '1', 'host-experiences-landing-page.jpg', 'image', '1173', '2203', '169258', '2017-09-08 16:46:24', '2017-08-30 22:41:25', '2017-09-08 16:51:41', 'dc645c62-76f9-41ec-892f-00bc1f27bb88'),
 ('177', '1', '1', '1024x1024.jpg', 'image', '1024', '691', '79400', '2017-09-08 16:11:43', '2017-08-30 22:42:35', '2017-09-08 16:51:26', '1d7dfca9-05bd-4c4c-8dd5-488c52907aa6'),
 ('183', '1', '1', 'GG_saturated.jpg', 'image', '2000', '1333', '183365', '2017-09-08 16:46:43', '2017-09-03 23:47:46', '2017-09-08 16:51:30', 'dd3e2609-1ddb-4285-86de-d4b3f86dffd0'),
 ('187', '1', '1', 'JLP_1528small.jpg', 'image', '2000', '1333', '133257', '2017-09-08 16:39:51', '2017-09-04 00:26:12', '2017-09-08 16:51:38', '35efdb1c-4f04-4e9e-a623-0a20d04ac369'),
 ('190', '1', '1', 'IMG_3129.jpg', 'image', '2000', '1333', '125630', '2017-09-08 16:45:19', '2017-09-04 00:42:22', '2017-09-08 16:51:35', '9dabad49-920a-4112-9532-0176e4bad9fe'),
 ('191', '1', '1', 'instanbul-selects-60-copy.jpg', 'image', '2000', '1125', '47356', '2017-09-08 16:39:51', '2017-09-04 00:42:23', '2017-09-08 16:51:42', 'd90104b3-001e-4b6d-92f2-97d0dc894bc2'),
 ('192', '1', '1', 'instanbul-selects-72-copy.jpg', 'image', '2000', '1119', '115119', '2017-09-08 16:39:51', '2017-09-04 00:42:25', '2017-09-08 16:51:43', 'b4e1d87b-5265-4a5d-92be-a8b04717ba3b'),
 ('193', '1', '1', 'ROAD-TRIP-Selects-61-copy.jpg', 'image', '2000', '1333', '188944', '2017-09-08 16:41:54', '2017-09-04 00:42:28', '2017-09-08 16:51:38', '2890b1fe-daaf-471c-88f4-008c92750954'),
 ('194', '1', '1', 'VISA-Selects-22.jpg', 'image', '1000', '1000', '81844', '2017-09-08 16:39:51', '2017-09-04 00:42:30', '2017-09-08 16:51:38', '5ecb8820-3837-4634-9f5d-88c2f471b98e'),
 ('195', '1', '1', 'IMG_4298.JPG', 'image', '2000', '1125', '110334', '2017-09-08 16:39:50', '2017-09-04 00:44:43', '2017-09-08 16:51:36', 'bb90e68f-98fb-4d3c-99a3-fbd948aa3360'),
 ('196', '1', '1', 'IMG_7254.jpg', 'image', '1000', '1000', '61633', '2017-09-08 16:39:50', '2017-09-04 00:49:34', '2017-09-08 16:51:37', '346c8b52-e03b-4db0-8a9c-fc78200ce351'),
 ('197', '1', '1', 'IMG_7484.jpg', 'image', '1000', '1000', '68855', '2017-09-08 16:43:03', '2017-09-04 00:49:36', '2017-09-08 16:51:37', '1cddba49-b809-4370-bab9-e51f5c111001'),
 ('198', '1', '1', 'IMG_9387.jpg', 'image', '2000', '1333', '119542', '2017-09-08 16:42:47', '2017-09-04 00:49:38', '2017-09-08 16:51:37', '248c5960-bee8-4950-8488-b2514d72f7c1'),
 ('199', '1', '1', '1149437_756837537668995_571286320_o.jpg', 'image', '2000', '1334', '181595', '2017-09-08 16:39:44', '2017-09-04 01:04:18', '2017-09-08 16:51:26', 'ae605efc-8bde-4932-a113-5afa6e95cec7'),
 ('200', '1', '1', '33878182792_628a755edb_o-2.jpg', 'image', '2000', '1125', '139866', '2017-09-08 16:39:45', '2017-09-04 01:04:22', '2017-09-08 16:51:27', 'b91a081e-ab11-43c4-83e0-475d0a95d44c'),
 ('203', '1', '1', '33720586980_6d29cbc694_o.jpg', 'image', '2000', '1126', '86789', '2017-09-08 16:39:44', '2017-09-04 01:05:29', '2017-09-08 16:51:26', 'dd3b0819-afaa-47e9-a86f-26d937766373'),
 ('206', '1', '1', 'FullSizeRender.jpg', 'image', '2000', '1126', '172569', '2017-09-08 16:47:09', '2017-09-04 01:05:55', '2017-09-08 16:51:30', '1e725a2a-f0ed-460d-8124-ab14c2a82c29'),
 ('207', '1', '1', 'IMG_5005.JPG', 'image', '2000', '1125', '141053', '2017-09-08 16:39:50', '2017-09-04 01:05:58', '2017-09-08 16:51:37', 'a284bcf4-2d6e-4c12-9a7c-120378e72d32'),
 ('208', '1', '1', 'IG_bg.jpg', 'image', '2000', '1438', '64476', '2017-09-08 16:45:46', '2017-09-04 01:10:06', '2017-09-08 16:51:31', 'cfc95421-d5d2-4467-87eb-8b1f0b96b15c'),
 ('209', '1', '1', 'GG_cropped2.jpg', 'image', '1622', '949', '121904', '2017-09-08 16:46:51', '2017-09-04 01:18:46', '2017-09-08 16:51:30', '145b46d1-39bc-4a12-b44c-d1bb9672cecd'),
 ('210', '1', '1', '33878182202_6989bba734_oflipped.jpg', 'image', '2000', '1125', '157261', '2017-09-08 16:39:44', '2017-09-04 01:24:32', '2017-09-08 16:51:27', '795bdd1c-a55e-4076-a77b-e5e2ba74b627'),
 ('211', '1', '1', '33878182202_6989bba734_oflippedcropped.jpg', 'image', '2000', '1398', '118808', '2017-09-08 16:49:44', '2017-09-04 01:25:48', '2017-09-08 16:51:27', '8e0cef25-db67-48d2-8803-9f0f1285efdf'),
 ('212', '1', '1', 'dogpatch-studio-18.jpg', 'image', '2000', '1333', '153576', '2017-09-08 16:47:32', '2017-09-04 01:27:58', '2017-09-08 16:51:40', 'e17372b7-c08e-4b1f-9c24-7dd23529f3c8'),
 ('213', '1', '1', 'under-ze-bay-bridge-3.jpg', 'image', '2000', '1333', '219114', '2017-09-08 16:39:52', '2017-09-04 01:31:20', '2017-09-08 16:51:46', '4ed6cc57-c89a-4c57-898d-112047fa8881'),
 ('214', '1', '1', 'IG_bg_5.jpg', 'image', '2000', '1224', '34141', '2017-09-08 16:39:48', '2017-09-04 01:39:01', '2017-09-08 16:51:33', 'c67febc1-bfbc-440f-8ce5-f3b28ffbe6f3'),
 ('215', '1', '1', 'IG_bg_6.jpg', 'image', '2000', '1019', '35671', '2017-09-08 16:39:48', '2017-09-04 01:46:03', '2017-09-08 16:51:33', '05f60114-83d5-48d3-8054-c6a2cae454ee'),
 ('216', '1', '1', 'IG_bg_7.jpg', 'image', '2000', '1094', '39367', '2017-09-08 16:39:48', '2017-09-04 01:47:31', '2017-09-08 16:51:33', 'de3de973-e9fa-449d-a4f7-a739b52e0dda'),
 ('218', '1', '1', 'IG_bg_8.jpg', 'image', '2000', '1156', '159830', '2017-09-08 16:39:49', '2017-09-04 01:55:02', '2017-09-08 16:51:33', 'a38f1e97-6575-47dd-8ea5-5256bafba57c'),
 ('219', '1', '1', 'IG_bg_9.jpg', 'image', '2000', '1237', '197974', '2017-09-08 16:46:01', '2017-09-04 01:56:10', '2017-09-08 16:51:34', '297afdab-9b08-4973-b66a-19c522d6e2e2'),
 ('222', '1', '1', '33878360982_5c8a10ee20_o.jpg', 'image', '2000', '1127', '263374', '2017-09-08 16:49:25', '2017-09-08 16:51:27', '2017-09-08 16:51:27', 'b5d20780-7598-475e-a957-c376c60147e5'),
 ('223', '1', '1', '33994545276_378f881bc9_o.jpg', 'image', '2000', '1125', '82058', '2017-09-08 16:39:45', '2017-09-08 16:51:28', '2017-09-08 16:51:28', '23d97114-3d4e-407d-812a-a0a6bda2b815'),
 ('224', '1', '1', 'AMI6820.jpg', 'image', '2000', '1360', '122931', '2017-09-08 16:48:49', '2017-09-08 16:51:28', '2017-09-08 16:51:28', '0d5ad484-8720-460d-b0f7-fb86c9a241a6'),
 ('225', '1', '1', 'AMI6824.jpg', 'image', '2000', '1333', '103249', '2017-09-08 16:48:39', '2017-09-08 16:51:28', '2017-09-08 16:51:28', '530d11c8-eda3-4501-b57b-3db80c12cc9c'),
 ('226', '1', '1', 'AMI6831.jpg', 'image', '2000', '1333', '107133', '2017-09-08 16:48:33', '2017-09-08 16:51:28', '2017-09-08 16:51:28', '7c23850f-4e41-4f1b-a11e-be58920b762d'),
 ('227', '1', '1', 'Copy-of-Screen-Shot-2016-12-06-at-2.49.05-PM.jpg', 'image', '1700', '958', '106191', '2017-09-08 16:47:46', '2017-09-08 16:51:30', '2017-09-08 16:51:30', '6aed451a-9b23-4af6-bc42-1c1506360b0e'),
 ('228', '1', '1', 'GettyImages-565976431.jpg', 'image', '1800', '1200', '215470', '2017-09-08 16:47:01', '2017-09-08 16:51:30', '2017-09-08 16:51:31', 'c52b73ca-846c-4af6-a628-a25012f09b8c'),
 ('229', '1', '1', 'IG_bg_2.jpg', 'image', '2000', '1111', '35366', '2017-09-08 16:39:48', '2017-09-08 16:51:31', '2017-09-08 16:51:31', 'e2f8c3a4-857c-452e-bf0b-1980f40e7a41'),
 ('230', '1', '1', 'IG_bg_3.jpg', 'image', '2000', '1111', '36333', '2017-09-08 16:39:48', '2017-09-08 16:51:31', '2017-09-08 16:51:31', 'ac92024c-e694-4184-936e-f62b5860e26b'),
 ('231', '1', '1', 'IG_bg_3_170904_000845.jpg', 'image', '2000', '1111', '36333', '2017-09-08 16:39:47', '2017-09-08 16:51:31', '2017-09-08 16:51:31', 'e8ea5eaa-4ace-4fe7-8ea0-34292f6f4558'),
 ('232', '1', '1', 'IG_bg_3_170904_001217.jpg', 'image', '2000', '1111', '36333', '2017-09-08 16:39:47', '2017-09-08 16:51:32', '2017-09-08 16:51:32', '821fc027-20dd-482c-9480-322eef137f17'),
 ('233', '1', '1', 'IG_bg_3_170904_002021.jpg', 'image', '2000', '1111', '36333', '2017-09-08 16:39:48', '2017-09-08 16:51:32', '2017-09-08 16:51:32', 'e1b5954e-c9b2-4317-9ef5-4880229ba77e'),
 ('234', '1', '1', 'IG_bg_3_170904_002249.jpg', 'image', '2000', '1111', '36333', '2017-09-08 16:39:48', '2017-09-08 16:51:32', '2017-09-08 16:51:32', '3daa4347-6f0e-42db-98fa-0f77d1cfad45'),
 ('235', '1', '1', 'IG_bg_4.jpg', 'image', '2000', '1111', '36333', '2017-09-08 16:39:48', '2017-09-08 16:51:32', '2017-09-08 16:51:32', 'ce797609-86ee-4b32-8122-32e4a2683558'),
 ('236', '1', '1', 'IG_bg_4_170904_003511.jpg', 'image', '2000', '1111', '36333', '2017-09-08 16:39:48', '2017-09-08 16:51:32', '2017-09-08 16:51:33', '154f6986-48c1-4837-9e91-43454c70ec74'),
 ('237', '1', '1', 'IMG_3515.JPG', 'image', '2000', '1500', '160515', '2017-09-08 16:45:08', '2017-09-08 16:51:35', '2017-09-08 16:51:35', '26a563ee-0ee5-40ee-a89e-30e01a6a2df9'),
 ('238', '1', '1', 'IMG_3517.JPG', 'image', '2000', '1500', '180284', '2017-09-08 16:44:59', '2017-09-08 16:51:35', '2017-09-08 16:51:35', '6b0da624-a7eb-4aca-aab5-1fef3eec3cf0'),
 ('239', '1', '1', 'IMG_3528.JPG', 'image', '2000', '1500', '218173', '2017-09-08 16:44:41', '2017-09-08 16:51:35', '2017-09-08 16:51:36', 'dc0e5bd3-3c98-40a5-8463-db40dbb930a2');
INSERT INTO `craft_assetfiles` (`id`, `sourceId`, `folderId`, `filename`, `kind`, `width`, `height`, `size`, `dateModified`, `dateCreated`, `dateUpdated`, `uid`) VALUES
 ('240', '1', '1', 'IMG_3532.JPG', 'image', '2000', '1500', '197186', '2017-09-08 16:44:07', '2017-09-08 16:51:36', '2017-09-08 16:51:36', 'c4e3d92b-4937-4aef-b622-919733a038f0'),
 ('241', '1', '1', 'IMG_3533.JPG', 'image', '2000', '1500', '220380', '2017-09-08 16:43:55', '2017-09-08 16:51:36', '2017-09-08 16:51:36', 'b8b30eff-a5f4-40a5-9209-930852165e47'),
 ('242', '1', '1', 'Screen-Shot-2017-08-25-at-11.49.26-AM.jpg', 'image', '988', '516', '19818', '2017-09-08 16:39:51', '2017-09-08 16:51:38', '2017-09-08 16:51:38', '23025dc2-403f-4331-bc4c-baae5009c438'),
 ('243', '1', '1', 'Screen-Shot-2017-09-03-at-5.35.49-PM.jpg', 'image', '2000', '1100', '33294', '2017-09-08 16:39:51', '2017-09-08 16:51:38', '2017-09-08 16:51:38', '17551004-cafb-4f1b-adee-32deaf904745'),
 ('244', '1', '1', 'airbnb-poster-header.jpg', 'image', '1298', '543', '100068', '2017-09-08 16:12:12', '2017-09-08 16:51:38', '2017-09-08 16:51:39', '50a1785c-801b-475d-a991-804c312c3f69'),
 ('245', '1', '1', 'connectivity_1.JPG', 'image', '1660', '934', '107543', '2017-09-08 16:47:53', '2017-09-08 16:51:39', '2017-09-08 16:51:39', '82a29c3a-b74b-4974-9f74-807e106899c3'),
 ('246', '1', '1', 'connectivity_2.jpg', 'image', '2000', '1125', '126616', '2017-09-08 16:39:46', '2017-09-08 16:51:39', '2017-09-08 16:51:40', 'd90fb16b-6319-4d3f-b796-f0c7562914e5'),
 ('247', '1', '1', 'hp-image.jpg', 'image', '1440', '809', '85997', '2017-08-30 01:29:23', '2017-09-08 16:51:41', '2017-09-08 16:51:41', '40e969ac-9aed-4022-9079-a7d7221f6a82'),
 ('248', '1', '1', 'hp.mp4', 'video', NULL, NULL, '979098', '2017-09-08 16:23:58', '2017-09-08 16:51:41', '2017-09-08 16:51:41', 'fe4fb1d4-80e7-4538-83ff-1d5f5ce0abde'),
 ('249', '1', '8', 'projects-shape.svg', 'image', '825', '601', '457', '2017-08-30 01:18:25', '2017-09-08 16:51:45', '2017-09-08 16:51:45', '46341fdc-fd7d-40d9-93c7-d1717a13d2d0'),
 ('250', '1', '1', 'yFwa_Sjd.jpg', 'image', '400', '400', '17981', '2017-09-08 16:15:18', '2017-09-08 16:51:47', '2017-09-08 16:51:47', '08d951c4-c526-427d-a5bc-b9f2dc9b1d84');



DROP TABLE IF EXISTS `craft_assetfolders`;


--
-- Schema for table `craft_assetfolders`
--
CREATE TABLE `craft_assetfolders` (
  `id` int(11) NOT NULL AUTO_INCREMENT,
  `parentId` int(11) DEFAULT NULL,
  `sourceId` int(11) DEFAULT NULL,
  `name` varchar(255) COLLATE utf8_unicode_ci NOT NULL,
  `path` varchar(255) COLLATE utf8_unicode_ci DEFAULT NULL,
  `dateCreated` datetime NOT NULL,
  `dateUpdated` datetime NOT NULL,
  `uid` char(36) COLLATE utf8_unicode_ci NOT NULL DEFAULT '0',
  PRIMARY KEY (`id`),
  UNIQUE KEY `craft_assetfolders_name_parentId_sourceId_unq_idx` (`name`,`parentId`,`sourceId`),
  KEY `craft_assetfolders_parentId_fk` (`parentId`),
  KEY `craft_assetfolders_sourceId_fk` (`sourceId`)
) ENGINE=InnoDB AUTO_INCREMENT=12 DEFAULT CHARSET=utf8 COLLATE=utf8_unicode_ci;

--
-- Data for table `craft_assetfolders`
--

INSERT INTO `craft_assetfolders` (`id`, `parentId`, `sourceId`, `name`, `path`, `dateCreated`, `dateUpdated`, `uid`) VALUES
 ('1', NULL, '1', 'Images', '', '2017-08-16 01:48:23', '2017-08-16 01:48:23', 'e2410eab-b474-4f34-bcbd-4dfc1e93abcb'),
 ('5', '1', '1', 'icons', 'icons/', '2017-08-16 02:02:01', '2017-08-16 02:02:01', '879fbd16-0bc5-4765-ad53-7a7db75cf6d6'),
 ('8', '1', '1', 'shapes', 'shapes/', '2017-08-16 02:02:01', '2017-08-16 02:02:01', '18133a24-e88f-4300-addd-ef7dc1c8eeb8'),
 ('9', NULL, NULL, 'Temporary source', NULL, '2017-08-16 02:02:45', '2017-08-16 02:02:45', '73a27062-0ade-4365-9195-448019c41161'),
 ('10', '9', NULL, 'user_1', 'user_1/', '2017-08-16 02:02:45', '2017-08-16 02:02:45', '5d9f9189-e0ba-4d56-85f6-2b7713f7d9ca'),
 ('11', '10', NULL, 'field_3', 'user_1/field_3/', '2017-08-16 02:02:45', '2017-08-16 02:02:45', '14f60139-c411-4d94-9d49-3ade1e61f4c1');



DROP TABLE IF EXISTS `craft_assetindexdata`;


--
-- Schema for table `craft_assetindexdata`
--
CREATE TABLE `craft_assetindexdata` (
  `id` int(11) NOT NULL AUTO_INCREMENT,
  `sessionId` varchar(36) COLLATE utf8_unicode_ci NOT NULL DEFAULT '',
  `sourceId` int(10) NOT NULL,
  `offset` int(10) NOT NULL,
  `uri` varchar(255) COLLATE utf8_unicode_ci DEFAULT NULL,
  `size` varchar(255) COLLATE utf8_unicode_ci DEFAULT NULL,
  `recordId` int(10) DEFAULT NULL,
  `dateCreated` datetime NOT NULL,
  `dateUpdated` datetime NOT NULL,
  `uid` char(36) COLLATE utf8_unicode_ci NOT NULL DEFAULT '0',
  PRIMARY KEY (`id`),
  UNIQUE KEY `craft_assetindexdata_sessionId_sourceId_offset_unq_idx` (`sessionId`,`sourceId`,`offset`),
  KEY `craft_assetindexdata_sourceId_fk` (`sourceId`)
) ENGINE=InnoDB DEFAULT CHARSET=utf8 COLLATE=utf8_unicode_ci;

DROP TABLE IF EXISTS `craft_assetsources`;


--
-- Schema for table `craft_assetsources`
--
CREATE TABLE `craft_assetsources` (
  `id` int(11) NOT NULL AUTO_INCREMENT,
  `name` varchar(255) COLLATE utf8_unicode_ci NOT NULL,
  `handle` varchar(255) COLLATE utf8_unicode_ci NOT NULL,
  `type` varchar(150) COLLATE utf8_unicode_ci NOT NULL,
  `settings` text COLLATE utf8_unicode_ci,
  `sortOrder` smallint(6) unsigned DEFAULT NULL,
  `fieldLayoutId` int(10) DEFAULT NULL,
  `dateCreated` datetime NOT NULL,
  `dateUpdated` datetime NOT NULL,
  `uid` char(36) COLLATE utf8_unicode_ci NOT NULL DEFAULT '0',
  PRIMARY KEY (`id`),
  UNIQUE KEY `craft_assetsources_name_unq_idx` (`name`),
  UNIQUE KEY `craft_assetsources_handle_unq_idx` (`handle`),
  KEY `craft_assetsources_fieldLayoutId_fk` (`fieldLayoutId`)
) ENGINE=InnoDB AUTO_INCREMENT=2 DEFAULT CHARSET=utf8 COLLATE=utf8_unicode_ci;

--
-- Data for table `craft_assetsources`
--

INSERT INTO `craft_assetsources` (`id`, `name`, `handle`, `type`, `settings`, `sortOrder`, `fieldLayoutId`, `dateCreated`, `dateUpdated`, `uid`) VALUES
 ('1', 'Images', 'images', 'Local', '{\"path\":\"assets\\/img\\/\",\"publicURLs\":\"1\",\"url\":\"assets\\/img\\/\"}', '1', '11', '2017-08-16 01:48:23', '2017-08-16 02:01:55', '78d40f3a-81d1-47cb-a68d-3b776e748ea9');



DROP TABLE IF EXISTS `craft_assettransformindex`;


--
-- Schema for table `craft_assettransformindex`
--
CREATE TABLE `craft_assettransformindex` (
  `id` int(11) NOT NULL AUTO_INCREMENT,
  `fileId` int(11) NOT NULL,
  `filename` varchar(255) COLLATE utf8_unicode_ci DEFAULT NULL,
  `format` varchar(255) COLLATE utf8_unicode_ci DEFAULT NULL,
  `location` varchar(255) COLLATE utf8_unicode_ci NOT NULL,
  `sourceId` int(11) DEFAULT NULL,
  `fileExists` tinyint(1) DEFAULT NULL,
  `inProgress` tinyint(1) DEFAULT NULL,
  `dateIndexed` datetime DEFAULT NULL,
  `dateCreated` datetime NOT NULL,
  `dateUpdated` datetime NOT NULL,
  `uid` char(36) COLLATE utf8_unicode_ci NOT NULL DEFAULT '0',
  PRIMARY KEY (`id`),
  KEY `craft_assettransformindex_sourceId_fileId_location_idx` (`sourceId`,`fileId`,`location`)
) ENGINE=InnoDB DEFAULT CHARSET=utf8 COLLATE=utf8_unicode_ci;

DROP TABLE IF EXISTS `craft_assettransforms`;


--
-- Schema for table `craft_assettransforms`
--
CREATE TABLE `craft_assettransforms` (
  `id` int(11) NOT NULL AUTO_INCREMENT,
  `name` varchar(255) COLLATE utf8_unicode_ci NOT NULL,
  `handle` varchar(255) COLLATE utf8_unicode_ci NOT NULL,
  `mode` enum('stretch','fit','crop') COLLATE utf8_unicode_ci NOT NULL DEFAULT 'crop',
  `position` enum('top-left','top-center','top-right','center-left','center-center','center-right','bottom-left','bottom-center','bottom-right') COLLATE utf8_unicode_ci NOT NULL DEFAULT 'center-center',
  `height` int(10) DEFAULT NULL,
  `width` int(10) DEFAULT NULL,
  `format` varchar(255) COLLATE utf8_unicode_ci DEFAULT NULL,
  `quality` int(10) DEFAULT NULL,
  `dimensionChangeTime` datetime DEFAULT NULL,
  `dateCreated` datetime NOT NULL,
  `dateUpdated` datetime NOT NULL,
  `uid` char(36) COLLATE utf8_unicode_ci NOT NULL DEFAULT '0',
  PRIMARY KEY (`id`),
  UNIQUE KEY `craft_assettransforms_name_unq_idx` (`name`),
  UNIQUE KEY `craft_assettransforms_handle_unq_idx` (`handle`)
) ENGINE=InnoDB DEFAULT CHARSET=utf8 COLLATE=utf8_unicode_ci;

DROP TABLE IF EXISTS `craft_categories`;


--
-- Schema for table `craft_categories`
--
CREATE TABLE `craft_categories` (
  `id` int(11) NOT NULL,
  `groupId` int(11) NOT NULL,
  `dateCreated` datetime NOT NULL,
  `dateUpdated` datetime NOT NULL,
  `uid` char(36) COLLATE utf8_unicode_ci NOT NULL DEFAULT '0',
  PRIMARY KEY (`id`),
  KEY `craft_categories_groupId_fk` (`groupId`)
) ENGINE=InnoDB DEFAULT CHARSET=utf8 COLLATE=utf8_unicode_ci;

DROP TABLE IF EXISTS `craft_categorygroups`;


--
-- Schema for table `craft_categorygroups`
--
CREATE TABLE `craft_categorygroups` (
  `id` int(11) NOT NULL AUTO_INCREMENT,
  `structureId` int(11) NOT NULL,
  `fieldLayoutId` int(11) DEFAULT NULL,
  `name` varchar(255) COLLATE utf8_unicode_ci NOT NULL,
  `handle` varchar(255) COLLATE utf8_unicode_ci NOT NULL,
  `hasUrls` tinyint(1) unsigned NOT NULL DEFAULT '1',
  `template` varchar(500) COLLATE utf8_unicode_ci DEFAULT NULL,
  `dateCreated` datetime NOT NULL,
  `dateUpdated` datetime NOT NULL,
  `uid` char(36) COLLATE utf8_unicode_ci NOT NULL DEFAULT '0',
  PRIMARY KEY (`id`),
  UNIQUE KEY `craft_categorygroups_name_unq_idx` (`name`),
  UNIQUE KEY `craft_categorygroups_handle_unq_idx` (`handle`),
  KEY `craft_categorygroups_structureId_fk` (`structureId`),
  KEY `craft_categorygroups_fieldLayoutId_fk` (`fieldLayoutId`)
) ENGINE=InnoDB DEFAULT CHARSET=utf8 COLLATE=utf8_unicode_ci;

DROP TABLE IF EXISTS `craft_categorygroups_i18n`;


--
-- Schema for table `craft_categorygroups_i18n`
--
CREATE TABLE `craft_categorygroups_i18n` (
  `id` int(11) NOT NULL AUTO_INCREMENT,
  `groupId` int(11) NOT NULL,
  `locale` char(12) COLLATE utf8_unicode_ci NOT NULL,
  `urlFormat` text COLLATE utf8_unicode_ci,
  `nestedUrlFormat` text COLLATE utf8_unicode_ci,
  `dateCreated` datetime NOT NULL,
  `dateUpdated` datetime NOT NULL,
  `uid` char(36) COLLATE utf8_unicode_ci NOT NULL DEFAULT '0',
  PRIMARY KEY (`id`),
  UNIQUE KEY `craft_categorygroups_i18n_groupId_locale_unq_idx` (`groupId`,`locale`),
  KEY `craft_categorygroups_i18n_locale_fk` (`locale`)
) ENGINE=InnoDB DEFAULT CHARSET=utf8 COLLATE=utf8_unicode_ci;

DROP TABLE IF EXISTS `craft_content`;


--
-- Schema for table `craft_content`
--
CREATE TABLE `craft_content` (
  `id` int(11) NOT NULL AUTO_INCREMENT,
  `elementId` int(11) NOT NULL,
  `locale` char(12) COLLATE utf8_unicode_ci NOT NULL,
  `title` varchar(255) COLLATE utf8_unicode_ci DEFAULT NULL,
  `field_body` text COLLATE utf8_unicode_ci,
  `field_headingParagraph` text COLLATE utf8_unicode_ci,
  `field_introParagraph` text COLLATE utf8_unicode_ci,
  `field_color` char(7) COLLATE utf8_unicode_ci DEFAULT NULL,
  `field_horizontalPosition` varchar(255) COLLATE utf8_unicode_ci DEFAULT NULL,
  `field_verticalPosition` varchar(255) COLLATE utf8_unicode_ci DEFAULT NULL,
  `field_clientCopy` text COLLATE utf8_unicode_ci,
  `field_logoGradientColor1` char(7) COLLATE utf8_unicode_ci DEFAULT NULL,
  `field_logoGradientColor2` char(7) COLLATE utf8_unicode_ci DEFAULT NULL,
  `field_vimeoVideoId` text COLLATE utf8_unicode_ci,
  `dateCreated` datetime NOT NULL,
  `dateUpdated` datetime NOT NULL,
  `uid` char(36) COLLATE utf8_unicode_ci NOT NULL DEFAULT '0',
  PRIMARY KEY (`id`),
  UNIQUE KEY `craft_content_elementId_locale_unq_idx` (`elementId`,`locale`),
  KEY `craft_content_title_idx` (`title`),
  KEY `craft_content_locale_fk` (`locale`)
) ENGINE=InnoDB AUTO_INCREMENT=163 DEFAULT CHARSET=utf8 COLLATE=utf8_unicode_ci;

--
-- Data for table `craft_content`
--

INSERT INTO `craft_content` (`id`, `elementId`, `locale`, `title`, `field_body`, `field_headingParagraph`, `field_introParagraph`, `field_color`, `field_horizontalPosition`, `field_verticalPosition`, `field_clientCopy`, `field_logoGradientColor1`, `field_logoGradientColor2`, `field_vimeoVideoId`, `dateCreated`, `dateUpdated`, `uid`) VALUES
 ('1', '1', 'en_us', NULL, NULL, NULL, NULL, NULL, NULL, NULL, NULL, NULL, NULL, NULL, '2017-08-14 03:05:13', '2017-08-14 03:05:13', '36ee235a-5276-4668-adea-6884ee97115a'),
 ('2', '2', 'en_us', 'Homepage', '<p>A creative partner for brands ready to move at the speed of inspiration.</p>', NULL, NULL, '#e8930a', NULL, NULL, 'We\'ve worked with some of the best teams in the world, and are proud to call these clients our partners and friends', '#f62944', '#feae5a', '153553082', '2017-08-14 03:05:16', '2017-09-28 01:04:09', '7d9a5321-af46-4bdd-8a94-14d891da173d'),
 ('4', '4', 'en_us', 'Airbnb', '<p>bb</p>', '<p><strong>The campaign that <em>“</em><em>brought the house down</em><em>”</em> at <a href=\"{entry:4:url}\">Airbnb</a>.</strong></p>', '', '#fd5b5b', 'center', 'center', NULL, NULL, NULL, NULL, '2017-08-14 03:20:48', '2017-09-26 01:42:55', '5e260898-ea81-4c92-9cd7-d106a376c66d'),
 ('11', '11', 'en_us', 'Example', NULL, NULL, NULL, NULL, NULL, NULL, NULL, NULL, NULL, NULL, '2017-08-16 02:02:02', '2017-09-08 16:51:40', '522feabd-af78-4371-a9da-e564b31b0217'),
 ('13', '13', 'en_us', 'Arrow Left', NULL, NULL, NULL, NULL, NULL, NULL, NULL, NULL, NULL, NULL, '2017-08-16 02:02:02', '2017-09-08 16:51:41', 'e935ecd1-3533-4e4b-8887-a4e58e5da99e'),
 ('14', '14', 'en_us', 'Arrow Right', NULL, NULL, NULL, NULL, NULL, NULL, NULL, NULL, NULL, NULL, '2017-08-16 02:02:03', '2017-09-08 16:51:41', '81a8b103-ca90-487b-931b-636e0dc0e1b6'),
 ('15', '15', 'en_us', 'Facebook', NULL, NULL, NULL, NULL, NULL, NULL, NULL, NULL, NULL, NULL, '2017-08-16 02:02:03', '2017-09-08 16:51:41', '6853b1f2-d245-4449-8a34-e6e2b081d271'),
 ('16', '16', 'en_us', 'Instagram', NULL, NULL, NULL, NULL, NULL, NULL, NULL, NULL, NULL, NULL, '2017-08-16 02:02:03', '2017-09-08 16:51:42', '208d754a-9a81-4830-9606-cd4382479934'),
 ('17', '17', 'en_us', 'Mail', NULL, NULL, NULL, NULL, NULL, NULL, NULL, NULL, NULL, NULL, '2017-08-16 02:02:03', '2017-09-08 16:51:42', '21a4fa9b-2c55-4581-b070-9f4cc6fb9d9d'),
 ('18', '18', 'en_us', 'Twitter', NULL, NULL, NULL, NULL, NULL, NULL, NULL, NULL, NULL, NULL, '2017-08-16 02:02:03', '2017-09-08 16:51:42', '0ce5bf0b-9eca-4dc9-ac1a-a270c821f004'),
 ('19', '19', 'en_us', 'Jazmin Quaynor 35847', NULL, NULL, NULL, NULL, NULL, NULL, NULL, NULL, NULL, NULL, '2017-08-16 02:02:03', '2017-09-08 16:51:43', 'f75b95b2-1acb-46fa-be4a-99b779e855af'),
 ('20', '20', 'en_us', 'Lukas Robertson 191319', NULL, NULL, NULL, NULL, NULL, NULL, NULL, NULL, NULL, NULL, '2017-08-16 02:02:03', '2017-09-08 16:51:43', 'd5061290-93d3-464d-aab9-9548294bd92a'),
 ('21', '21', 'en_us', 'Photo 1496389294434 C84A4Ebe3A08', NULL, NULL, NULL, NULL, NULL, NULL, NULL, NULL, NULL, NULL, '2017-08-16 02:02:04', '2017-09-08 16:51:44', 'f9327051-7380-4eb8-9f45-20f3d2d609bc'),
 ('23', '23', 'en_us', 'Slide 1', NULL, NULL, NULL, NULL, NULL, NULL, NULL, NULL, NULL, NULL, '2017-08-16 02:02:04', '2017-09-08 16:51:45', 'ddc7d935-841b-46b1-9a61-f76840bc65f9'),
 ('24', '24', 'en_us', 'Slide 2', NULL, NULL, NULL, NULL, NULL, NULL, NULL, NULL, NULL, NULL, '2017-08-16 02:02:04', '2017-09-08 16:51:46', '381aed04-5932-457b-82e7-18b6b653b64a'),
 ('25', '25', 'en_us', 'Slide Intro', NULL, NULL, NULL, NULL, NULL, NULL, NULL, NULL, NULL, NULL, '2017-08-16 02:02:04', '2017-09-08 16:51:46', 'ba463929-729b-43e9-ad60-bfe8519e8130'),
 ('28', '28', 'en_us', 'Philz Coffee', '<p>d</p>', '<p>We cold called <a href=\"{entry:28:url}\">Philz Coffee</a> to complain about their logo, and they let us do a rebrand.</p>', 'This is an intro paragraph', '#00b4ae', 'center', 'center', NULL, NULL, NULL, NULL, '2017-08-16 03:18:26', '2017-09-17 19:29:36', '9397db1a-4f02-497e-b992-c1b048b81729'),
 ('29', '29', 'en_us', '33877889442 Be0E2F82F0 O', NULL, NULL, NULL, NULL, NULL, NULL, NULL, NULL, NULL, NULL, '2017-08-16 03:18:36', '2017-09-08 16:51:26', '4876e4f6-b63f-4524-a19b-6b9eb88548d0'),
 ('30', '30', 'en_us', 'Slide 3', NULL, NULL, NULL, NULL, NULL, NULL, NULL, NULL, NULL, NULL, '2017-08-16 03:18:40', '2017-09-08 16:51:46', 'cc1eade9-a8c1-42b9-9aca-3dd48f114aee'),
 ('32', '56', 'en_us', 'Bh9 A2986', NULL, NULL, NULL, NULL, NULL, NULL, NULL, NULL, NULL, NULL, '2017-08-20 01:44:55', '2017-09-08 16:51:29', 'abd14e2f-6da4-4031-8601-042a45c84732'),
 ('33', '57', 'en_us', 'Bh9 A2533', NULL, NULL, NULL, NULL, NULL, NULL, NULL, NULL, NULL, NULL, '2017-08-20 01:44:55', '2017-09-08 16:51:29', '50ee8bec-3c88-4ab5-a924-25867b33e364'),
 ('34', '58', 'en_us', 'Img 0968', NULL, NULL, NULL, NULL, NULL, NULL, NULL, NULL, NULL, NULL, '2017-08-20 01:44:57', '2017-09-08 16:51:34', '677b5ff0-6881-47fd-ae5f-9b0b6b019076'),
 ('35', '59', 'en_us', 'Img 0970', NULL, NULL, NULL, NULL, NULL, NULL, NULL, NULL, NULL, NULL, '2017-08-20 01:44:57', '2017-09-08 16:51:34', 'e2e0a12c-fa08-4010-91d1-e22a6ca27794'),
 ('36', '60', 'en_us', 'Img 0972', NULL, NULL, NULL, NULL, NULL, NULL, NULL, NULL, NULL, NULL, '2017-08-20 01:44:57', '2017-09-08 16:51:34', '0bf4d82c-01ef-448c-b7e7-38d0a1e51402'),
 ('37', '61', 'en_us', 'Img 0978', NULL, NULL, NULL, NULL, NULL, NULL, NULL, NULL, NULL, NULL, '2017-08-20 01:44:57', '2017-09-08 16:51:34', '0a35068b-522d-49e6-8a84-8d6ca78e3b40'),
 ('38', '62', 'en_us', 'Img 0979', NULL, NULL, NULL, NULL, NULL, NULL, NULL, NULL, NULL, NULL, '2017-08-20 01:44:57', '2017-09-08 16:51:35', 'b19600c6-ee34-494c-a999-4c3da75a7637'),
 ('40', '70', 'en_us', 'Bh9 A2923', NULL, NULL, NULL, NULL, NULL, NULL, NULL, NULL, NULL, NULL, '2017-08-20 01:53:06', '2017-09-08 16:51:29', '361c27bd-eb4b-427c-af00-341fcf0f0fb7'),
 ('41', '71', 'en_us', 'Bh9 A2991', NULL, NULL, NULL, NULL, NULL, NULL, NULL, NULL, NULL, NULL, '2017-08-20 01:53:06', '2017-09-08 16:51:29', '6ce2fdc0-fa99-41cc-9344-26a8823a9f60'),
 ('42', '72', 'en_us', 'Bh9 A2998', NULL, NULL, NULL, NULL, NULL, NULL, NULL, NULL, NULL, NULL, '2017-08-20 01:53:06', '2017-09-08 16:51:29', '85b7f4ba-1c7e-47ea-b597-694f3bdd2d14'),
 ('43', '73', 'en_us', 'Bh9 A3437', NULL, NULL, NULL, NULL, NULL, NULL, NULL, NULL, NULL, NULL, '2017-08-20 01:57:55', '2017-09-08 16:51:29', 'c15bd1e9-93ad-4bb3-abea-817003611797'),
 ('44', '74', 'en_us', 'Bh9 A3027', NULL, NULL, NULL, NULL, NULL, NULL, NULL, NULL, NULL, NULL, '2017-08-20 02:22:00', '2017-09-08 16:51:29', 'ef9aa65e-2d85-44e3-989f-271ba75be0bb'),
 ('45', '75', 'en_us', NULL, NULL, NULL, NULL, NULL, NULL, NULL, NULL, NULL, NULL, NULL, '2017-08-21 23:30:12', '2017-08-22 00:46:30', '6ef312e3-95f2-4f52-81c4-55039342a853'),
 ('46', '76', 'en_us', '33878182202 6989Bba734 O', NULL, NULL, NULL, NULL, NULL, NULL, NULL, NULL, NULL, NULL, '2017-08-22 01:20:46', '2017-09-08 16:51:27', '770ae5f2-b704-4210-97c3-fbacf14d8709'),
 ('47', '77', 'en_us', 'Instagram', NULL, '<p><strong><strong>We backpacked around the globe to shoot a series for</strong> </strong><a href=\"{entry:77:url}\"></a><a href=\"{entry:77:url}\">Instagram</a>.</p>', '', '#4463e4', 'center', 'bottom', NULL, NULL, NULL, NULL, '2017-08-22 01:21:22', '2017-09-26 01:48:42', 'bf8a7b19-76b0-49d9-83b8-470d8328ab4e'),
 ('48', '96', 'en_us', 'film', NULL, NULL, NULL, NULL, NULL, NULL, NULL, NULL, NULL, NULL, '2017-08-27 21:54:25', '2017-08-27 21:54:25', 'c28da317-bfab-4693-810c-1e908f7db5a7'),
 ('49', '97', 'en_us', '404', NULL, NULL, NULL, NULL, NULL, NULL, NULL, NULL, NULL, NULL, '2017-08-28 02:28:01', '2017-09-08 16:51:28', '08ff4d7a-6b9d-4c35-a776-a485e90bb596'),
 ('64', '112', 'en_us', 'Projects Shape', NULL, NULL, NULL, NULL, NULL, NULL, NULL, NULL, NULL, NULL, '2017-08-28 02:28:08', '2017-09-08 16:51:44', 'bfff525a-c8de-4b6b-9cb1-15c10fcbf9ea'),
 ('65', '113', 'en_us', 'Blockquote Bottom', NULL, NULL, NULL, NULL, NULL, NULL, NULL, NULL, NULL, NULL, '2017-08-28 02:28:08', '2017-09-08 16:51:45', '55db0d19-28f2-41d4-82f7-ed813326b301'),
 ('66', '114', 'en_us', 'Blockquote Top', NULL, NULL, NULL, NULL, NULL, NULL, NULL, NULL, NULL, NULL, '2017-08-28 02:28:08', '2017-09-08 16:51:45', 'abf2bd6d-ed32-4db1-974a-751405a287e0'),
 ('67', '115', 'en_us', 'Case Study Banner', NULL, NULL, NULL, NULL, NULL, NULL, NULL, NULL, NULL, NULL, '2017-08-28 02:28:08', '2017-09-08 16:51:45', '83355eb6-0a04-4694-a086-acd822e5eedf'),
 ('68', '116', 'en_us', 'Next Case Study', NULL, NULL, NULL, NULL, NULL, NULL, NULL, NULL, NULL, NULL, '2017-08-28 02:28:08', '2017-09-08 16:51:45', '1f9131af-127f-4b17-be9a-69e07a87dede'),
 ('69', '117', 'en_us', 'Apple', NULL, NULL, NULL, NULL, NULL, NULL, NULL, NULL, NULL, NULL, '2017-08-28 02:28:51', '2017-09-08 16:51:39', '02ae6881-081a-4182-8492-70321aad4b29'),
 ('70', '118', 'en_us', 'Ebay', NULL, NULL, NULL, NULL, NULL, NULL, NULL, NULL, NULL, NULL, '2017-08-28 02:28:51', '2017-09-08 16:51:40', 'd8e684bb-5183-4339-9c2b-f04751e388c9'),
 ('71', '119', 'en_us', 'Google', NULL, NULL, NULL, NULL, NULL, NULL, NULL, NULL, NULL, NULL, '2017-08-28 02:28:52', '2017-09-08 16:51:40', 'c4df2c39-b0c9-4152-a877-cfb6a946b2a1'),
 ('72', '120', 'en_us', 'Instagram', NULL, NULL, NULL, NULL, NULL, NULL, NULL, NULL, NULL, NULL, '2017-08-28 02:28:53', '2017-09-08 16:51:42', '6a8bc777-8028-4080-a82b-a037fc0e82e2'),
 ('73', '121', 'en_us', 'June', NULL, NULL, NULL, NULL, NULL, NULL, NULL, NULL, NULL, NULL, '2017-08-28 02:28:53', '2017-09-08 16:51:43', 'fd3ff5da-53b0-4c9f-9e66-ef3f0406a15f'),
 ('74', '122', 'en_us', 'Maps', NULL, NULL, NULL, NULL, NULL, NULL, NULL, NULL, NULL, NULL, '2017-08-28 02:28:54', '2017-09-08 16:51:43', 'b72cbc28-8d36-4fa1-9d3d-49b0b5c8d673'),
 ('75', '123', 'en_us', 'Mojo', NULL, NULL, NULL, NULL, NULL, NULL, NULL, NULL, NULL, NULL, '2017-08-28 02:28:54', '2017-09-08 16:51:44', '99fd073a-ae2a-4b90-a48a-a9631ae320ec'),
 ('76', '124', 'en_us', 'Pandora', NULL, NULL, NULL, NULL, NULL, NULL, NULL, NULL, NULL, NULL, '2017-08-28 02:28:54', '2017-09-08 16:51:44', '616adf88-b9e0-4693-ac5f-b865aee59105'),
 ('77', '125', 'en_us', 'Pinterest', NULL, NULL, NULL, NULL, NULL, NULL, NULL, NULL, NULL, NULL, '2017-08-28 02:28:54', '2017-09-08 16:51:44', '2a25c509-ec74-4d72-afea-042c10cafc38'),
 ('78', '126', 'en_us', 'Play', NULL, NULL, NULL, NULL, NULL, NULL, NULL, NULL, NULL, NULL, '2017-08-28 02:28:54', '2017-09-08 16:51:44', '81f7ef81-11cd-4585-914f-99a27f13aee9'),
 ('79', '127', 'en_us', 'Trip', NULL, NULL, NULL, NULL, NULL, NULL, NULL, NULL, NULL, NULL, '2017-08-28 02:28:55', '2017-09-08 16:51:46', '7af6ce14-cdd0-4bc9-8508-ba3036642d0f'),
 ('80', '128', 'en_us', 'Unep', NULL, NULL, NULL, NULL, NULL, NULL, NULL, NULL, NULL, NULL, '2017-08-28 02:28:56', '2017-09-08 16:51:46', 'fab97ba5-15f2-4766-94be-d591ba4e1657'),
 ('81', '129', 'en_us', 'Visa', NULL, NULL, NULL, NULL, NULL, NULL, NULL, NULL, NULL, NULL, '2017-08-28 02:28:56', '2017-09-08 16:51:47', 'a0817f3d-c1c9-477f-be90-45502ee1f13d'),
 ('82', '130', 'en_us', 'Wealthfront', NULL, NULL, NULL, NULL, NULL, NULL, NULL, NULL, NULL, NULL, '2017-08-28 02:28:56', '2017-09-08 16:51:47', '05600306-1222-4f2d-8392-f544d5bbe4fd'),
 ('83', '145', 'en_us', 'Watsi', NULL, NULL, NULL, NULL, NULL, NULL, NULL, NULL, NULL, NULL, '2017-08-28 02:32:32', '2017-09-08 16:51:47', '3c31719b-bc38-46b1-b006-fadef5754928'),
 ('87', '152', 'en_us', 'Img 3535', NULL, NULL, NULL, NULL, NULL, NULL, NULL, NULL, NULL, NULL, '2017-08-30 22:33:04', '2017-09-08 16:51:36', '8e60399c-c399-486f-8e28-0e2979e63f25'),
 ('88', '172', 'en_us', 'Experiences Landing Page', NULL, NULL, NULL, NULL, NULL, NULL, NULL, NULL, NULL, NULL, '2017-08-30 22:40:45', '2017-09-08 16:51:40', '8353eb2a-a066-4d29-aaf2-11eb02b4a19f'),
 ('89', '173', 'en_us', 'Airbnb Trips', NULL, NULL, NULL, NULL, NULL, NULL, NULL, NULL, NULL, NULL, '2017-08-30 22:41:23', '2017-09-08 16:51:39', '96c36a60-21e5-410f-9ced-ec84d562dba0'),
 ('90', '174', 'en_us', 'Co Host Landing Page', NULL, NULL, NULL, NULL, NULL, NULL, NULL, NULL, NULL, NULL, '2017-08-30 22:41:24', '2017-09-08 16:51:39', '7dc5f7f4-e29e-4ce3-8edb-0a6a3dc6318b'),
 ('91', '175', 'en_us', 'Host Experiences Landing Page', NULL, NULL, NULL, NULL, NULL, NULL, NULL, NULL, NULL, NULL, '2017-08-30 22:41:25', '2017-09-08 16:51:41', '406f4343-6ae3-4f66-ba06-9f447730e69c'),
 ('93', '177', 'en_us', '1024X1024', NULL, NULL, NULL, NULL, NULL, NULL, NULL, NULL, NULL, NULL, '2017-08-30 22:42:35', '2017-09-08 16:51:26', 'daed8220-b315-4169-a659-8201e9dcfc07'),
 ('95', '183', 'en_us', 'Gg Saturated', NULL, NULL, NULL, NULL, NULL, NULL, NULL, NULL, NULL, NULL, '2017-09-03 23:47:46', '2017-09-08 16:51:30', '79c6bf7e-078d-4d01-8cb8-db74c1ccf947'),
 ('99', '187', 'en_us', 'Jlp 1528Small', NULL, NULL, NULL, NULL, NULL, NULL, NULL, NULL, NULL, NULL, '2017-09-04 00:26:12', '2017-09-08 16:51:38', '8b92252d-70d8-4892-a884-462cf26e988a'),
 ('102', '190', 'en_us', 'Img 3129', NULL, NULL, NULL, NULL, NULL, NULL, NULL, NULL, NULL, NULL, '2017-09-04 00:42:22', '2017-09-08 16:51:35', '7b6d7038-06a9-45f1-a7bf-7e58a1368778'),
 ('103', '191', 'en_us', 'Instanbul Selects 60 Copy', NULL, NULL, NULL, NULL, NULL, NULL, NULL, NULL, NULL, NULL, '2017-09-04 00:42:23', '2017-09-08 16:51:42', 'ae579398-f7dc-4ea5-a39f-199261c53270'),
 ('104', '192', 'en_us', 'Instanbul Selects 72 Copy', NULL, NULL, NULL, NULL, NULL, NULL, NULL, NULL, NULL, NULL, '2017-09-04 00:42:25', '2017-09-08 16:51:43', 'eeb527b5-85b1-47b9-93d3-7d67da1a1708'),
 ('105', '193', 'en_us', 'Road Trip Selects 61 Copy', NULL, NULL, NULL, NULL, NULL, NULL, NULL, NULL, NULL, NULL, '2017-09-04 00:42:28', '2017-09-08 16:51:38', '32228a00-9617-4f0f-9231-1bf4c87a3315'),
 ('106', '194', 'en_us', 'Visa Selects 22', NULL, NULL, NULL, NULL, NULL, NULL, NULL, NULL, NULL, NULL, '2017-09-04 00:42:30', '2017-09-08 16:51:38', '8761e45c-bab9-4af3-b117-125e5be0261c'),
 ('107', '195', 'en_us', 'Img 4298', NULL, NULL, NULL, NULL, NULL, NULL, NULL, NULL, NULL, NULL, '2017-09-04 00:44:43', '2017-09-08 16:51:36', '629e03b9-e53a-43d4-a087-7859d695c871'),
 ('108', '196', 'en_us', 'Img 7254', NULL, NULL, NULL, NULL, NULL, NULL, NULL, NULL, NULL, NULL, '2017-09-04 00:49:34', '2017-09-08 16:51:37', 'ab4a5353-cd6a-4f15-bfda-b1cf05f2469b'),
 ('109', '197', 'en_us', 'Img 7484', NULL, NULL, NULL, NULL, NULL, NULL, NULL, NULL, NULL, NULL, '2017-09-04 00:49:36', '2017-09-08 16:51:37', '4b109b13-49d7-4d26-a6a1-c395656f6f19'),
 ('110', '198', 'en_us', 'Img 9387', NULL, NULL, NULL, NULL, NULL, NULL, NULL, NULL, NULL, NULL, '2017-09-04 00:49:38', '2017-09-08 16:51:37', 'abeab031-df9e-454c-b2f0-6b2b590c6afd'),
 ('111', '199', 'en_us', '1149437 756837537668995 571286320 O', NULL, NULL, NULL, NULL, NULL, NULL, NULL, NULL, NULL, NULL, '2017-09-04 01:04:18', '2017-09-08 16:51:26', '6d49df0c-ef07-40bd-8e40-596de6e49e30'),
 ('112', '200', 'en_us', '33878182792 628A755Edb O 2', NULL, NULL, NULL, NULL, NULL, NULL, NULL, NULL, NULL, NULL, '2017-09-04 01:04:22', '2017-09-08 16:51:27', 'e6c3df72-fdf5-41da-98c7-11fb05998bc1'),
 ('115', '203', 'en_us', '33720586980 6D29Cbc694 O', NULL, NULL, NULL, NULL, NULL, NULL, NULL, NULL, NULL, NULL, '2017-09-04 01:05:29', '2017-09-08 16:51:26', 'ea216790-418b-4557-a667-47e0d949a487'),
 ('118', '206', 'en_us', 'Full Size Render', NULL, NULL, NULL, NULL, NULL, NULL, NULL, NULL, NULL, NULL, '2017-09-04 01:05:55', '2017-09-08 16:51:30', 'ff1c8f6b-2aac-499b-83ae-d4e76603daee'),
 ('119', '207', 'en_us', 'Img 5005', NULL, NULL, NULL, NULL, NULL, NULL, NULL, NULL, NULL, NULL, '2017-09-04 01:05:58', '2017-09-08 16:51:37', '80d8f962-e4d6-4c00-a59e-f12ecc84052b'),
 ('120', '208', 'en_us', 'Ig Bg', NULL, NULL, NULL, NULL, NULL, NULL, NULL, NULL, NULL, NULL, '2017-09-04 01:10:06', '2017-09-08 16:51:31', '99c11d4b-23f4-49da-9cd7-a3f8be9b170b'),
 ('121', '209', 'en_us', 'Gg Cropped2', NULL, NULL, NULL, NULL, NULL, NULL, NULL, NULL, NULL, NULL, '2017-09-04 01:18:46', '2017-09-08 16:51:30', 'cd37ddf9-a054-4be8-a22a-941fcbbaa51d'),
 ('122', '210', 'en_us', '33878182202 6989Bba734 Oflipped', NULL, NULL, NULL, NULL, NULL, NULL, NULL, NULL, NULL, NULL, '2017-09-04 01:24:32', '2017-09-08 16:51:27', 'b5e00f22-b280-491e-bbc4-709b04ef3995'),
 ('123', '211', 'en_us', '33878182202 6989Bba734 Oflippedcropped', NULL, NULL, NULL, NULL, NULL, NULL, NULL, NULL, NULL, NULL, '2017-09-04 01:25:48', '2017-09-08 16:51:27', '3242dacc-4c2d-49af-b051-f31f38079953'),
 ('124', '212', 'en_us', 'Dogpatch Studio 18', NULL, NULL, NULL, NULL, NULL, NULL, NULL, NULL, NULL, NULL, '2017-09-04 01:27:58', '2017-09-08 16:51:40', '040de42a-1b7c-4e0b-b68b-4bd508d4dd34'),
 ('125', '213', 'en_us', 'Under Ze Bay Bridge 3', NULL, NULL, NULL, NULL, NULL, NULL, NULL, NULL, NULL, NULL, '2017-09-04 01:31:20', '2017-09-08 16:51:46', 'aa63ea4a-aaff-4878-9cbd-9259a4072d11'),
 ('126', '214', 'en_us', 'Ig Bg 5', NULL, NULL, NULL, NULL, NULL, NULL, NULL, NULL, NULL, NULL, '2017-09-04 01:39:01', '2017-09-08 16:51:33', '4a5e760f-cd10-4667-bbae-87b761633024'),
 ('127', '215', 'en_us', 'Ig Bg 6', NULL, NULL, NULL, NULL, NULL, NULL, NULL, NULL, NULL, NULL, '2017-09-04 01:46:03', '2017-09-08 16:51:33', '2249ab04-99be-463d-82dc-3b327d4e81ca'),
 ('128', '216', 'en_us', 'Ig Bg 7', NULL, NULL, NULL, NULL, NULL, NULL, NULL, NULL, NULL, NULL, '2017-09-04 01:47:31', '2017-09-08 16:51:33', '2a768648-6174-4313-8b6b-bf0d3882dcb0'),
 ('130', '218', 'en_us', 'Ig Bg 8', NULL, NULL, NULL, NULL, NULL, NULL, NULL, NULL, NULL, NULL, '2017-09-04 01:55:02', '2017-09-08 16:51:33', '4783d86d-ea6c-47cc-94f3-b67246c8bbbb'),
 ('131', '219', 'en_us', 'Ig Bg 9', NULL, NULL, NULL, NULL, NULL, NULL, NULL, NULL, NULL, NULL, '2017-09-04 01:56:10', '2017-09-08 16:51:34', '48fe1d95-2f1c-4906-b5c0-39796237dbbd'),
 ('133', '222', 'en_us', '33878360982 5C8A10Ee20 O', NULL, NULL, NULL, NULL, NULL, NULL, NULL, NULL, NULL, NULL, '2017-09-08 16:51:27', '2017-09-08 16:51:27', 'e5cb4310-151e-464b-82d6-ba7596ec9bae'),
 ('134', '223', 'en_us', '33994545276 378F881Bc9 O', NULL, NULL, NULL, NULL, NULL, NULL, NULL, NULL, NULL, NULL, '2017-09-08 16:51:28', '2017-09-08 16:51:28', 'ab58c718-2375-4d89-85f1-8a98d00240ec'),
 ('135', '224', 'en_us', 'Ami6820', NULL, NULL, NULL, NULL, NULL, NULL, NULL, NULL, NULL, NULL, '2017-09-08 16:51:28', '2017-09-08 16:51:28', 'fde28b59-58cd-47ff-af5a-3ccd471b9d5a'),
 ('136', '225', 'en_us', 'Ami6824', NULL, NULL, NULL, NULL, NULL, NULL, NULL, NULL, NULL, NULL, '2017-09-08 16:51:28', '2017-09-08 16:51:28', '92af7bda-ddb6-4312-8cbf-88dcdf49957f'),
 ('137', '226', 'en_us', 'Ami6831', NULL, NULL, NULL, NULL, NULL, NULL, NULL, NULL, NULL, NULL, '2017-09-08 16:51:28', '2017-09-08 16:51:28', '5329391a-6018-4d12-9180-63ee3fc72cb4'),
 ('138', '227', 'en_us', 'Copy Of  Screen  Shot 2016 12 06 At 2 49 05  Pm', NULL, NULL, NULL, NULL, NULL, NULL, NULL, NULL, NULL, NULL, '2017-09-08 16:51:30', '2017-09-08 16:51:30', 'd9e23871-9a3e-4bea-8cec-fddbbade6191'),
 ('139', '228', 'en_us', 'Getty Images 565976431', NULL, NULL, NULL, NULL, NULL, NULL, NULL, NULL, NULL, NULL, '2017-09-08 16:51:30', '2017-09-08 16:51:31', 'c66336e5-6816-49cb-9ba6-b9c2d7b316c0'),
 ('140', '229', 'en_us', 'Ig Bg 2', NULL, NULL, NULL, NULL, NULL, NULL, NULL, NULL, NULL, NULL, '2017-09-08 16:51:31', '2017-09-08 16:51:31', 'e6d79154-8ef1-49de-adef-a967c151d77d'),
 ('141', '230', 'en_us', 'Ig Bg 3', NULL, NULL, NULL, NULL, NULL, NULL, NULL, NULL, NULL, NULL, '2017-09-08 16:51:31', '2017-09-08 16:51:31', '720a48b4-c799-4a5c-a303-e532e4788029'),
 ('142', '231', 'en_us', 'Ig Bg 3 170904 000845', NULL, NULL, NULL, NULL, NULL, NULL, NULL, NULL, NULL, NULL, '2017-09-08 16:51:31', '2017-09-08 16:51:31', '40fbbd99-41c0-4967-8563-08b004a57599'),
 ('143', '232', 'en_us', 'Ig Bg 3 170904 001217', NULL, NULL, NULL, NULL, NULL, NULL, NULL, NULL, NULL, NULL, '2017-09-08 16:51:32', '2017-09-08 16:51:32', '18fe006e-f82c-4720-9d15-7a1b200df9e1');
INSERT INTO `craft_content` (`id`, `elementId`, `locale`, `title`, `field_body`, `field_headingParagraph`, `field_introParagraph`, `field_color`, `field_horizontalPosition`, `field_verticalPosition`, `field_clientCopy`, `field_logoGradientColor1`, `field_logoGradientColor2`, `field_vimeoVideoId`, `dateCreated`, `dateUpdated`, `uid`) VALUES
 ('144', '233', 'en_us', 'Ig Bg 3 170904 002021', NULL, NULL, NULL, NULL, NULL, NULL, NULL, NULL, NULL, NULL, '2017-09-08 16:51:32', '2017-09-08 16:51:32', 'd8507eaf-0e69-4f30-8d21-46e228cc6183'),
 ('145', '234', 'en_us', 'Ig Bg 3 170904 002249', NULL, NULL, NULL, NULL, NULL, NULL, NULL, NULL, NULL, NULL, '2017-09-08 16:51:32', '2017-09-08 16:51:32', 'd77a17d0-5a4d-4364-a1a6-d3e736a439b8'),
 ('146', '235', 'en_us', 'Ig Bg 4', NULL, NULL, NULL, NULL, NULL, NULL, NULL, NULL, NULL, NULL, '2017-09-08 16:51:32', '2017-09-08 16:51:32', '7d670296-487f-4588-bc47-c6e6c61fef3c'),
 ('147', '236', 'en_us', 'Ig Bg 4 170904 003511', NULL, NULL, NULL, NULL, NULL, NULL, NULL, NULL, NULL, NULL, '2017-09-08 16:51:32', '2017-09-08 16:51:33', 'e6b75565-16cf-4ceb-89e5-47248ea3f56f'),
 ('148', '237', 'en_us', 'Img 3515', NULL, NULL, NULL, NULL, NULL, NULL, NULL, NULL, NULL, NULL, '2017-09-08 16:51:35', '2017-09-08 16:51:35', '5f8e32d5-0d20-4a4c-952b-dcdb5d5443a3'),
 ('149', '238', 'en_us', 'Img 3517', NULL, NULL, NULL, NULL, NULL, NULL, NULL, NULL, NULL, NULL, '2017-09-08 16:51:35', '2017-09-08 16:51:35', '977866b2-2d97-4d40-a2a6-0330ca8e0385'),
 ('150', '239', 'en_us', 'Img 3528', NULL, NULL, NULL, NULL, NULL, NULL, NULL, NULL, NULL, NULL, '2017-09-08 16:51:35', '2017-09-08 16:51:36', '1347df3b-7143-4ec8-bea2-ad9856111b16'),
 ('151', '240', 'en_us', 'Img 3532', NULL, NULL, NULL, NULL, NULL, NULL, NULL, NULL, NULL, NULL, '2017-09-08 16:51:36', '2017-09-08 16:51:36', 'e100cf5f-78f0-426f-9949-3b4a610a2740'),
 ('152', '241', 'en_us', 'Img 3533', NULL, NULL, NULL, NULL, NULL, NULL, NULL, NULL, NULL, NULL, '2017-09-08 16:51:36', '2017-09-08 16:51:36', 'a1e46976-00e4-4f1e-b367-3ff742d3b71b'),
 ('153', '242', 'en_us', 'Screen  Shot 2017 08 25 At 11 49 26  Am', NULL, NULL, NULL, NULL, NULL, NULL, NULL, NULL, NULL, NULL, '2017-09-08 16:51:38', '2017-09-08 16:51:38', '20051b50-ac90-493e-adcb-7fdaafc62f2a'),
 ('154', '243', 'en_us', 'Screen  Shot 2017 09 03 At 5 35 49  Pm', NULL, NULL, NULL, NULL, NULL, NULL, NULL, NULL, NULL, NULL, '2017-09-08 16:51:38', '2017-09-08 16:51:38', '9e339d64-3e76-4ac2-b400-57a8cc3a6892'),
 ('155', '244', 'en_us', 'Airbnb Poster Header', NULL, NULL, NULL, NULL, NULL, NULL, NULL, NULL, NULL, NULL, '2017-09-08 16:51:38', '2017-09-08 16:51:39', '0149e03f-2b80-4e5d-90b2-1ebd73065cef'),
 ('156', '245', 'en_us', 'Connectivity 1', NULL, NULL, NULL, NULL, NULL, NULL, NULL, NULL, NULL, NULL, '2017-09-08 16:51:39', '2017-09-08 16:51:39', 'd6fb1e79-138b-4037-b4b8-e37b2439ba37'),
 ('157', '246', 'en_us', 'Connectivity 2', NULL, NULL, NULL, NULL, NULL, NULL, NULL, NULL, NULL, NULL, '2017-09-08 16:51:39', '2017-09-08 16:51:40', '18f91b2c-5a8d-46e9-aa3e-b558d3a9cd5a'),
 ('158', '247', 'en_us', 'Hp Image', NULL, NULL, NULL, NULL, NULL, NULL, NULL, NULL, NULL, NULL, '2017-09-08 16:51:41', '2017-09-08 16:51:41', '166662d5-1f9d-495f-90d9-f9688919ec96'),
 ('159', '248', 'en_us', 'Hp', NULL, NULL, NULL, NULL, NULL, NULL, NULL, NULL, NULL, NULL, '2017-09-08 16:51:41', '2017-09-08 16:51:41', 'cc9cea70-554f-4a64-9c17-96a54413ff01'),
 ('160', '249', 'en_us', 'Projects Shape', NULL, NULL, NULL, NULL, NULL, NULL, NULL, NULL, NULL, NULL, '2017-09-08 16:51:45', '2017-09-08 16:51:45', 'db097950-8922-4c82-8559-410d46b21622'),
 ('161', '250', 'en_us', 'Y Fwa  Sjd', NULL, NULL, NULL, NULL, NULL, NULL, NULL, NULL, NULL, NULL, '2017-09-08 16:51:47', '2017-09-08 16:51:47', 'd2ad06a2-cf3c-4d3c-a9fb-5bd9d78efb28'),
 ('162', '279', 'en_us', 'The Irvine Company', NULL, '<p><b>We made a video about real estate development exciting (Really.)</b></p>\n', '', '#ff8000', 'left', 'top', NULL, NULL, NULL, NULL, '2017-09-26 01:21:12', '2017-09-26 01:21:12', '12068bac-5d58-416a-a1b9-c09631f6e800');



DROP TABLE IF EXISTS `craft_deprecationerrors`;


--
-- Schema for table `craft_deprecationerrors`
--
CREATE TABLE `craft_deprecationerrors` (
  `id` int(11) NOT NULL AUTO_INCREMENT,
  `key` varchar(255) COLLATE utf8_unicode_ci NOT NULL,
  `fingerprint` varchar(255) COLLATE utf8_unicode_ci NOT NULL,
  `lastOccurrence` datetime NOT NULL,
  `file` varchar(255) COLLATE utf8_unicode_ci NOT NULL,
  `line` smallint(6) unsigned NOT NULL,
  `class` varchar(255) COLLATE utf8_unicode_ci DEFAULT NULL,
  `method` varchar(255) COLLATE utf8_unicode_ci DEFAULT NULL,
  `template` varchar(255) COLLATE utf8_unicode_ci DEFAULT NULL,
  `templateLine` smallint(6) unsigned DEFAULT NULL,
  `message` varchar(255) COLLATE utf8_unicode_ci DEFAULT NULL,
  `traces` text COLLATE utf8_unicode_ci,
  `dateCreated` datetime NOT NULL,
  `dateUpdated` datetime NOT NULL,
  `uid` char(36) COLLATE utf8_unicode_ci NOT NULL DEFAULT '0',
  PRIMARY KEY (`id`),
  UNIQUE KEY `craft_deprecationerrors_key_fingerprint_unq_idx` (`key`,`fingerprint`)
) ENGINE=InnoDB DEFAULT CHARSET=utf8 COLLATE=utf8_unicode_ci;

DROP TABLE IF EXISTS `craft_elementindexsettings`;


--
-- Schema for table `craft_elementindexsettings`
--
CREATE TABLE `craft_elementindexsettings` (
  `id` int(11) NOT NULL AUTO_INCREMENT,
  `type` varchar(150) COLLATE utf8_unicode_ci NOT NULL,
  `settings` text COLLATE utf8_unicode_ci,
  `dateCreated` datetime NOT NULL,
  `dateUpdated` datetime NOT NULL,
  `uid` char(36) COLLATE utf8_unicode_ci NOT NULL DEFAULT '0',
  PRIMARY KEY (`id`),
  UNIQUE KEY `craft_elementindexsettings_type_unq_idx` (`type`)
) ENGINE=InnoDB DEFAULT CHARSET=utf8 COLLATE=utf8_unicode_ci;

DROP TABLE IF EXISTS `craft_elements`;


--
-- Schema for table `craft_elements`
--
CREATE TABLE `craft_elements` (
  `id` int(11) NOT NULL AUTO_INCREMENT,
  `type` varchar(150) COLLATE utf8_unicode_ci NOT NULL,
  `enabled` tinyint(1) unsigned NOT NULL DEFAULT '1',
  `archived` tinyint(1) unsigned NOT NULL DEFAULT '0',
  `dateCreated` datetime NOT NULL,
  `dateUpdated` datetime NOT NULL,
  `uid` char(36) COLLATE utf8_unicode_ci NOT NULL DEFAULT '0',
  PRIMARY KEY (`id`),
  KEY `craft_elements_type_idx` (`type`),
  KEY `craft_elements_enabled_idx` (`enabled`),
  KEY `craft_elements_archived_dateCreated_idx` (`archived`,`dateCreated`)
) ENGINE=InnoDB AUTO_INCREMENT=284 DEFAULT CHARSET=utf8 COLLATE=utf8_unicode_ci;

--
-- Data for table `craft_elements`
--

INSERT INTO `craft_elements` (`id`, `type`, `enabled`, `archived`, `dateCreated`, `dateUpdated`, `uid`) VALUES
 ('1', 'User', '1', '0', '2017-08-14 03:05:13', '2017-08-14 03:05:13', 'c512cccb-e28a-4274-aab7-9b9fa27c9880'),
 ('2', 'Entry', '1', '0', '2017-08-14 03:05:16', '2017-09-28 01:04:09', 'faf78b0d-8590-4490-bd66-a6e7ff667f7d'),
 ('4', 'Entry', '1', '0', '2017-08-14 03:20:48', '2017-09-26 01:42:55', 'c392d396-5649-4606-b7c8-b1ae01582b9e'),
 ('11', 'Asset', '1', '0', '2017-08-16 02:02:02', '2017-09-08 16:51:40', '1c5bb96a-027f-4a05-8527-034ba5ea9ddd'),
 ('13', 'Asset', '1', '0', '2017-08-16 02:02:02', '2017-09-08 16:51:41', '000ba456-892c-44e4-96a6-fe533e10ac69'),
 ('14', 'Asset', '1', '0', '2017-08-16 02:02:03', '2017-09-08 16:51:41', 'cf4df709-1fc7-44dd-844b-e1663b7a0a81'),
 ('15', 'Asset', '1', '0', '2017-08-16 02:02:03', '2017-09-08 16:51:41', '451c7059-266a-4bfa-89d8-8e8e7a790bbd'),
 ('16', 'Asset', '1', '0', '2017-08-16 02:02:03', '2017-09-08 16:51:42', '16f1695c-d45e-43f3-bc65-c4006a9ceb0f'),
 ('17', 'Asset', '1', '0', '2017-08-16 02:02:03', '2017-09-08 16:51:42', '4a0a1799-b551-4920-b21e-0e796756a2d1'),
 ('18', 'Asset', '1', '0', '2017-08-16 02:02:03', '2017-09-08 16:51:42', 'b67364c2-b59f-4007-86e2-8c5414594ad9'),
 ('19', 'Asset', '1', '0', '2017-08-16 02:02:03', '2017-09-08 16:51:43', '9eda9ece-2db8-467b-b2f6-d24b37f172f5'),
 ('20', 'Asset', '1', '0', '2017-08-16 02:02:03', '2017-09-08 16:51:43', '0aeb5922-6848-4478-93ab-767fc86932d7'),
 ('21', 'Asset', '1', '0', '2017-08-16 02:02:04', '2017-09-08 16:51:44', '0221c602-d72e-48c4-870e-c9fda72d64b6'),
 ('23', 'Asset', '1', '0', '2017-08-16 02:02:04', '2017-09-08 16:51:45', '82ae758d-5882-4a79-bc9f-b3374f2dc723'),
 ('24', 'Asset', '1', '0', '2017-08-16 02:02:04', '2017-09-08 16:51:45', '13c28f08-b8fb-40b1-90f5-14c7f9fa1f72'),
 ('25', 'Asset', '1', '0', '2017-08-16 02:02:04', '2017-09-08 16:51:46', '90de7e27-4cfa-486d-9e8b-76b8570d0aec'),
 ('28', 'Entry', '1', '0', '2017-08-16 03:18:26', '2017-09-17 19:29:36', 'a1a4172f-75b7-4976-8884-4e34e9b01706'),
 ('29', 'Asset', '1', '0', '2017-08-16 03:18:36', '2017-09-08 16:51:26', 'c45f05c5-a20e-443a-91ab-57aed55a26c2'),
 ('30', 'Asset', '1', '0', '2017-08-16 03:18:40', '2017-09-08 16:51:46', 'e4fb8421-0a10-495f-b727-93a38aa2ce23'),
 ('32', 'MatrixBlock', '1', '0', '2017-08-20 00:40:09', '2017-09-17 19:29:36', 'e601b1a6-bb89-4f4e-a6f9-9a2c1c2bd254'),
 ('33', 'MatrixBlock', '1', '0', '2017-08-20 00:40:09', '2017-09-17 19:29:36', '3c4f6409-3946-486f-899c-9937fc845e17'),
 ('34', 'MatrixBlock', '1', '0', '2017-08-20 00:40:09', '2017-09-17 19:29:36', '5916b619-f488-4a09-a6d7-045f423c4772'),
 ('35', 'MatrixBlock', '1', '0', '2017-08-20 00:40:09', '2017-09-17 19:29:36', 'bbf5050f-52de-4f47-ad50-38aef08f300e'),
 ('36', 'MatrixBlock', '1', '0', '2017-08-20 00:40:09', '2017-09-17 19:29:36', '0646af8b-a806-4828-9708-3042bf6a33b8'),
 ('37', 'MatrixBlock', '1', '0', '2017-08-20 00:40:09', '2017-09-17 19:29:36', '2311e24e-4568-4df5-a7ed-3ce2d9910755'),
 ('38', 'MatrixBlock', '1', '0', '2017-08-20 00:40:09', '2017-09-17 19:29:36', '65409b60-3c47-4491-b511-73c369adaae7'),
 ('39', 'MatrixBlock', '1', '0', '2017-08-20 00:40:09', '2017-09-17 19:29:36', '8e62f95b-443a-4749-817b-6fed87b5c34d'),
 ('40', 'MatrixBlock', '1', '0', '2017-08-20 00:40:09', '2017-09-17 19:29:36', 'cff60951-ba82-47c9-b03c-ca6f408a60ff'),
 ('41', 'SuperTable_Block', '1', '0', '2017-08-20 00:40:09', '2017-09-17 19:29:36', '5b5139c5-a553-4cfd-bb6c-513f29dadce0'),
 ('42', 'SuperTable_Block', '1', '0', '2017-08-20 00:40:09', '2017-09-17 19:29:36', '87e80c49-0bb7-4cea-965a-0522ac46c9d4'),
 ('43', 'SuperTable_Block', '1', '0', '2017-08-20 00:40:09', '2017-09-17 19:29:36', '9ff225ce-1d99-4eb5-bf82-be48e1273a13'),
 ('44', 'SuperTable_Block', '1', '0', '2017-08-20 00:40:09', '2017-09-17 19:29:36', 'af4fe4bd-9b5c-4200-9465-f9a5f57ffb42'),
 ('50', 'MatrixBlock', '1', '0', '2017-08-20 01:44:22', '2017-09-17 19:29:36', 'c8f3fc4a-9690-465f-9cd3-32ba7e50b0ef'),
 ('51', 'MatrixBlock', '1', '0', '2017-08-20 01:44:22', '2017-09-17 19:29:36', '40be2373-f7ea-47a8-b1f2-e8de46bae77b'),
 ('52', 'MatrixBlock', '1', '0', '2017-08-20 01:44:22', '2017-09-17 19:29:36', 'a07f55a2-3255-4dc8-90f2-c1d9e01c87e7'),
 ('53', 'MatrixBlock', '1', '0', '2017-08-20 01:44:22', '2017-09-17 19:29:36', 'd3b0ec0c-14e1-4e3f-b241-c65f4e0a06b5'),
 ('54', 'MatrixBlock', '1', '0', '2017-08-20 01:44:22', '2017-09-17 19:29:36', '3c10e054-d738-4c32-b8ed-de743cd27916'),
 ('55', 'MatrixBlock', '1', '0', '2017-08-20 01:44:22', '2017-09-17 19:29:36', '163bf2a6-6cbe-40e9-9e92-4ac79dbd912c'),
 ('56', 'Asset', '1', '0', '2017-08-20 01:44:55', '2017-09-08 16:51:29', 'f06cfd00-41bd-4d8f-9e0e-e0d61af0c9ad'),
 ('57', 'Asset', '1', '0', '2017-08-20 01:44:55', '2017-09-08 16:51:29', 'abc06879-765d-4ba1-9efd-5d7eedf95c14'),
 ('58', 'Asset', '1', '0', '2017-08-20 01:44:57', '2017-09-08 16:51:34', '87159de9-065e-46a0-8013-bef19c4d189c'),
 ('59', 'Asset', '1', '0', '2017-08-20 01:44:57', '2017-09-08 16:51:34', '203db67a-6e44-4bb6-a81c-b18064ba622c'),
 ('60', 'Asset', '1', '0', '2017-08-20 01:44:57', '2017-09-08 16:51:34', '544624fe-e502-4551-949d-ef506f4bcbbe'),
 ('61', 'Asset', '1', '0', '2017-08-20 01:44:57', '2017-09-08 16:51:34', 'a2a3f4dc-0a84-4fbd-a822-5e9f4d622477'),
 ('62', 'Asset', '1', '0', '2017-08-20 01:44:57', '2017-09-08 16:51:35', '6920b155-75a1-4260-ae44-b7bc553a7d0d'),
 ('64', 'MatrixBlock', '1', '0', '2017-08-20 01:47:51', '2017-09-17 19:29:36', '0590e65b-8f7d-4afb-af9a-cb380b225417'),
 ('65', 'SuperTable_Block', '1', '0', '2017-08-20 01:47:51', '2017-09-17 19:29:36', '20f1253e-b283-4b2c-a1ba-cb50414dd4ae'),
 ('66', 'SuperTable_Block', '1', '0', '2017-08-20 01:47:51', '2017-09-17 19:29:36', '03ca4ac1-5d9b-4800-9053-32003609ee93'),
 ('67', 'SuperTable_Block', '1', '0', '2017-08-20 01:47:51', '2017-09-17 19:29:36', 'f7e05304-8e80-4264-9a76-ac14cac096fe'),
 ('68', 'SuperTable_Block', '1', '0', '2017-08-20 01:47:51', '2017-09-17 19:29:36', 'dc2664a2-3555-48cf-a949-5228bd2a2326'),
 ('69', 'SuperTable_Block', '1', '0', '2017-08-20 01:47:51', '2017-09-17 19:29:36', 'e1ba2e5f-7ae9-474f-a37c-3ef12877dbf1'),
 ('70', 'Asset', '1', '0', '2017-08-20 01:53:06', '2017-09-08 16:51:29', '4d366306-3e81-4cf7-8b44-d88973e5fd13'),
 ('71', 'Asset', '1', '0', '2017-08-20 01:53:06', '2017-09-08 16:51:29', 'a0a7036a-bed3-4e2b-9541-8724b384c2f8'),
 ('72', 'Asset', '1', '0', '2017-08-20 01:53:06', '2017-09-08 16:51:29', 'e72ed36f-9a61-4e0c-a486-83ce669151ac'),
 ('73', 'Asset', '1', '0', '2017-08-20 01:57:55', '2017-09-08 16:51:29', '4780c33e-4679-49eb-adcc-16947f079a54'),
 ('74', 'Asset', '1', '0', '2017-08-20 02:22:00', '2017-09-08 16:51:29', '6a0f4c85-c5bb-448e-86c5-a85b20fabd8e'),
 ('75', 'User', '1', '0', '2017-08-21 23:30:12', '2017-08-22 00:46:30', '1f6163aa-52d0-40dc-a225-3638be867ec4'),
 ('76', 'Asset', '1', '0', '2017-08-22 01:20:46', '2017-09-08 16:51:27', '2e8c1849-1c4a-4cc9-9cbb-680459b37b7b'),
 ('77', 'Entry', '1', '0', '2017-08-22 01:21:22', '2017-09-26 01:48:42', '9a7b5bbc-973f-412f-ba45-9ec8e76869c4'),
 ('78', 'MatrixBlock', '1', '0', '2017-08-27 21:20:43', '2017-09-28 01:04:09', 'd4bc1097-c5f5-4003-ad5f-17d1eb6d06d8'),
 ('79', 'SuperTable_Block', '1', '0', '2017-08-27 21:20:43', '2017-09-28 01:04:09', 'f09016c1-ce29-4ec6-af57-871b8073cc94'),
 ('80', 'SuperTable_Block', '1', '0', '2017-08-27 21:20:43', '2017-09-28 01:04:09', '66cb917b-6bad-4d95-a0de-7836f0dd4cbf'),
 ('81', 'SuperTable_Block', '1', '0', '2017-08-27 21:20:43', '2017-09-28 01:04:09', '5010df42-0d54-4435-990d-632fe8cc752d'),
 ('82', 'SuperTable_Block', '1', '0', '2017-08-27 21:20:43', '2017-09-28 01:04:09', '44dc5239-52f4-40de-88c5-e6fe55b2cbb3'),
 ('83', 'MatrixBlock', '1', '0', '2017-08-27 21:20:43', '2017-09-28 01:04:09', 'df04faa1-d77b-4b7c-a2b7-6e0e74931e57'),
 ('84', 'SuperTable_Block', '1', '0', '2017-08-27 21:20:43', '2017-09-28 01:04:09', 'e51627fc-2abf-44c4-ae77-f781658c9ebe'),
 ('85', 'SuperTable_Block', '1', '0', '2017-08-27 21:20:43', '2017-09-28 01:04:09', 'b6066bd2-8ade-490c-ab58-26770a38a543'),
 ('86', 'SuperTable_Block', '1', '0', '2017-08-27 21:20:43', '2017-09-28 01:04:09', '371bb4fa-0bcd-4b86-ad48-8f9d3ad2d343'),
 ('87', 'SuperTable_Block', '1', '0', '2017-08-27 21:20:43', '2017-09-28 01:04:09', '5e6404bc-3e9f-45b6-9e16-34f154eeb4bc'),
 ('88', 'MatrixBlock', '1', '0', '2017-08-27 21:20:43', '2017-09-28 01:04:09', '7aa95859-2365-4dbd-98ac-af47512420bc'),
 ('89', 'SuperTable_Block', '1', '0', '2017-08-27 21:20:43', '2017-09-28 01:04:09', 'ea9252b1-45b5-4faf-a935-d477a4330f50'),
 ('90', 'SuperTable_Block', '1', '0', '2017-08-27 21:20:43', '2017-09-28 01:04:09', '66b239af-93c9-40d2-a23b-6c777b0d4c3d'),
 ('91', 'SuperTable_Block', '1', '0', '2017-08-27 21:20:43', '2017-09-28 01:04:09', '13910c31-19b2-4b15-958c-77c7392fa32a'),
 ('92', 'SuperTable_Block', '1', '0', '2017-08-27 21:20:43', '2017-09-28 01:04:09', '838a1ce8-13e1-4dd4-b2f2-e31f46def392'),
 ('93', 'MatrixBlock', '1', '0', '2017-08-27 21:22:53', '2017-09-28 01:04:09', 'aa6a9457-4d4c-4d77-8a06-b912dcdb4e3a'),
 ('96', 'Tag', '1', '0', '2017-08-27 21:54:25', '2017-08-27 21:54:25', 'c90a2b7c-af93-4a28-82bc-ee80d3f19203'),
 ('97', 'Asset', '1', '0', '2017-08-28 02:28:01', '2017-09-08 16:51:28', '8df8327e-37b1-40af-94b4-2f677dea82f4'),
 ('112', 'Asset', '1', '0', '2017-08-28 02:28:08', '2017-09-08 16:51:44', 'db38076c-cf72-4b50-a69d-9fdf80418cf8'),
 ('113', 'Asset', '1', '0', '2017-08-28 02:28:08', '2017-09-08 16:51:45', 'ae9de139-2724-4cae-bee5-63b3b2141640'),
 ('114', 'Asset', '1', '0', '2017-08-28 02:28:08', '2017-09-08 16:51:45', '4bb55046-9244-4e91-b189-f524abb4e017'),
 ('115', 'Asset', '1', '0', '2017-08-28 02:28:08', '2017-09-08 16:51:45', 'e9ae5a96-8b47-4403-ada8-f5d261ded164'),
 ('116', 'Asset', '1', '0', '2017-08-28 02:28:08', '2017-09-08 16:51:45', '65d932ce-7d6f-438e-8848-f0979360fca8'),
 ('117', 'Asset', '1', '0', '2017-08-28 02:28:51', '2017-09-08 16:51:39', '043a3396-f021-4b80-aca5-d363914ee82d'),
 ('118', 'Asset', '1', '0', '2017-08-28 02:28:51', '2017-09-08 16:51:40', 'e55057df-e3b0-4c98-8790-2fda9b9b9f5c'),
 ('119', 'Asset', '1', '0', '2017-08-28 02:28:52', '2017-09-08 16:51:40', '026a5b01-b18f-45a9-900e-e692f3dad92f'),
 ('120', 'Asset', '1', '0', '2017-08-28 02:28:53', '2017-09-08 16:51:42', '9294565a-3e03-4a94-a324-a8b8462cd851'),
 ('121', 'Asset', '1', '0', '2017-08-28 02:28:53', '2017-09-08 16:51:43', 'fe2d457e-f526-45af-8cc3-eebf8727e00a'),
 ('122', 'Asset', '1', '0', '2017-08-28 02:28:54', '2017-09-08 16:51:43', '5efac32e-9b35-416f-a2e8-5cccf1c8c672'),
 ('123', 'Asset', '1', '0', '2017-08-28 02:28:54', '2017-09-08 16:51:44', '9ca6eb8c-da06-45a6-a8b7-3a888102061d'),
 ('124', 'Asset', '1', '0', '2017-08-28 02:28:54', '2017-09-08 16:51:44', 'b9ea654b-08b5-417c-bfe1-0817e966b9ea'),
 ('125', 'Asset', '1', '0', '2017-08-28 02:28:54', '2017-09-08 16:51:44', 'd4bb63ea-d4b5-40d0-b68a-a1a038883ec2'),
 ('126', 'Asset', '1', '0', '2017-08-28 02:28:54', '2017-09-08 16:51:44', 'dafacef4-c03e-4309-b170-c89dc2c0b4b2'),
 ('127', 'Asset', '1', '0', '2017-08-28 02:28:55', '2017-09-08 16:51:46', '68658ad7-f197-45e7-9900-161b50aa3825'),
 ('128', 'Asset', '1', '0', '2017-08-28 02:28:56', '2017-09-08 16:51:46', 'dc2c52ff-28e4-4ef1-ab7e-6bdaaa9bc858'),
 ('129', 'Asset', '1', '0', '2017-08-28 02:28:56', '2017-09-08 16:51:47', '9df186fd-d12a-424a-ad70-766048c6b1dc'),
 ('130', 'Asset', '1', '0', '2017-08-28 02:28:56', '2017-09-08 16:51:47', 'ca591a79-8e40-4953-b99a-f147e9b77221'),
 ('131', 'MatrixBlock', '1', '0', '2017-08-28 02:31:36', '2017-09-28 01:04:09', '748d9a44-6c64-44af-92fa-373b5deb098e'),
 ('132', 'MatrixBlock', '1', '0', '2017-08-28 02:31:36', '2017-09-28 01:04:09', 'f3ca9456-0ca5-42f4-9715-d091476dd568'),
 ('133', 'MatrixBlock', '1', '0', '2017-08-28 02:31:36', '2017-09-28 01:04:09', '8aafe6ac-00f8-40be-b3a5-9138c14fc07d'),
 ('134', 'MatrixBlock', '1', '0', '2017-08-28 02:31:36', '2017-09-28 01:04:09', '83fd885d-de2b-4317-9178-d43863c02727');
INSERT INTO `craft_elements` (`id`, `type`, `enabled`, `archived`, `dateCreated`, `dateUpdated`, `uid`) VALUES
 ('135', 'MatrixBlock', '1', '0', '2017-08-28 02:31:36', '2017-09-28 01:04:09', 'c66dab9d-92a8-4138-86d6-13f28253f053'),
 ('136', 'MatrixBlock', '1', '0', '2017-08-28 02:31:36', '2017-09-28 01:04:09', '1b28db22-592e-4f8c-889c-c4686877df6b'),
 ('137', 'MatrixBlock', '1', '0', '2017-08-28 02:31:36', '2017-09-28 01:04:09', 'a74ab39e-edca-488c-a3ae-b06e32dc2bfa'),
 ('138', 'MatrixBlock', '1', '0', '2017-08-28 02:31:36', '2017-09-28 01:04:09', 'b6f68b58-2a94-4478-af1f-ebe3d8b42570'),
 ('139', 'MatrixBlock', '1', '0', '2017-08-28 02:31:36', '2017-09-28 01:04:09', 'a745f367-3ce8-4677-bf03-62e3d3ed3231'),
 ('140', 'MatrixBlock', '1', '0', '2017-08-28 02:31:36', '2017-09-28 01:04:09', 'c6649196-21f8-4742-a7f0-29ac23d627d1'),
 ('141', 'MatrixBlock', '1', '0', '2017-08-28 02:31:37', '2017-09-28 01:04:09', '25471643-1eca-440a-a99d-671337834593'),
 ('142', 'MatrixBlock', '1', '0', '2017-08-28 02:31:37', '2017-09-28 01:04:09', '77c76051-e5cc-44a7-b54c-5ab0a7a1b234'),
 ('143', 'MatrixBlock', '1', '0', '2017-08-28 02:31:37', '2017-09-28 01:04:09', '309034e4-7f88-4e62-baa8-a4f2b936e181'),
 ('144', 'MatrixBlock', '1', '0', '2017-08-28 02:31:37', '2017-09-28 01:04:09', '55c83da3-69f9-48bf-b7ff-096924ee5ef6'),
 ('145', 'Asset', '1', '0', '2017-08-28 02:32:32', '2017-09-08 16:51:47', '6ff029b9-2f7c-462f-80d1-eed4147c375f'),
 ('146', 'MatrixBlock', '1', '0', '2017-08-30 22:22:29', '2017-09-26 01:42:55', 'c6220c6e-c650-4a06-991e-ec630183cd19'),
 ('147', 'MatrixBlock', '1', '0', '2017-08-30 22:22:29', '2017-09-26 01:42:55', '54d46d64-244d-4da2-8725-a648f0c0df2a'),
 ('152', 'Asset', '1', '0', '2017-08-30 22:33:04', '2017-09-08 16:51:36', 'f0260e65-859f-4225-9ba1-7cc371b503b4'),
 ('153', 'MatrixBlock', '1', '0', '2017-08-30 22:37:36', '2017-09-26 01:42:55', 'bf3db598-d752-41a9-a390-7614ddb7a72c'),
 ('155', 'MatrixBlock', '1', '0', '2017-08-30 22:37:36', '2017-09-26 01:42:55', '105743aa-5be8-4dfa-aefe-6cba03e79583'),
 ('157', 'MatrixBlock', '1', '0', '2017-08-30 22:37:36', '2017-09-26 01:42:55', '9cf097de-dc0e-45d9-9294-351ac42d0d88'),
 ('158', 'SuperTable_Block', '1', '0', '2017-08-30 22:37:36', '2017-09-26 01:42:55', '5c932c25-ed24-4fc9-a6b0-6a73204a33a9'),
 ('159', 'SuperTable_Block', '1', '0', '2017-08-30 22:37:36', '2017-09-26 01:42:55', 'b9e0bd8a-baf7-4b37-b8db-a08512526669'),
 ('160', 'SuperTable_Block', '1', '0', '2017-08-30 22:37:36', '2017-09-26 01:42:55', 'd6078580-c328-47f2-acda-f894ddd4084d'),
 ('161', 'SuperTable_Block', '1', '0', '2017-08-30 22:37:36', '2017-09-26 01:42:55', 'd4e0ee0b-ca20-42f7-8c05-e5db894e843b'),
 ('162', 'MatrixBlock', '1', '0', '2017-08-30 22:37:36', '2017-09-26 01:42:55', '85297058-f0cf-48ab-89df-d45b7fd4bbe1'),
 ('164', 'MatrixBlock', '1', '0', '2017-08-30 22:37:36', '2017-09-26 01:42:55', '0a991ede-af37-4970-990f-1ffe1e10b3bf'),
 ('165', 'MatrixBlock', '1', '0', '2017-08-30 22:37:36', '2017-09-26 01:42:55', '50e6251f-d27b-4a6c-a958-da60cdb01414'),
 ('166', 'MatrixBlock', '1', '0', '2017-08-30 22:37:36', '2017-09-26 01:42:55', '5aa7b136-ba9e-45fd-b031-ef5443c6c202'),
 ('167', 'MatrixBlock', '1', '0', '2017-08-30 22:37:36', '2017-09-26 01:42:55', 'e67f1dfd-3238-482a-a3af-946d16a6e702'),
 ('168', 'SuperTable_Block', '1', '0', '2017-08-30 22:37:36', '2017-09-26 01:42:55', '6b04554c-8b4d-458f-8fbb-aa58cb6370ab'),
 ('169', 'SuperTable_Block', '1', '0', '2017-08-30 22:37:36', '2017-09-26 01:42:55', '0041eb17-4e95-437f-b80b-dcb0451813b2'),
 ('170', 'SuperTable_Block', '1', '0', '2017-08-30 22:37:36', '2017-09-26 01:42:55', '430c48b4-c5c3-4bc2-b8ae-0ebf96b06cca'),
 ('171', 'SuperTable_Block', '1', '0', '2017-08-30 22:37:36', '2017-09-26 01:42:55', 'ab061227-20a5-4b19-9ee2-2a73ac5fde33'),
 ('172', 'Asset', '1', '0', '2017-08-30 22:40:45', '2017-09-08 16:51:40', '0885967e-983d-4968-8264-ce1ffa6927d4'),
 ('173', 'Asset', '1', '0', '2017-08-30 22:41:23', '2017-09-08 16:51:39', 'f3d98709-09fc-4424-aeea-56f57202211a'),
 ('174', 'Asset', '1', '0', '2017-08-30 22:41:24', '2017-09-08 16:51:39', 'a1adee9e-21b7-4e39-abd3-9fa6f4e19006'),
 ('175', 'Asset', '1', '0', '2017-08-30 22:41:25', '2017-09-08 16:51:41', 'bc7abcdb-f638-454d-b1a0-bd60aeb051e3'),
 ('177', 'Asset', '1', '0', '2017-08-30 22:42:35', '2017-09-08 16:51:26', 'bcf600d3-18d1-4ae5-8f96-6323495d1f32'),
 ('179', 'MatrixBlock', '1', '0', '2017-08-30 22:42:57', '2017-09-26 01:42:55', '1ba654e9-706f-4cd3-9ba5-fdba91eca6b5'),
 ('180', 'MatrixBlock', '1', '0', '2017-08-30 22:42:57', '2017-09-26 01:42:55', 'b5118cf9-343c-4309-9bd9-68fa571eb45f'),
 ('181', 'MatrixBlock', '1', '0', '2017-08-30 22:42:57', '2017-09-26 01:42:55', 'afefa7b1-b8e4-4487-bea7-37e79cf3ba51'),
 ('183', 'Asset', '1', '0', '2017-09-03 23:47:46', '2017-09-08 16:51:30', 'eac9fd8b-b554-47fa-b063-fe8d3cd88486'),
 ('187', 'Asset', '1', '0', '2017-09-04 00:26:12', '2017-09-08 16:51:37', 'cb1bd6de-8f68-433a-a611-09485de5830c'),
 ('190', 'Asset', '1', '0', '2017-09-04 00:42:22', '2017-09-08 16:51:35', '0b98b40c-0ee8-48c4-a17a-ceb307df8b8d'),
 ('191', 'Asset', '1', '0', '2017-09-04 00:42:23', '2017-09-08 16:51:42', '5e83781b-7a32-49dd-b0ca-84cedf692b9a'),
 ('192', 'Asset', '1', '0', '2017-09-04 00:42:25', '2017-09-08 16:51:43', '21a33fdd-bdd3-45ef-a232-6648c36dd56b'),
 ('193', 'Asset', '1', '0', '2017-09-04 00:42:28', '2017-09-08 16:51:38', 'b49a887f-01f8-4096-9a1f-fc4b6ff73bf0'),
 ('194', 'Asset', '1', '0', '2017-09-04 00:42:30', '2017-09-08 16:51:38', 'fc5860ce-69ac-46df-8293-f3bae311b557'),
 ('195', 'Asset', '1', '0', '2017-09-04 00:44:43', '2017-09-08 16:51:36', '6f779b89-c60c-4366-81be-ae4d725032ba'),
 ('196', 'Asset', '1', '0', '2017-09-04 00:49:34', '2017-09-08 16:51:37', 'ca5ea0c4-d871-41e7-b7da-a9774b6607f5'),
 ('197', 'Asset', '1', '0', '2017-09-04 00:49:36', '2017-09-08 16:51:37', '676fd4e0-b2b2-4e34-8f41-dd2672261d59'),
 ('198', 'Asset', '1', '0', '2017-09-04 00:49:38', '2017-09-08 16:51:37', 'f60ce908-14a5-42b9-9a4e-3594f4501b9f'),
 ('199', 'Asset', '1', '0', '2017-09-04 01:04:18', '2017-09-08 16:51:26', 'a784e2df-050a-4ae5-b655-294f61f2bfc5'),
 ('200', 'Asset', '1', '0', '2017-09-04 01:04:22', '2017-09-08 16:51:27', 'b018ff51-0599-4e4d-9cce-13ea7014ac87'),
 ('203', 'Asset', '1', '0', '2017-09-04 01:05:29', '2017-09-08 16:51:26', 'e5067dda-815a-44b8-91ce-bbcda58b80d6'),
 ('206', 'Asset', '1', '0', '2017-09-04 01:05:55', '2017-09-08 16:51:30', '09fc45fe-e7b4-4a93-8381-ee3fed4c6fea'),
 ('207', 'Asset', '1', '0', '2017-09-04 01:05:58', '2017-09-08 16:51:37', 'cd2898a0-6260-4a17-a44d-686a44774866'),
 ('208', 'Asset', '1', '0', '2017-09-04 01:10:06', '2017-09-08 16:51:31', '0e04a726-c2ea-4dfa-8708-da8c7544dcf3'),
 ('209', 'Asset', '1', '0', '2017-09-04 01:18:46', '2017-09-08 16:51:30', '0208ad05-7049-49aa-93c2-1aecaca6ebc8'),
 ('210', 'Asset', '1', '0', '2017-09-04 01:24:32', '2017-09-08 16:51:27', 'ac1785a8-04ed-4099-9dae-f25ed20193c6'),
 ('211', 'Asset', '1', '0', '2017-09-04 01:25:48', '2017-09-08 16:51:27', '71548801-ef01-44a9-9168-06af4bfeb72f'),
 ('212', 'Asset', '1', '0', '2017-09-04 01:27:58', '2017-09-08 16:51:40', '6f8f1022-2f7b-45fe-b4e2-c59a81e7b795'),
 ('213', 'Asset', '1', '0', '2017-09-04 01:31:20', '2017-09-08 16:51:46', '5229820b-beeb-4017-b895-489051732301'),
 ('214', 'Asset', '1', '0', '2017-09-04 01:39:01', '2017-09-08 16:51:33', '0ee09a75-f5c2-4fe6-82ea-ac8a24aa5b6f'),
 ('215', 'Asset', '1', '0', '2017-09-04 01:46:03', '2017-09-08 16:51:33', 'a04bec6f-5331-4c3e-adda-07b1631f95f0'),
 ('216', 'Asset', '1', '0', '2017-09-04 01:47:31', '2017-09-08 16:51:33', '04cce1e2-97c9-49c9-893d-b995f5b0597b'),
 ('218', 'Asset', '1', '0', '2017-09-04 01:55:02', '2017-09-08 16:51:33', '077456cd-eed5-42bb-a384-88c791e8d708'),
 ('219', 'Asset', '1', '0', '2017-09-04 01:56:10', '2017-09-08 16:51:34', '2524b3f8-22b5-4d7f-b165-e24584f8011f'),
 ('222', 'Asset', '1', '0', '2017-09-08 16:51:27', '2017-09-08 16:51:27', 'fff70da2-d471-4ef6-9a09-ff9fe7f8a768'),
 ('223', 'Asset', '1', '0', '2017-09-08 16:51:28', '2017-09-08 16:51:28', 'ed1458bc-3623-4213-ada1-e4e7cee6b2d7'),
 ('224', 'Asset', '1', '0', '2017-09-08 16:51:28', '2017-09-08 16:51:28', '5b8c74aa-aa26-4895-9705-7cb93ed12c32'),
 ('225', 'Asset', '1', '0', '2017-09-08 16:51:28', '2017-09-08 16:51:28', '70176fbf-d3b0-4ba1-963a-6cc12c0835cb'),
 ('226', 'Asset', '1', '0', '2017-09-08 16:51:28', '2017-09-08 16:51:28', 'e616c481-ece9-41dd-a1e3-aa4e9a1f6410'),
 ('227', 'Asset', '1', '0', '2017-09-08 16:51:30', '2017-09-08 16:51:30', '8cae9b58-b23c-4d2f-a1a5-4f902d0eee7c'),
 ('228', 'Asset', '1', '0', '2017-09-08 16:51:30', '2017-09-08 16:51:31', '25a7ccd1-36b6-48bf-a799-f112c77c021b'),
 ('229', 'Asset', '1', '0', '2017-09-08 16:51:31', '2017-09-08 16:51:31', '9fe30ed0-e9ee-45f0-87de-88467d0c9743'),
 ('230', 'Asset', '1', '0', '2017-09-08 16:51:31', '2017-09-08 16:51:31', 'db79d416-d96a-42d7-b5f4-972c23ef7361'),
 ('231', 'Asset', '1', '0', '2017-09-08 16:51:31', '2017-09-08 16:51:31', '2e3826fc-2630-41d7-b599-ed003d26608f'),
 ('232', 'Asset', '1', '0', '2017-09-08 16:51:32', '2017-09-08 16:51:32', 'b9d5e199-4e17-4439-8363-b89a046c31e6'),
 ('233', 'Asset', '1', '0', '2017-09-08 16:51:32', '2017-09-08 16:51:32', '7524b40e-b8e2-4c97-9d93-add85e24b085'),
 ('234', 'Asset', '1', '0', '2017-09-08 16:51:32', '2017-09-08 16:51:32', '6e26eb7d-d9af-4f01-8556-c218a898c645'),
 ('235', 'Asset', '1', '0', '2017-09-08 16:51:32', '2017-09-08 16:51:32', 'f8337fd9-a332-455a-9add-b00b60ce369a'),
 ('236', 'Asset', '1', '0', '2017-09-08 16:51:32', '2017-09-08 16:51:33', '922e3772-10b3-444a-922d-5561076e553c'),
 ('237', 'Asset', '1', '0', '2017-09-08 16:51:35', '2017-09-08 16:51:35', '117d3697-c71a-4567-8c34-a240160ad589'),
 ('238', 'Asset', '1', '0', '2017-09-08 16:51:35', '2017-09-08 16:51:35', 'd0e5059c-62ef-40aa-aea8-9572cb4cb4ac'),
 ('239', 'Asset', '1', '0', '2017-09-08 16:51:35', '2017-09-08 16:51:36', 'eb3763f3-8423-4f42-b45c-f84a7b28a5da'),
 ('240', 'Asset', '1', '0', '2017-09-08 16:51:36', '2017-09-08 16:51:36', '44b79753-e927-477e-8628-88888fa654c0'),
 ('241', 'Asset', '1', '0', '2017-09-08 16:51:36', '2017-09-08 16:51:36', '4b0ee7dd-2df8-48e8-abee-697df58c0936'),
 ('242', 'Asset', '1', '0', '2017-09-08 16:51:38', '2017-09-08 16:51:38', '457bbb85-c407-4bfd-b21b-419416edd7c3'),
 ('243', 'Asset', '1', '0', '2017-09-08 16:51:38', '2017-09-08 16:51:38', '44163665-3953-46fb-9d56-9dbc312155c9'),
 ('244', 'Asset', '1', '0', '2017-09-08 16:51:38', '2017-09-08 16:51:39', 'ad9c91ff-de8b-4d21-95fe-45f2dd76ea00'),
 ('245', 'Asset', '1', '0', '2017-09-08 16:51:39', '2017-09-08 16:51:39', '8c6ba952-bb09-4357-a599-f89a78feca39'),
 ('246', 'Asset', '1', '0', '2017-09-08 16:51:39', '2017-09-08 16:51:40', '137aadf6-b645-4d73-8cde-50ff2ff346f1'),
 ('247', 'Asset', '1', '0', '2017-09-08 16:51:41', '2017-09-08 16:51:41', 'a43c8491-a123-42e5-8ae0-5101a097928d'),
 ('248', 'Asset', '1', '0', '2017-09-08 16:51:41', '2017-09-08 16:51:41', '01881167-cdf2-49f3-a26e-83362b4fef78'),
 ('249', 'Asset', '1', '0', '2017-09-08 16:51:45', '2017-09-08 16:51:45', 'fcdb6ea4-9bce-4f94-802e-f4b1ab90f51e'),
 ('250', 'Asset', '1', '0', '2017-09-08 16:51:47', '2017-09-08 16:51:47', '1cc27e56-1557-461c-b3da-d116558e65cd'),
 ('251', 'MatrixBlock', '1', '0', '2017-09-14 00:40:35', '2017-09-26 01:42:55', '37a621b8-d7f9-4d00-b2b8-7d72eb61fe5b'),
 ('252', 'MatrixBlock', '1', '0', '2017-09-14 01:28:44', '2017-09-26 01:42:55', '16338bd4-0325-4650-9f77-2f93f76b77d7'),
 ('253', 'MatrixBlock', '1', '0', '2017-09-17 01:15:36', '2017-09-28 01:04:09', 'b80ea9ea-e44d-4881-b81d-a9ea680c7281'),
 ('254', 'MatrixBlock', '1', '0', '2017-09-17 01:15:36', '2017-09-28 01:04:09', 'fb6ebeef-0cc5-4e0b-a1f2-2fff4c187535'),
 ('255', 'MatrixBlock', '1', '0', '2017-09-17 01:15:36', '2017-09-28 01:04:09', 'e2c911a7-13fc-42a4-9cb1-0c975f38679b'),
 ('256', 'MatrixBlock', '1', '0', '2017-09-17 01:15:36', '2017-09-28 01:04:09', '977735b1-99d9-4603-884f-a526263c6616');
INSERT INTO `craft_elements` (`id`, `type`, `enabled`, `archived`, `dateCreated`, `dateUpdated`, `uid`) VALUES
 ('257', 'MatrixBlock', '1', '0', '2017-09-17 01:15:36', '2017-09-28 01:04:09', '7d1c93b8-fd65-4fd0-8254-a978f3c7ac89'),
 ('258', 'MatrixBlock', '1', '0', '2017-09-17 01:38:30', '2017-09-28 01:04:09', 'd0176984-75b4-468d-95ff-2b0e38d27dee'),
 ('267', 'MatrixBlock', '1', '0', '2017-09-17 01:52:35', '2017-09-28 01:04:09', 'ab9f5041-e025-434d-9ff9-3856ec1bc132'),
 ('268', 'MatrixBlock', '1', '0', '2017-09-17 01:52:35', '2017-09-28 01:04:09', 'bc2f6249-9d1f-4bc6-bd60-8fdd87b24b2c'),
 ('269', 'MatrixBlock', '1', '0', '2017-09-17 01:52:35', '2017-09-28 01:04:09', '829b5b8e-5a52-4f2e-885f-b5ce556edbfb'),
 ('270', 'MatrixBlock', '1', '0', '2017-09-17 01:52:35', '2017-09-28 01:04:09', 'e17d74e9-90f4-4916-a953-aecf21f43813'),
 ('271', 'MatrixBlock', '1', '0', '2017-09-17 01:52:35', '2017-09-28 01:04:09', 'deb00a4d-4f86-423e-8a3d-eb9e84d2dc92'),
 ('272', 'MatrixBlock', '1', '0', '2017-09-17 01:52:35', '2017-09-28 01:04:09', '58d59b30-2b2f-4c4f-87fd-5f1b5f849c9e'),
 ('273', 'MatrixBlock', '1', '0', '2017-09-17 01:52:35', '2017-09-28 01:04:09', 'ec609abf-6b6e-4662-b37b-7a674e0287d1'),
 ('274', 'MatrixBlock', '1', '0', '2017-09-17 01:52:35', '2017-09-28 01:04:09', '617c2761-ee37-4eda-87ed-bd2f0ebfa546'),
 ('275', 'MatrixBlock', '1', '0', '2017-09-17 02:24:48', '2017-09-28 01:04:09', '0b626d96-c47d-4f31-828d-89775bfef1a5'),
 ('276', 'MatrixBlock', '1', '0', '2017-09-17 02:24:48', '2017-09-28 01:04:09', '61f66afa-1d8e-4871-b2d6-f66aa07247ba'),
 ('277', 'MatrixBlock', '1', '0', '2017-09-17 02:24:48', '2017-09-28 01:04:09', 'fa891930-9c4f-42bc-817a-bfebf1b813dc'),
 ('278', 'MatrixBlock', '1', '0', '2017-09-17 02:24:48', '2017-09-28 01:04:09', '13abdd3a-0b6a-4c94-b91c-4bf7ade629a3'),
 ('279', 'Entry', '1', '0', '2017-09-26 01:21:12', '2017-09-26 01:21:12', '3fd46e6f-935d-4cdf-8a14-e73996829105'),
 ('280', 'SuperTable_Block', '1', '0', '2017-09-26 01:36:37', '2017-09-26 01:42:55', 'b929ac96-d940-442a-b0ff-67b34724c4da'),
 ('281', 'MatrixBlock', '1', '0', '2017-09-26 01:36:37', '2017-09-26 01:42:55', '8fb81c9e-fb1a-40c2-bdd6-a8bac0474095'),
 ('282', 'MatrixBlock', '1', '0', '2017-09-26 01:47:21', '2017-09-26 01:48:42', '67ae1fde-7462-4b2a-b90f-9f1829a84406'),
 ('283', 'MatrixBlock', '1', '0', '2017-09-26 01:47:21', '2017-09-26 01:48:42', 'f67a734a-92cb-4574-96d8-335c20fc7e96');



DROP TABLE IF EXISTS `craft_elements_i18n`;


--
-- Schema for table `craft_elements_i18n`
--
CREATE TABLE `craft_elements_i18n` (
  `id` int(11) NOT NULL AUTO_INCREMENT,
  `elementId` int(11) NOT NULL,
  `locale` char(12) COLLATE utf8_unicode_ci NOT NULL,
  `slug` varchar(255) COLLATE utf8_unicode_ci DEFAULT NULL,
  `uri` varchar(255) COLLATE utf8_unicode_ci DEFAULT NULL,
  `enabled` tinyint(1) unsigned NOT NULL DEFAULT '1',
  `dateCreated` datetime NOT NULL,
  `dateUpdated` datetime NOT NULL,
  `uid` char(36) COLLATE utf8_unicode_ci NOT NULL DEFAULT '0',
  PRIMARY KEY (`id`),
  UNIQUE KEY `craft_elements_i18n_elementId_locale_unq_idx` (`elementId`,`locale`),
  UNIQUE KEY `craft_elements_i18n_uri_locale_unq_idx` (`uri`,`locale`),
  KEY `craft_elements_i18n_slug_locale_idx` (`slug`,`locale`),
  KEY `craft_elements_i18n_enabled_idx` (`enabled`),
  KEY `craft_elements_i18n_locale_fk` (`locale`)
) ENGINE=InnoDB AUTO_INCREMENT=284 DEFAULT CHARSET=utf8 COLLATE=utf8_unicode_ci;

--
-- Data for table `craft_elements_i18n`
--

INSERT INTO `craft_elements_i18n` (`id`, `elementId`, `locale`, `slug`, `uri`, `enabled`, `dateCreated`, `dateUpdated`, `uid`) VALUES
 ('1', '1', 'en_us', '', NULL, '1', '2017-08-14 03:05:13', '2017-08-14 03:05:13', '7e5ff1ce-fec5-4814-b62a-797b510b9ec0'),
 ('2', '2', 'en_us', 'homepage', '__home__', '1', '2017-08-14 03:05:16', '2017-09-28 01:04:09', '7065d673-6c67-459a-96a3-b4991918cab5'),
 ('4', '4', 'en_us', 'airbnb', 'projects/airbnb', '1', '2017-08-14 03:20:48', '2017-09-26 01:42:55', '66e8b204-d620-4e64-8f89-6b2a651b398b'),
 ('11', '11', 'en_us', 'example', NULL, '1', '2017-08-16 02:02:02', '2017-09-08 16:51:40', '635725ed-03fe-480b-a5b0-c3cfa86417c0'),
 ('13', '13', 'en_us', 'arrow-left', NULL, '1', '2017-08-16 02:02:02', '2017-09-08 16:51:41', '011142eb-36b1-489b-89f0-0d2587475afd'),
 ('14', '14', 'en_us', 'arrow-right', NULL, '1', '2017-08-16 02:02:03', '2017-09-08 16:51:41', '950c193e-0977-4311-8ad3-4e05e2201c0b'),
 ('15', '15', 'en_us', 'facebook', NULL, '1', '2017-08-16 02:02:03', '2017-09-08 16:51:41', '082b7813-c0b1-4e5d-8488-a4cf7a5d0355'),
 ('16', '16', 'en_us', 'instagram', NULL, '1', '2017-08-16 02:02:03', '2017-09-08 16:51:42', '8b9dde34-bb7f-4e16-8818-725a87ede706'),
 ('17', '17', 'en_us', 'mail', NULL, '1', '2017-08-16 02:02:03', '2017-09-08 16:51:42', '08d89d9b-8a29-4a5f-8124-b74d96ab9048'),
 ('18', '18', 'en_us', 'twitter', NULL, '1', '2017-08-16 02:02:03', '2017-09-08 16:51:42', 'a956ffff-32e7-4063-bebf-5ab3d8ed1f37'),
 ('19', '19', 'en_us', 'jazmin-quaynor-35847', NULL, '1', '2017-08-16 02:02:03', '2017-09-08 16:51:43', 'a27eca61-61a0-4a9f-ad0a-c0cc2f5a144d'),
 ('20', '20', 'en_us', 'lukas-robertson-191319', NULL, '1', '2017-08-16 02:02:03', '2017-09-08 16:51:43', '31bdc049-ea36-42a5-826e-ef49f2a8d837'),
 ('21', '21', 'en_us', 'photo-1496389294434-c84a4ebe3a08', NULL, '1', '2017-08-16 02:02:04', '2017-09-08 16:51:44', 'ac2687b2-7aa5-4efd-8e97-46fa6f5717c5'),
 ('23', '23', 'en_us', 'slide-1', NULL, '1', '2017-08-16 02:02:04', '2017-09-08 16:51:45', '2bd6d8e9-7b88-4676-9859-f795968923d9'),
 ('24', '24', 'en_us', 'slide-2', NULL, '1', '2017-08-16 02:02:04', '2017-09-08 16:51:46', 'f6ba9b24-acd0-4a77-ad6d-a82f3d32e291'),
 ('25', '25', 'en_us', 'slide-intro', NULL, '1', '2017-08-16 02:02:04', '2017-09-08 16:51:46', '029c8e03-0d4d-4710-b85b-a254a8fe08bf'),
 ('28', '28', 'en_us', 'philz-coffee', 'projects/philz-coffee', '1', '2017-08-16 03:18:26', '2017-09-17 19:29:36', '695e7dc7-fa9d-43e7-be6c-e88ca7757cc0'),
 ('29', '29', 'en_us', '33877889442-be0e2f82f0-o', NULL, '1', '2017-08-16 03:18:36', '2017-09-08 16:51:26', '8dc0686c-749d-4b43-80a4-3ba5b788613b'),
 ('30', '30', 'en_us', 'slide-3', NULL, '1', '2017-08-16 03:18:40', '2017-09-08 16:51:46', 'd9db85e0-c4a8-4519-9065-e1fdae55fbaf'),
 ('32', '32', 'en_us', '', NULL, '1', '2017-08-20 00:40:09', '2017-09-17 19:29:36', '6d548d0d-599b-4abc-8d4b-fc785135fea0'),
 ('33', '33', 'en_us', '', NULL, '1', '2017-08-20 00:40:09', '2017-09-17 19:29:36', 'a7b3e260-8b32-4c3b-9697-9488dade3b30'),
 ('34', '34', 'en_us', '', NULL, '1', '2017-08-20 00:40:09', '2017-09-17 19:29:36', '353ac104-f3ea-41e7-847f-40bcad658217'),
 ('35', '35', 'en_us', '', NULL, '1', '2017-08-20 00:40:09', '2017-09-17 19:29:36', '212013fd-463a-4257-b18a-ac6097560f9a'),
 ('36', '36', 'en_us', '', NULL, '1', '2017-08-20 00:40:09', '2017-09-17 19:29:36', '1a1cef06-2f64-42fe-a5b0-d85da14d4963'),
 ('37', '37', 'en_us', '', NULL, '1', '2017-08-20 00:40:09', '2017-09-17 19:29:36', '236eab03-0c4d-43d0-81dc-2c2b9a7ca0a9'),
 ('38', '38', 'en_us', '', NULL, '1', '2017-08-20 00:40:09', '2017-09-17 19:29:36', '1ad5700c-3d0b-4477-8e77-1d8c12fc6682'),
 ('39', '39', 'en_us', '', NULL, '1', '2017-08-20 00:40:09', '2017-09-17 19:29:36', '4cfad2cf-3909-46c1-89b7-6ce369f12289'),
 ('40', '40', 'en_us', '', NULL, '1', '2017-08-20 00:40:09', '2017-09-17 19:29:36', '8635a91b-5e1e-4433-865f-d4dff13b968f'),
 ('41', '41', 'en_us', '', NULL, '1', '2017-08-20 00:40:09', '2017-09-17 19:29:36', 'c7e909d0-423f-4398-9386-c46acbf930f9'),
 ('42', '42', 'en_us', '', NULL, '1', '2017-08-20 00:40:09', '2017-09-17 19:29:36', 'ff914621-d86e-4dbd-aebe-26786200247b'),
 ('43', '43', 'en_us', '', NULL, '1', '2017-08-20 00:40:09', '2017-09-17 19:29:36', '47676529-eaa7-416e-9e19-aec1dac75d97'),
 ('44', '44', 'en_us', '', NULL, '1', '2017-08-20 00:40:09', '2017-09-17 19:29:36', '006c8eab-e41b-418b-86ef-1c1e1f3ed567'),
 ('50', '50', 'en_us', '', NULL, '1', '2017-08-20 01:44:22', '2017-09-17 19:29:36', 'c4196e58-696e-47d1-9c90-b40eda7a4a21'),
 ('51', '51', 'en_us', '', NULL, '1', '2017-08-20 01:44:22', '2017-09-17 19:29:36', '3133a3bb-ceb0-45d9-b8e9-ae1caddd7921'),
 ('52', '52', 'en_us', '', NULL, '1', '2017-08-20 01:44:22', '2017-09-17 19:29:36', 'fc1c302b-568a-4d3a-8c7d-e23a245ada28'),
 ('53', '53', 'en_us', '', NULL, '1', '2017-08-20 01:44:22', '2017-09-17 19:29:36', '58de5180-737b-4dfe-b52e-7e157887346f'),
 ('54', '54', 'en_us', '', NULL, '1', '2017-08-20 01:44:22', '2017-09-17 19:29:36', '4765a0fe-2f73-4402-b304-bfc7c95c85b9'),
 ('55', '55', 'en_us', '', NULL, '1', '2017-08-20 01:44:22', '2017-09-17 19:29:36', '0e0edb48-5f3d-4880-a7bf-8f1cb5cd77c9'),
 ('56', '56', 'en_us', 'bh9-a2986', NULL, '1', '2017-08-20 01:44:55', '2017-09-08 16:51:29', '9421aa75-fe46-44d6-bcac-4b6b5aad2c20'),
 ('57', '57', 'en_us', 'bh9-a2533', NULL, '1', '2017-08-20 01:44:55', '2017-09-08 16:51:29', 'd74fd7d6-75ab-4d99-9e34-15ca88bda2f8'),
 ('58', '58', 'en_us', 'img-0968', NULL, '1', '2017-08-20 01:44:57', '2017-09-08 16:51:34', '24c94c66-4398-4ab8-bf4a-4fec52566025'),
 ('59', '59', 'en_us', 'img-0970', NULL, '1', '2017-08-20 01:44:57', '2017-09-08 16:51:34', 'd9120ede-fdbe-4ec2-822f-93c6aaf84c29'),
 ('60', '60', 'en_us', 'img-0972', NULL, '1', '2017-08-20 01:44:57', '2017-09-08 16:51:34', '098a36c0-7fa6-4e04-ba95-cbf5b4241488'),
 ('61', '61', 'en_us', 'img-0978', NULL, '1', '2017-08-20 01:44:57', '2017-09-08 16:51:34', 'aa695145-bc8b-48b4-8775-f72d9621c557'),
 ('62', '62', 'en_us', 'img-0979', NULL, '1', '2017-08-20 01:44:57', '2017-09-08 16:51:35', '108c99e1-7319-4563-96d2-954a07ccff42'),
 ('64', '64', 'en_us', '', NULL, '1', '2017-08-20 01:47:51', '2017-09-17 19:29:36', '8ddf3cd1-9219-4f17-a624-771ac543864a'),
 ('65', '65', 'en_us', '', NULL, '1', '2017-08-20 01:47:51', '2017-09-17 19:29:36', 'e78bab2e-5655-4c07-a8a7-24d66be01242'),
 ('66', '66', 'en_us', '', NULL, '1', '2017-08-20 01:47:51', '2017-09-17 19:29:36', 'f375e877-0f7f-4b24-8a5f-09e56f1cba96'),
 ('67', '67', 'en_us', '', NULL, '1', '2017-08-20 01:47:51', '2017-09-17 19:29:36', '8093bacc-6622-428f-9d8d-9abe63ef1b8e'),
 ('68', '68', 'en_us', '', NULL, '1', '2017-08-20 01:47:51', '2017-09-17 19:29:36', 'fadfe95e-ad1f-4b79-8fb2-0b91843fb027'),
 ('69', '69', 'en_us', '', NULL, '1', '2017-08-20 01:47:51', '2017-09-17 19:29:36', '3233ad88-c09c-4c0f-8ae3-2566793042a1'),
 ('70', '70', 'en_us', 'bh9-a2923', NULL, '1', '2017-08-20 01:53:06', '2017-09-08 16:51:29', '206767b2-3692-41ba-9a1f-ef8a76a61d61'),
 ('71', '71', 'en_us', 'bh9-a2991', NULL, '1', '2017-08-20 01:53:06', '2017-09-08 16:51:29', 'acce5a71-d13f-4f5c-9d42-f9d407a49a9e'),
 ('72', '72', 'en_us', 'bh9-a2998', NULL, '1', '2017-08-20 01:53:06', '2017-09-08 16:51:29', '4b2f739c-c930-4016-9a94-c311e1bad870'),
 ('73', '73', 'en_us', 'bh9-a3437', NULL, '1', '2017-08-20 01:57:55', '2017-09-08 16:51:29', '08066c2d-7131-41cd-9a53-7051c4e8114f'),
 ('74', '74', 'en_us', 'bh9-a3027', NULL, '1', '2017-08-20 02:22:00', '2017-09-08 16:51:29', '95beac70-88ab-454d-948a-2fb7933e0ea8'),
 ('75', '75', 'en_us', '', NULL, '1', '2017-08-21 23:30:12', '2017-08-22 00:46:30', '02af59bc-9bb0-4017-b6fe-77325804a5e7'),
 ('76', '76', 'en_us', '33878182202-6989bba734-o', NULL, '1', '2017-08-22 01:20:46', '2017-09-08 16:51:27', 'd67df46c-f16c-41ef-9e27-d0b93c4f6196'),
 ('77', '77', 'en_us', 'instagram', 'projects/instagram', '1', '2017-08-22 01:21:22', '2017-09-26 01:48:42', '7927abc7-8d0a-4370-964b-b2b35315b8d6'),
 ('78', '78', 'en_us', '', NULL, '1', '2017-08-27 21:20:43', '2017-09-28 01:04:09', 'afdab510-b74f-4a1a-87f4-1bad510b1bc6'),
 ('79', '79', 'en_us', '', NULL, '1', '2017-08-27 21:20:43', '2017-09-28 01:04:09', '4e580bd8-c1b8-4aa8-9da0-47dbfe6c703b'),
 ('80', '80', 'en_us', '', NULL, '1', '2017-08-27 21:20:43', '2017-09-28 01:04:09', '497d0013-4fc1-4f6b-817e-550ad718c952'),
 ('81', '81', 'en_us', '', NULL, '1', '2017-08-27 21:20:43', '2017-09-28 01:04:09', '00177cca-0482-4778-81d5-8039db69803b'),
 ('82', '82', 'en_us', '', NULL, '1', '2017-08-27 21:20:43', '2017-09-28 01:04:09', '6ae76f6d-bfc1-4437-be13-5fb2c2e1a131'),
 ('83', '83', 'en_us', '', NULL, '1', '2017-08-27 21:20:43', '2017-09-28 01:04:09', 'e03ed9de-b3c7-4dae-a3fb-04b2d9c04059'),
 ('84', '84', 'en_us', '', NULL, '1', '2017-08-27 21:20:43', '2017-09-28 01:04:09', '9611d208-9ad2-4a04-b5c4-b81aaf20daba'),
 ('85', '85', 'en_us', '', NULL, '1', '2017-08-27 21:20:43', '2017-09-28 01:04:09', '1aaba11c-2dba-4f70-b484-4f7d90eeef79'),
 ('86', '86', 'en_us', '', NULL, '1', '2017-08-27 21:20:43', '2017-09-28 01:04:09', 'd5a527b4-98a5-4368-9ecf-5bbe316bb9df'),
 ('87', '87', 'en_us', '', NULL, '1', '2017-08-27 21:20:43', '2017-09-28 01:04:09', 'e0b289ce-3f96-4b33-b8a3-eba767611564'),
 ('88', '88', 'en_us', '', NULL, '1', '2017-08-27 21:20:43', '2017-09-28 01:04:09', 'ed0dd3f9-c82e-4624-a0bc-5e5b1d5d429f'),
 ('89', '89', 'en_us', '', NULL, '1', '2017-08-27 21:20:43', '2017-09-28 01:04:09', 'baef2527-de39-4085-b9ab-9031f2e961a3'),
 ('90', '90', 'en_us', '', NULL, '1', '2017-08-27 21:20:43', '2017-09-28 01:04:09', '6049d8a3-2489-40b7-a2fb-ee542cda002d'),
 ('91', '91', 'en_us', '', NULL, '1', '2017-08-27 21:20:43', '2017-09-28 01:04:09', 'eed6be1b-0738-49f9-b632-a46d675e1f51'),
 ('92', '92', 'en_us', '', NULL, '1', '2017-08-27 21:20:43', '2017-09-28 01:04:09', '5a341561-c55f-4c7d-8eb5-1ba8515c979b'),
 ('93', '93', 'en_us', '', NULL, '1', '2017-08-27 21:22:53', '2017-09-28 01:04:09', '7390b7c3-747a-43dd-87d9-e7f3862aa781'),
 ('96', '96', 'en_us', 'film', NULL, '1', '2017-08-27 21:54:25', '2017-08-27 21:54:25', 'c178f2ca-15b4-4e1c-beef-1eb352f836f2'),
 ('97', '97', 'en_us', '404', NULL, '1', '2017-08-28 02:28:01', '2017-09-08 16:51:28', 'c8de4d05-cbb0-4793-bb6f-d2d9672fecf8'),
 ('112', '112', 'en_us', 'projects-shape', NULL, '1', '2017-08-28 02:28:08', '2017-09-08 16:51:45', '40ccd737-c47d-4666-b835-43b9f2a0e758'),
 ('113', '113', 'en_us', 'blockquote-bottom', NULL, '1', '2017-08-28 02:28:08', '2017-09-08 16:51:45', 'e98959cc-0d9a-444f-98d0-90ab7987939b'),
 ('114', '114', 'en_us', 'blockquote-top', NULL, '1', '2017-08-28 02:28:08', '2017-09-08 16:51:45', 'd9ee95f7-99e7-48ae-97c1-650758244aa9'),
 ('115', '115', 'en_us', 'case-study-banner', NULL, '1', '2017-08-28 02:28:08', '2017-09-08 16:51:45', 'afba2961-e3c4-40ce-a0bb-cc33c589785e'),
 ('116', '116', 'en_us', 'next-case-study', NULL, '1', '2017-08-28 02:28:08', '2017-09-08 16:51:45', '09c1aeed-8aa9-481a-81f7-fa0d098cdea7'),
 ('117', '117', 'en_us', 'apple', NULL, '1', '2017-08-28 02:28:51', '2017-09-08 16:51:39', '45b9c14d-6849-4c98-a5e8-a45883fd8064'),
 ('118', '118', 'en_us', 'ebay', NULL, '1', '2017-08-28 02:28:51', '2017-09-08 16:51:40', '47d2fa17-587f-4fe6-8dff-81d8855f7bcd'),
 ('119', '119', 'en_us', 'google', NULL, '1', '2017-08-28 02:28:52', '2017-09-08 16:51:40', '8adeab39-4922-496b-a8d2-4c939c2848fc'),
 ('120', '120', 'en_us', 'instagram', NULL, '1', '2017-08-28 02:28:53', '2017-09-08 16:51:42', '1a8c1c40-e6ee-47b0-a381-3db48014c0a7'),
 ('121', '121', 'en_us', 'june', NULL, '1', '2017-08-28 02:28:53', '2017-09-08 16:51:43', '602a871d-6ba8-40ef-b226-02f27c3a4bfa'),
 ('122', '122', 'en_us', 'maps', NULL, '1', '2017-08-28 02:28:54', '2017-09-08 16:51:43', '34eea9c9-8f83-4fa3-baa8-35339d4c1e09'),
 ('123', '123', 'en_us', 'mojo', NULL, '1', '2017-08-28 02:28:54', '2017-09-08 16:51:44', 'bc5647f8-d723-4e97-acbc-2032bd189570'),
 ('124', '124', 'en_us', 'pandora', NULL, '1', '2017-08-28 02:28:54', '2017-09-08 16:51:44', '39da3f4a-8249-4817-8a22-abf200163d34'),
 ('125', '125', 'en_us', 'pinterest', NULL, '1', '2017-08-28 02:28:54', '2017-09-08 16:51:44', '81dc963b-301d-4bdf-b3c4-ce4a7938286e'),
 ('126', '126', 'en_us', 'play', NULL, '1', '2017-08-28 02:28:54', '2017-09-08 16:51:44', '48b4fd49-97ea-4792-941a-ae466f59d598'),
 ('127', '127', 'en_us', 'trip', NULL, '1', '2017-08-28 02:28:55', '2017-09-08 16:51:46', 'f6fdd04a-a9b4-47b8-8bd0-a5371f029fbe'),
 ('128', '128', 'en_us', 'unep', NULL, '1', '2017-08-28 02:28:56', '2017-09-08 16:51:46', '2a455ebd-ff00-4784-a429-331b87a980be'),
 ('129', '129', 'en_us', 'visa', NULL, '1', '2017-08-28 02:28:56', '2017-09-08 16:51:47', '24741573-a810-41f6-b0ef-cd8fdc8feabb'),
 ('130', '130', 'en_us', 'wealthfront', NULL, '1', '2017-08-28 02:28:56', '2017-09-08 16:51:47', '54c7684a-618f-4ee7-b780-a54602ffb7aa'),
 ('131', '131', 'en_us', '', NULL, '1', '2017-08-28 02:31:36', '2017-09-28 01:04:09', 'aedc3225-f2cb-4ac1-9d77-dda599cb055b'),
 ('132', '132', 'en_us', '', NULL, '1', '2017-08-28 02:31:36', '2017-09-28 01:04:09', 'f5bc34dd-e7e5-4baf-b71d-654b7b97fbc4'),
 ('133', '133', 'en_us', '', NULL, '1', '2017-08-28 02:31:36', '2017-09-28 01:04:09', 'c940e464-1e1e-4676-be60-786ef28c240d'),
 ('134', '134', 'en_us', '', NULL, '1', '2017-08-28 02:31:36', '2017-09-28 01:04:09', 'dd2b87cf-5dac-438f-bf89-3cea6dc9bcd8');
INSERT INTO `craft_elements_i18n` (`id`, `elementId`, `locale`, `slug`, `uri`, `enabled`, `dateCreated`, `dateUpdated`, `uid`) VALUES
 ('135', '135', 'en_us', '', NULL, '1', '2017-08-28 02:31:36', '2017-09-28 01:04:09', '2fc8b831-1088-46e3-98d9-c416a1ce7ee5'),
 ('136', '136', 'en_us', '', NULL, '1', '2017-08-28 02:31:36', '2017-09-28 01:04:09', '612d99af-4a03-48ae-84c6-3cc49d3d3da5'),
 ('137', '137', 'en_us', '', NULL, '1', '2017-08-28 02:31:36', '2017-09-28 01:04:09', '66c0db19-f79c-43f5-8c68-205b65a04c85'),
 ('138', '138', 'en_us', '', NULL, '1', '2017-08-28 02:31:36', '2017-09-28 01:04:09', 'a03090b9-2538-456d-bb8f-61553c916c1b'),
 ('139', '139', 'en_us', '', NULL, '1', '2017-08-28 02:31:36', '2017-09-28 01:04:09', 'c4a60225-0f3d-4d2e-ae9d-035830f101bb'),
 ('140', '140', 'en_us', '', NULL, '1', '2017-08-28 02:31:36', '2017-09-28 01:04:09', '3ea01e1a-29f9-46d3-bb9c-3268dbfe2ec5'),
 ('141', '141', 'en_us', '', NULL, '1', '2017-08-28 02:31:37', '2017-09-28 01:04:09', 'bd6a4fa5-06fc-48e6-ac67-f1231257c04d'),
 ('142', '142', 'en_us', '', NULL, '1', '2017-08-28 02:31:37', '2017-09-28 01:04:09', '26d0a3be-618c-46f8-bb96-a150900cc16b'),
 ('143', '143', 'en_us', '', NULL, '1', '2017-08-28 02:31:37', '2017-09-28 01:04:09', '2edab689-77c9-4faa-8293-9e275db7c820'),
 ('144', '144', 'en_us', '', NULL, '1', '2017-08-28 02:31:37', '2017-09-28 01:04:09', 'a1c9351a-05ec-4059-acf7-c7b825493479'),
 ('145', '145', 'en_us', 'watsi', NULL, '1', '2017-08-28 02:32:32', '2017-09-08 16:51:47', '2353275a-d267-442d-96dc-e6a5241add6b'),
 ('146', '146', 'en_us', '', NULL, '1', '2017-08-30 22:22:29', '2017-09-26 01:42:55', '59daddf9-545e-4792-8c22-a215f89aa7a8'),
 ('147', '147', 'en_us', '', NULL, '1', '2017-08-30 22:22:29', '2017-09-26 01:42:55', '16f9cbf3-de89-402d-95d0-c36c66da7043'),
 ('152', '152', 'en_us', 'img-3535', NULL, '1', '2017-08-30 22:33:04', '2017-09-08 16:51:36', '4a2e7fa8-8848-4224-ba50-20d8baf6c212'),
 ('153', '153', 'en_us', '', NULL, '1', '2017-08-30 22:37:36', '2017-09-26 01:42:55', 'a6f859d2-6316-43f0-a2b6-c2c400eda4ff'),
 ('155', '155', 'en_us', '', NULL, '1', '2017-08-30 22:37:36', '2017-09-26 01:42:55', '0930d006-e4e2-419f-8fe5-0aec7661f380'),
 ('157', '157', 'en_us', '', NULL, '1', '2017-08-30 22:37:36', '2017-09-26 01:42:55', '95a6c952-ab18-46c2-9927-8f54fef62701'),
 ('158', '158', 'en_us', '', NULL, '1', '2017-08-30 22:37:36', '2017-09-26 01:42:55', 'c4bcae5d-7969-4737-9d1e-7a59dddfc7ee'),
 ('159', '159', 'en_us', '', NULL, '1', '2017-08-30 22:37:36', '2017-09-26 01:42:55', '5fef8165-fd8c-420a-a652-fa18a5d3ef34'),
 ('160', '160', 'en_us', '', NULL, '1', '2017-08-30 22:37:36', '2017-09-26 01:42:55', 'b24214f5-fec3-453f-a634-c3ebfecb7aa7'),
 ('161', '161', 'en_us', '', NULL, '1', '2017-08-30 22:37:36', '2017-09-26 01:42:55', 'b85ca774-0618-4327-a12e-b1b7ed71c923'),
 ('162', '162', 'en_us', '', NULL, '1', '2017-08-30 22:37:36', '2017-09-26 01:42:55', '1d34d765-a6c5-4529-9f17-0e9610c8600c'),
 ('164', '164', 'en_us', '', NULL, '1', '2017-08-30 22:37:36', '2017-09-26 01:42:55', '09b547a3-3d23-400c-8a4c-b64443e7239b'),
 ('165', '165', 'en_us', '', NULL, '1', '2017-08-30 22:37:36', '2017-09-26 01:42:55', 'd9921eaa-756c-4658-97d0-3ef9029e9b89'),
 ('166', '166', 'en_us', '', NULL, '1', '2017-08-30 22:37:36', '2017-09-26 01:42:55', '12fa68f9-27b0-4470-9d13-0786b65b5cd6'),
 ('167', '167', 'en_us', '', NULL, '1', '2017-08-30 22:37:36', '2017-09-26 01:42:55', 'f4e7a679-cf99-4aa1-a1e2-59c917d0a14b'),
 ('168', '168', 'en_us', '', NULL, '1', '2017-08-30 22:37:36', '2017-09-26 01:42:55', 'ee9e2fe3-db16-4994-b6e6-0cab6722364b'),
 ('169', '169', 'en_us', '', NULL, '1', '2017-08-30 22:37:36', '2017-09-26 01:42:55', '5deaf425-2546-477a-8b53-5495f2a85a67'),
 ('170', '170', 'en_us', '', NULL, '1', '2017-08-30 22:37:36', '2017-09-26 01:42:55', 'd0c9e267-b5b8-4ea3-bf6b-1fc7a65918b0'),
 ('171', '171', 'en_us', '', NULL, '1', '2017-08-30 22:37:36', '2017-09-26 01:42:55', '5a12cec0-e23a-48b2-9777-c9619d64fbf1'),
 ('172', '172', 'en_us', 'experiences-landing-page', NULL, '1', '2017-08-30 22:40:45', '2017-09-08 16:51:40', 'ec858f87-6edb-425f-b286-57705e3cc3f8'),
 ('173', '173', 'en_us', 'airbnb-trips', NULL, '1', '2017-08-30 22:41:23', '2017-09-08 16:51:39', '5148c7d8-f1e4-4d81-9e8a-110798628d4b'),
 ('174', '174', 'en_us', 'co-host-landing-page', NULL, '1', '2017-08-30 22:41:24', '2017-09-08 16:51:39', 'fbf17a65-87a3-46b5-a6f3-d10217857aac'),
 ('175', '175', 'en_us', 'host-experiences-landing-page', NULL, '1', '2017-08-30 22:41:25', '2017-09-08 16:51:41', '7938fb15-a333-4958-8737-941e343d5072'),
 ('177', '177', 'en_us', '1024x1024', NULL, '1', '2017-08-30 22:42:35', '2017-09-08 16:51:26', 'e27c3954-84ae-41b9-b602-06d6b1914144'),
 ('179', '179', 'en_us', '', NULL, '1', '2017-08-30 22:42:57', '2017-09-26 01:42:55', 'a7bfdb47-266a-4eed-bbbc-1bad9ddf2a8d'),
 ('180', '180', 'en_us', '', NULL, '1', '2017-08-30 22:42:57', '2017-09-26 01:42:55', '6b6f1735-08d7-419f-81d2-62085be15206'),
 ('181', '181', 'en_us', '', NULL, '1', '2017-08-30 22:42:57', '2017-09-26 01:42:55', '6640a271-8a1e-4251-994f-9270117a5a5d'),
 ('183', '183', 'en_us', 'gg-saturated', NULL, '1', '2017-09-03 23:47:46', '2017-09-08 16:51:30', '97af6a86-9952-459d-b168-99da3c313ed9'),
 ('187', '187', 'en_us', 'jlp-1528small', NULL, '1', '2017-09-04 00:26:12', '2017-09-08 16:51:38', 'bc2718c7-c293-4838-ade4-48eb968b66d3'),
 ('190', '190', 'en_us', 'img-3129', NULL, '1', '2017-09-04 00:42:22', '2017-09-08 16:51:35', '0d87a770-cc6f-438e-b2ef-436aa925abdd'),
 ('191', '191', 'en_us', 'instanbul-selects-60-copy', NULL, '1', '2017-09-04 00:42:23', '2017-09-08 16:51:42', '1b8a4e2b-fddb-4eb3-af06-9a8c5930d534'),
 ('192', '192', 'en_us', 'instanbul-selects-72-copy', NULL, '1', '2017-09-04 00:42:25', '2017-09-08 16:51:43', '607eb189-19a6-41bb-897e-383484e9966f'),
 ('193', '193', 'en_us', 'road-trip-selects-61-copy', NULL, '1', '2017-09-04 00:42:28', '2017-09-08 16:51:38', '3825a161-6829-4aa9-981c-eae2cdfb396a'),
 ('194', '194', 'en_us', 'visa-selects-22', NULL, '1', '2017-09-04 00:42:30', '2017-09-08 16:51:38', 'cb12c6c0-f321-4f85-8991-0924871f1c68'),
 ('195', '195', 'en_us', 'img-4298', NULL, '1', '2017-09-04 00:44:43', '2017-09-08 16:51:36', '4f67ef12-4326-467a-a621-6563967ada68'),
 ('196', '196', 'en_us', 'img-7254', NULL, '1', '2017-09-04 00:49:34', '2017-09-08 16:51:37', '2104bd20-260d-40a3-a08d-31d2b0d5ce8c'),
 ('197', '197', 'en_us', 'img-7484', NULL, '1', '2017-09-04 00:49:36', '2017-09-08 16:51:37', '357a9c34-fbee-4251-bf07-8b61b65b9330'),
 ('198', '198', 'en_us', 'img-9387', NULL, '1', '2017-09-04 00:49:38', '2017-09-08 16:51:37', 'eafa343e-6fc3-4cf4-9c05-0ac358d8ee85'),
 ('199', '199', 'en_us', '1149437-756837537668995-571286320-o', NULL, '1', '2017-09-04 01:04:18', '2017-09-08 16:51:26', 'a27c02e2-0c7e-4f8b-9a2f-98429be13475'),
 ('200', '200', 'en_us', '33878182792-628a755edb-o-2', NULL, '1', '2017-09-04 01:04:22', '2017-09-08 16:51:27', 'dce26be7-5a3b-4990-b66a-30dd440ed35d'),
 ('203', '203', 'en_us', '33720586980-6d29cbc694-o', NULL, '1', '2017-09-04 01:05:29', '2017-09-08 16:51:26', '272a751a-e024-4cb5-8acd-8a7fd727aa1f'),
 ('206', '206', 'en_us', 'full-size-render', NULL, '1', '2017-09-04 01:05:55', '2017-09-08 16:51:30', '910c4e8e-c555-4c39-ac99-e047b53996a7'),
 ('207', '207', 'en_us', 'img-5005', NULL, '1', '2017-09-04 01:05:58', '2017-09-08 16:51:37', 'aa9d5948-896a-4bc3-b56a-0548ec54a304'),
 ('208', '208', 'en_us', 'ig-bg', NULL, '1', '2017-09-04 01:10:06', '2017-09-08 16:51:31', '24e5b55d-8af2-4869-a104-89dba3699484'),
 ('209', '209', 'en_us', 'gg-cropped2', NULL, '1', '2017-09-04 01:18:46', '2017-09-08 16:51:30', '7ce9c576-9029-43c9-9c3f-78b020c2d3d0'),
 ('210', '210', 'en_us', '33878182202-6989bba734-oflipped', NULL, '1', '2017-09-04 01:24:32', '2017-09-08 16:51:27', 'c67f1e5d-5814-49d2-83a3-473922dfb4d2'),
 ('211', '211', 'en_us', '33878182202-6989bba734-oflippedcropped', NULL, '1', '2017-09-04 01:25:48', '2017-09-08 16:51:27', 'fb988a49-ca60-48be-961e-4e44820fa631'),
 ('212', '212', 'en_us', 'dogpatch-studio-18', NULL, '1', '2017-09-04 01:27:58', '2017-09-08 16:51:40', 'ec923d3a-b0a5-46aa-a546-faa6f61ebd7d'),
 ('213', '213', 'en_us', 'under-ze-bay-bridge-3', NULL, '1', '2017-09-04 01:31:20', '2017-09-08 16:51:46', '8d3a7f94-1bbc-4ce1-a2ec-1bb3090c8287'),
 ('214', '214', 'en_us', 'ig-bg-5', NULL, '1', '2017-09-04 01:39:01', '2017-09-08 16:51:33', 'd6c85515-3710-4e9a-9dfe-7f90f4110dfe'),
 ('215', '215', 'en_us', 'ig-bg-6', NULL, '1', '2017-09-04 01:46:03', '2017-09-08 16:51:33', '5eb48a92-3917-425c-a8eb-a218e0e94b7a'),
 ('216', '216', 'en_us', 'ig-bg-7', NULL, '1', '2017-09-04 01:47:31', '2017-09-08 16:51:33', '917be1b3-d379-4251-a3a4-3273db48fa0c'),
 ('218', '218', 'en_us', 'ig-bg-8', NULL, '1', '2017-09-04 01:55:02', '2017-09-08 16:51:33', 'bceb8557-8a17-4dec-8632-d5b0ebcbdda4'),
 ('219', '219', 'en_us', 'ig-bg-9', NULL, '1', '2017-09-04 01:56:10', '2017-09-08 16:51:34', '3adfa5bd-0a5e-4343-aba5-ae1c8d317e99'),
 ('222', '222', 'en_us', '33878360982-5c8a10ee20-o', NULL, '1', '2017-09-08 16:51:27', '2017-09-08 16:51:27', '3a0a1ad9-109a-4212-9ae0-7beac997ffbe'),
 ('223', '223', 'en_us', '33994545276-378f881bc9-o', NULL, '1', '2017-09-08 16:51:28', '2017-09-08 16:51:28', '152787c3-68d0-4713-ad25-4564361f20bd'),
 ('224', '224', 'en_us', 'ami6820', NULL, '1', '2017-09-08 16:51:28', '2017-09-08 16:51:28', 'd7009f15-de50-47bb-bff7-3196863e5a71'),
 ('225', '225', 'en_us', 'ami6824', NULL, '1', '2017-09-08 16:51:28', '2017-09-08 16:51:28', '309badc0-04fd-4a3c-bd83-09c4e85e6011'),
 ('226', '226', 'en_us', 'ami6831', NULL, '1', '2017-09-08 16:51:28', '2017-09-08 16:51:28', '5977f815-e079-43c4-97cb-e0bbc188954e'),
 ('227', '227', 'en_us', 'copy-of-screen-shot-2016-12-06-at-2-49-05-pm', NULL, '1', '2017-09-08 16:51:30', '2017-09-08 16:51:30', '03c59464-fb50-4d14-bbc7-761acca974e9'),
 ('228', '228', 'en_us', 'getty-images-565976431', NULL, '1', '2017-09-08 16:51:30', '2017-09-08 16:51:31', '339932b1-cab9-44d3-a57b-a8302618b097'),
 ('229', '229', 'en_us', 'ig-bg-2', NULL, '1', '2017-09-08 16:51:31', '2017-09-08 16:51:31', '88e4073c-c8ec-4e17-9d35-6b8de06923bc'),
 ('230', '230', 'en_us', 'ig-bg-3', NULL, '1', '2017-09-08 16:51:31', '2017-09-08 16:51:31', 'e48743a8-7a61-45c8-b31c-9a42168f83be'),
 ('231', '231', 'en_us', 'ig-bg-3-170904-000845', NULL, '1', '2017-09-08 16:51:31', '2017-09-08 16:51:31', '7dc620ec-b3ee-4d1f-852e-ee06ab569556'),
 ('232', '232', 'en_us', 'ig-bg-3-170904-001217', NULL, '1', '2017-09-08 16:51:32', '2017-09-08 16:51:32', '0789d3d3-5587-4c74-92f3-3ad346aa5953'),
 ('233', '233', 'en_us', 'ig-bg-3-170904-002021', NULL, '1', '2017-09-08 16:51:32', '2017-09-08 16:51:32', 'f99989d7-b1af-4ed0-a68a-9a167fd79337'),
 ('234', '234', 'en_us', 'ig-bg-3-170904-002249', NULL, '1', '2017-09-08 16:51:32', '2017-09-08 16:51:32', 'fb7450c6-7c08-4d44-b955-1a60b85f7d09'),
 ('235', '235', 'en_us', 'ig-bg-4', NULL, '1', '2017-09-08 16:51:32', '2017-09-08 16:51:32', '56ad6140-3b47-471e-add9-4e04c2922ac0'),
 ('236', '236', 'en_us', 'ig-bg-4-170904-003511', NULL, '1', '2017-09-08 16:51:32', '2017-09-08 16:51:33', 'a03c3947-11a2-41aa-be37-7ebc8d864204'),
 ('237', '237', 'en_us', 'img-3515', NULL, '1', '2017-09-08 16:51:35', '2017-09-08 16:51:35', '8f115c98-202a-4d80-89c6-9276add00c2a'),
 ('238', '238', 'en_us', 'img-3517', NULL, '1', '2017-09-08 16:51:35', '2017-09-08 16:51:35', 'd34aa121-aceb-44f5-92b3-62a03a98c098'),
 ('239', '239', 'en_us', 'img-3528', NULL, '1', '2017-09-08 16:51:35', '2017-09-08 16:51:36', 'ed9034e8-c349-428b-93fc-b72a2161a5e9'),
 ('240', '240', 'en_us', 'img-3532', NULL, '1', '2017-09-08 16:51:36', '2017-09-08 16:51:36', '1f2c06a2-5719-4a5d-ad43-2deef51a5bf4'),
 ('241', '241', 'en_us', 'img-3533', NULL, '1', '2017-09-08 16:51:36', '2017-09-08 16:51:36', 'e5e30b50-114f-469f-b4bc-8db17ea84e51'),
 ('242', '242', 'en_us', 'screen-shot-2017-08-25-at-11-49-26-am', NULL, '1', '2017-09-08 16:51:38', '2017-09-08 16:51:38', 'd3a82297-e5e4-44b0-aa7d-bd387a9902e5'),
 ('243', '243', 'en_us', 'screen-shot-2017-09-03-at-5-35-49-pm', NULL, '1', '2017-09-08 16:51:38', '2017-09-08 16:51:38', '41b0da88-6722-4879-b1ab-006ce04f9448'),
 ('244', '244', 'en_us', 'airbnb-poster-header', NULL, '1', '2017-09-08 16:51:38', '2017-09-08 16:51:39', '3f24d2c8-7c12-4331-b3d9-7e331e8e2020'),
 ('245', '245', 'en_us', 'connectivity-1', NULL, '1', '2017-09-08 16:51:39', '2017-09-08 16:51:39', '29f90024-99cf-4626-95a0-231cdd999c5b'),
 ('246', '246', 'en_us', 'connectivity-2', NULL, '1', '2017-09-08 16:51:39', '2017-09-08 16:51:40', 'b52171e8-6afb-44a4-ac67-0e28e94c241b'),
 ('247', '247', 'en_us', 'hp-image', NULL, '1', '2017-09-08 16:51:41', '2017-09-08 16:51:41', 'cda06fbf-8f74-4403-a7cd-c8c87a8fa9da'),
 ('248', '248', 'en_us', 'hp', NULL, '1', '2017-09-08 16:51:41', '2017-09-08 16:51:41', '2831453e-973f-4327-a551-70e7909e9385'),
 ('249', '249', 'en_us', 'projects-shape', NULL, '1', '2017-09-08 16:51:45', '2017-09-08 16:51:45', 'f44b0c21-eb2f-4d92-b28b-c65196682d11'),
 ('250', '250', 'en_us', 'y-fwa-sjd', NULL, '1', '2017-09-08 16:51:47', '2017-09-08 16:51:47', '3c0cdbb5-47a6-4c2a-80d2-46b76d0fb1e5'),
 ('251', '251', 'en_us', '', NULL, '1', '2017-09-14 00:40:35', '2017-09-26 01:42:55', 'aca10c69-990d-4ba4-8d0c-2bbf977ac09b'),
 ('252', '252', 'en_us', '', NULL, '1', '2017-09-14 01:28:44', '2017-09-26 01:42:55', '35517005-a162-4e08-a698-c6f2a6494093'),
 ('253', '253', 'en_us', '', NULL, '1', '2017-09-17 01:15:36', '2017-09-28 01:04:09', '8f4375e0-bde2-43f5-b456-9d8d83492663'),
 ('254', '254', 'en_us', '', NULL, '1', '2017-09-17 01:15:36', '2017-09-28 01:04:09', 'ac215daa-a554-4c22-ac49-7cf3960bf840'),
 ('255', '255', 'en_us', '', NULL, '1', '2017-09-17 01:15:36', '2017-09-28 01:04:09', 'b572cca1-abaa-4b84-a180-77e7ea3ddb86'),
 ('256', '256', 'en_us', '', NULL, '1', '2017-09-17 01:15:36', '2017-09-28 01:04:09', '545e8fcd-32e0-45cd-ac0b-9f9116321e56');
INSERT INTO `craft_elements_i18n` (`id`, `elementId`, `locale`, `slug`, `uri`, `enabled`, `dateCreated`, `dateUpdated`, `uid`) VALUES
 ('257', '257', 'en_us', '', NULL, '1', '2017-09-17 01:15:36', '2017-09-28 01:04:09', '1d58d622-43a3-4bf0-96f6-ef1523a5260f'),
 ('258', '258', 'en_us', '', NULL, '1', '2017-09-17 01:38:30', '2017-09-28 01:04:09', 'e161385a-f0e3-4b2c-b3cb-12da482fa965'),
 ('267', '267', 'en_us', '', NULL, '1', '2017-09-17 01:52:35', '2017-09-28 01:04:09', '94e37c21-6017-46dd-a106-7e01ee684f24'),
 ('268', '268', 'en_us', '', NULL, '1', '2017-09-17 01:52:35', '2017-09-28 01:04:09', '1496967a-d239-4670-b61b-33a8d1223342'),
 ('269', '269', 'en_us', '', NULL, '1', '2017-09-17 01:52:35', '2017-09-28 01:04:09', '6645553f-f225-45bf-9b39-9fe2ff5ff0ff'),
 ('270', '270', 'en_us', '', NULL, '1', '2017-09-17 01:52:35', '2017-09-28 01:04:09', '15fa1fea-6334-478d-829e-63051ef9fa5d'),
 ('271', '271', 'en_us', '', NULL, '1', '2017-09-17 01:52:35', '2017-09-28 01:04:09', '23f2353c-c2e2-4d57-bf68-05a4670dbddb'),
 ('272', '272', 'en_us', '', NULL, '1', '2017-09-17 01:52:35', '2017-09-28 01:04:09', 'a125d942-a058-49ec-a5cc-893829057e22'),
 ('273', '273', 'en_us', '', NULL, '1', '2017-09-17 01:52:35', '2017-09-28 01:04:09', '1eb7f169-5f2f-41ea-8347-f65ec41da0d0'),
 ('274', '274', 'en_us', '', NULL, '1', '2017-09-17 01:52:35', '2017-09-28 01:04:09', 'ef15fb94-fb76-45dc-a561-e2629834e0d7'),
 ('275', '275', 'en_us', '', NULL, '1', '2017-09-17 02:24:48', '2017-09-28 01:04:09', 'fa9fb0b7-1b78-4c67-b4ea-01b2fd254249'),
 ('276', '276', 'en_us', '', NULL, '1', '2017-09-17 02:24:48', '2017-09-28 01:04:09', '918ac543-8586-49c0-8184-749d46b23362'),
 ('277', '277', 'en_us', '', NULL, '1', '2017-09-17 02:24:48', '2017-09-28 01:04:09', 'f067fc16-8280-425b-9973-eca53869f8ad'),
 ('278', '278', 'en_us', '', NULL, '1', '2017-09-17 02:24:48', '2017-09-28 01:04:09', '9193bfa4-fcb2-4bb3-8c23-36e447e35b70'),
 ('279', '279', 'en_us', 'the-irvine-company', 'projects/the-irvine-company', '1', '2017-09-26 01:21:12', '2017-09-26 01:21:12', '516874c7-fdfe-44fb-afe4-1f4326c3966b'),
 ('280', '280', 'en_us', '', NULL, '1', '2017-09-26 01:36:37', '2017-09-26 01:42:55', '8fcc5f5d-7380-4f9b-8671-7dc81a04c18a'),
 ('281', '281', 'en_us', '', NULL, '1', '2017-09-26 01:36:37', '2017-09-26 01:42:55', 'fbe5f110-5a4f-49b8-b040-12bf67377a15'),
 ('282', '282', 'en_us', '', NULL, '1', '2017-09-26 01:47:21', '2017-09-26 01:48:42', '61b5ac0b-6113-4dad-b837-e28191c8cc25'),
 ('283', '283', 'en_us', '', NULL, '1', '2017-09-26 01:47:21', '2017-09-26 01:48:42', '7adb5f1f-1746-4b7c-bb69-556985434a05');



DROP TABLE IF EXISTS `craft_emailmessages`;


--
-- Schema for table `craft_emailmessages`
--
CREATE TABLE `craft_emailmessages` (
  `id` int(11) NOT NULL AUTO_INCREMENT,
  `key` char(150) COLLATE utf8_unicode_ci NOT NULL,
  `locale` char(12) COLLATE utf8_unicode_ci NOT NULL,
  `subject` varchar(1000) COLLATE utf8_unicode_ci NOT NULL,
  `body` text COLLATE utf8_unicode_ci NOT NULL,
  `dateCreated` datetime NOT NULL,
  `dateUpdated` datetime NOT NULL,
  `uid` char(36) COLLATE utf8_unicode_ci NOT NULL DEFAULT '0',
  PRIMARY KEY (`id`),
  UNIQUE KEY `craft_emailmessages_key_locale_unq_idx` (`key`,`locale`),
  KEY `craft_emailmessages_locale_fk` (`locale`)
) ENGINE=InnoDB DEFAULT CHARSET=utf8 COLLATE=utf8_unicode_ci;

DROP TABLE IF EXISTS `craft_entries`;


--
-- Schema for table `craft_entries`
--
CREATE TABLE `craft_entries` (
  `id` int(11) NOT NULL,
  `sectionId` int(11) NOT NULL,
  `typeId` int(11) DEFAULT NULL,
  `authorId` int(11) DEFAULT NULL,
  `postDate` datetime DEFAULT NULL,
  `expiryDate` datetime DEFAULT NULL,
  `dateCreated` datetime NOT NULL,
  `dateUpdated` datetime NOT NULL,
  `uid` char(36) COLLATE utf8_unicode_ci NOT NULL DEFAULT '0',
  PRIMARY KEY (`id`),
  KEY `craft_entries_sectionId_idx` (`sectionId`),
  KEY `craft_entries_typeId_idx` (`typeId`),
  KEY `craft_entries_postDate_idx` (`postDate`),
  KEY `craft_entries_expiryDate_idx` (`expiryDate`),
  KEY `craft_entries_authorId_fk` (`authorId`)
) ENGINE=InnoDB DEFAULT CHARSET=utf8 COLLATE=utf8_unicode_ci;

--
-- Data for table `craft_entries`
--

INSERT INTO `craft_entries` (`id`, `sectionId`, `typeId`, `authorId`, `postDate`, `expiryDate`, `dateCreated`, `dateUpdated`, `uid`) VALUES
 ('2', '1', NULL, NULL, '2017-08-14 03:05:16', NULL, '2017-08-14 03:05:16', '2017-09-28 01:04:09', '57df0a99-80d1-4f1f-b399-76f1978a5d40'),
 ('4', '2', '2', '1', '2017-08-12 03:20:00', NULL, '2017-08-14 03:20:48', '2017-09-26 01:42:55', '855e5304-8ff3-458c-839f-f22a1ca7a83c'),
 ('28', '2', '2', '1', '2017-08-13 03:18:00', NULL, '2017-08-16 03:18:27', '2017-09-17 19:29:36', 'e09592b4-4a1f-4a27-a2f5-51fa3bb761a6'),
 ('77', '2', '2', '75', '2017-08-22 01:20:00', NULL, '2017-08-22 01:21:22', '2017-09-26 01:48:42', '4e946de3-0f8f-461c-affe-8d3824c4cf0d'),
 ('279', '2', '2', '75', '2017-09-26 01:21:12', NULL, '2017-09-26 01:21:12', '2017-09-26 01:21:12', '32bb1f9c-7df6-4ede-bb54-32680426ee95');



DROP TABLE IF EXISTS `craft_entrydrafts`;


--
-- Schema for table `craft_entrydrafts`
--
CREATE TABLE `craft_entrydrafts` (
  `id` int(11) NOT NULL AUTO_INCREMENT,
  `entryId` int(11) NOT NULL,
  `sectionId` int(11) NOT NULL,
  `creatorId` int(11) NOT NULL,
  `locale` char(12) COLLATE utf8_unicode_ci NOT NULL,
  `name` varchar(255) COLLATE utf8_unicode_ci NOT NULL,
  `notes` tinytext COLLATE utf8_unicode_ci,
  `data` mediumtext COLLATE utf8_unicode_ci NOT NULL,
  `dateCreated` datetime NOT NULL,
  `dateUpdated` datetime NOT NULL,
  `uid` char(36) COLLATE utf8_unicode_ci NOT NULL DEFAULT '0',
  PRIMARY KEY (`id`),
  KEY `craft_entrydrafts_entryId_locale_idx` (`entryId`,`locale`),
  KEY `craft_entrydrafts_sectionId_fk` (`sectionId`),
  KEY `craft_entrydrafts_creatorId_fk` (`creatorId`),
  KEY `craft_entrydrafts_locale_fk` (`locale`)
) ENGINE=InnoDB DEFAULT CHARSET=utf8 COLLATE=utf8_unicode_ci;

DROP TABLE IF EXISTS `craft_entrytypes`;


--
-- Schema for table `craft_entrytypes`
--
CREATE TABLE `craft_entrytypes` (
  `id` int(11) NOT NULL AUTO_INCREMENT,
  `sectionId` int(11) NOT NULL,
  `fieldLayoutId` int(11) DEFAULT NULL,
  `name` varchar(255) COLLATE utf8_unicode_ci NOT NULL,
  `handle` varchar(255) COLLATE utf8_unicode_ci NOT NULL,
  `hasTitleField` tinyint(1) unsigned NOT NULL DEFAULT '1',
  `titleLabel` varchar(255) COLLATE utf8_unicode_ci DEFAULT 'Title',
  `titleFormat` varchar(255) COLLATE utf8_unicode_ci DEFAULT NULL,
  `sortOrder` smallint(6) unsigned DEFAULT NULL,
  `dateCreated` datetime NOT NULL,
  `dateUpdated` datetime NOT NULL,
  `uid` char(36) COLLATE utf8_unicode_ci NOT NULL DEFAULT '0',
  PRIMARY KEY (`id`),
  UNIQUE KEY `craft_entrytypes_name_sectionId_unq_idx` (`name`,`sectionId`),
  UNIQUE KEY `craft_entrytypes_handle_sectionId_unq_idx` (`handle`,`sectionId`),
  KEY `craft_entrytypes_sectionId_fk` (`sectionId`),
  KEY `craft_entrytypes_fieldLayoutId_fk` (`fieldLayoutId`)
) ENGINE=InnoDB AUTO_INCREMENT=3 DEFAULT CHARSET=utf8 COLLATE=utf8_unicode_ci;

--
-- Data for table `craft_entrytypes`
--

INSERT INTO `craft_entrytypes` (`id`, `sectionId`, `fieldLayoutId`, `name`, `handle`, `hasTitleField`, `titleLabel`, `titleFormat`, `sortOrder`, `dateCreated`, `dateUpdated`, `uid`) VALUES
 ('1', '1', '206', 'Homepage', 'homepage', '1', 'Title', NULL, '1', '2017-08-14 03:05:16', '2017-09-28 01:03:56', '9a54b0b3-e544-4400-8a58-3935edea8965'),
 ('2', '2', '205', 'Projects', 'projects', '1', 'Title', NULL, '1', '2017-08-14 03:05:16', '2017-09-26 00:57:53', '93de90ee-d0d8-4772-afd3-457dc31986c0');



DROP TABLE IF EXISTS `craft_entryversions`;


--
-- Schema for table `craft_entryversions`
--
CREATE TABLE `craft_entryversions` (
  `id` int(11) NOT NULL AUTO_INCREMENT,
  `entryId` int(11) NOT NULL,
  `sectionId` int(11) NOT NULL,
  `creatorId` int(11) DEFAULT NULL,
  `locale` char(12) COLLATE utf8_unicode_ci NOT NULL,
  `num` smallint(6) unsigned NOT NULL,
  `notes` tinytext COLLATE utf8_unicode_ci,
  `data` mediumtext COLLATE utf8_unicode_ci NOT NULL,
  `dateCreated` datetime NOT NULL,
  `dateUpdated` datetime NOT NULL,
  `uid` char(36) COLLATE utf8_unicode_ci NOT NULL DEFAULT '0',
  PRIMARY KEY (`id`),
  KEY `craft_entryversions_entryId_locale_idx` (`entryId`,`locale`),
  KEY `craft_entryversions_sectionId_fk` (`sectionId`),
  KEY `craft_entryversions_creatorId_fk` (`creatorId`),
  KEY `craft_entryversions_locale_fk` (`locale`)
) ENGINE=InnoDB AUTO_INCREMENT=170 DEFAULT CHARSET=utf8 COLLATE=utf8_unicode_ci;

--
-- Data for table `craft_entryversions`
--

INSERT INTO `craft_entryversions` (`id`, `entryId`, `sectionId`, `creatorId`, `locale`, `num`, `notes`, `data`, `dateCreated`, `dateUpdated`, `uid`) VALUES
 ('1', '2', '1', '1', 'en_us', '1', NULL, '{\"typeId\":\"1\",\"authorId\":null,\"title\":\"Homepage\",\"slug\":\"homepage\",\"postDate\":1502679916,\"expiryDate\":null,\"enabled\":1,\"parentId\":null,\"fields\":[]}', '2017-08-14 03:05:16', '2017-08-14 03:05:16', '4dbfbede-dd0d-4926-b1c3-3f2c140d7f50'),
 ('2', '2', '1', '1', 'en_us', '2', NULL, '{\"typeId\":null,\"authorId\":null,\"title\":\"Welcome to Localhost!\",\"slug\":\"homepage\",\"postDate\":1502679916,\"expiryDate\":null,\"enabled\":\"1\",\"parentId\":null,\"fields\":{\"1\":\"<p>It\\u2019s true, this site doesn\\u2019t have a whole lot of content yet, but don\\u2019t worry. Our web developers have just installed the CMS, and they\\u2019re setting things up for the content editors this very moment. Soon Localhost will be an oasis of fresh perspectives, sharp analyses, and astute opinions that will keep you coming back again and again.<\\/p>\"}}', '2017-08-14 03:05:16', '2017-08-14 03:05:16', '993adef3-8e39-45d9-aa0e-36951fad4164'),
 ('5', '4', '2', '1', 'en_us', '1', '', '{\"typeId\":null,\"authorId\":\"1\",\"title\":\"Airbnb\",\"slug\":\"airbnb\",\"postDate\":1502680800,\"expiryDate\":null,\"enabled\":1,\"parentId\":null,\"fields\":{\"1\":\"<p>bb<\\/p>\",\"2\":\"\"}}', '2017-08-14 03:20:48', '2017-08-14 03:20:48', 'f7b45b7f-0a5f-486b-aaa9-8826f89f99cc'),
 ('6', '2', '1', '1', 'en_us', '3', '', '{\"typeId\":null,\"authorId\":null,\"title\":\"Welcome\",\"slug\":\"homepage\",\"postDate\":1502679916,\"expiryDate\":null,\"enabled\":1,\"parentId\":null,\"fields\":{\"1\":\"<p>A creative partner for brands who move at the speed of inspiration.<\\/p>\"}}', '2017-08-16 01:27:30', '2017-08-16 01:27:30', 'a2ad1fb3-f069-4f5c-a276-3f274bd45426'),
 ('7', '4', '2', '1', 'en_us', '2', '', '{\"typeId\":\"2\",\"authorId\":\"1\",\"title\":\"Airbnb\",\"slug\":\"airbnb\",\"postDate\":1502680800,\"expiryDate\":null,\"enabled\":1,\"parentId\":null,\"fields\":{\"1\":\"<p>bb<\\/p>\",\"4\":\"<p>We once smuggled $20,000 worth of equipment into cuba for <a href=\\\"http:\\/\\/localhost:8888\\/bokeh-craft\\/public\\/index.php\\/projects\\/airbnb#entry:4\\\">Airbnb<\\/a>.<\\/p>\",\"3\":\"\",\"5\":\"Intro paragraph\",\"2\":\"\"}}', '2017-08-16 02:17:57', '2017-08-16 02:17:57', '8a414a70-5b92-47de-939b-1d6338775b52'),
 ('8', '4', '2', '1', 'en_us', '3', '', '{\"typeId\":\"2\",\"authorId\":\"1\",\"title\":\"Airbnb\",\"slug\":\"airbnb\",\"postDate\":1502680800,\"expiryDate\":null,\"enabled\":1,\"parentId\":null,\"fields\":{\"1\":\"<p>bb<\\/p>\",\"4\":\"<p>We once smuggled $20,000 worth of equipment into cuba for <a href=\\\"http:\\/\\/localhost:8888\\/bokeh-craft\\/public\\/index.php\\/projects\\/airbnb#entry:4:url\\\">Airbnb<\\/a>.<\\/p>\",\"3\":[\"27\"],\"5\":\"Intro paragraph\",\"2\":\"\"}}', '2017-08-16 02:43:35', '2017-08-16 02:43:35', '32a66813-58d6-447b-a1ae-ba954e96f834'),
 ('9', '4', '2', '1', 'en_us', '4', '', '{\"typeId\":\"2\",\"authorId\":\"1\",\"title\":\"Airbnb\",\"slug\":\"airbnb\",\"postDate\":1502680800,\"expiryDate\":null,\"enabled\":1,\"parentId\":null,\"fields\":{\"1\":\"<p>bb<\\/p>\",\"6\":\"#c6483b\",\"4\":\"<p>We once smuggled $20,000 worth of equipment into cuba for <a href=\\\"http:\\/\\/localhost:8888\\/bokeh-craft\\/public\\/index.php\\/projects\\/airbnb#entry:4:url\\\">Airbnb<\\/a>.<\\/p>\",\"3\":[\"27\"],\"5\":\"Intro paragraph\",\"2\":\"\"}}', '2017-08-16 03:04:02', '2017-08-16 03:04:02', 'dcb68f5f-6d7b-40f5-8fb1-292d9df707cd'),
 ('10', '28', '2', '1', 'en_us', '1', '', '{\"typeId\":null,\"authorId\":\"1\",\"title\":\"Philz Coffee\",\"slug\":\"philz-coffee\",\"postDate\":1502853480,\"expiryDate\":null,\"enabled\":1,\"parentId\":null,\"fields\":{\"1\":\"<p>d<\\/p>\",\"6\":\"#62d5d6\",\"4\":\"\",\"3\":\"\",\"5\":\"\",\"2\":\"\"}}', '2017-08-16 03:18:27', '2017-08-16 03:18:27', 'a81d133b-b625-42c7-a7d4-a5a2e3b4ccf8'),
 ('11', '28', '2', '1', 'en_us', '2', '', '{\"typeId\":\"2\",\"authorId\":\"1\",\"title\":\"Philz Coffee\",\"slug\":\"philz-coffee\",\"postDate\":1502853480,\"expiryDate\":null,\"enabled\":1,\"parentId\":null,\"fields\":{\"1\":\"<p>d<\\/p>\",\"6\":\"#62d5d6\",\"4\":\"<p>We cold called <a href=\\\"http:\\/\\/localhost:8888\\/bokeh-craft\\/public\\/index.php\\/projects\\/philz-coffee#entry:28\\\">Philz Coffee<\\/a> about their logo, and they let us do a rebrand.<\\/p>\",\"3\":[\"29\"],\"5\":\"\",\"2\":\"\"}}', '2017-08-16 03:20:01', '2017-08-16 03:20:01', '7d4668c4-c1c1-4d77-9297-3f6e80ccb59e'),
 ('12', '28', '2', '1', 'en_us', '3', '', '{\"typeId\":\"2\",\"authorId\":\"1\",\"title\":\"Philz Coffee\",\"slug\":\"philz-coffee\",\"postDate\":1502594280,\"expiryDate\":null,\"enabled\":1,\"parentId\":null,\"fields\":{\"1\":\"<p>d<\\/p>\",\"6\":\"#62d5d6\",\"4\":\"<p>We cold called <a href=\\\"http:\\/\\/localhost:8888\\/bokeh-craft\\/public\\/index.php\\/projects\\/philz-coffee#entry:28:url\\\">Philz Coffee<\\/a> about their logo, and they let us do a rebrand.<\\/p>\",\"3\":[\"29\"],\"5\":\"\",\"2\":\"\"}}', '2017-08-16 03:29:46', '2017-08-16 03:29:46', '8be684ad-371c-414a-9591-a392547c373a'),
 ('13', '2', '1', '1', 'en_us', '4', '', '{\"typeId\":null,\"authorId\":null,\"title\":\"Welcome\",\"slug\":\"homepage\",\"postDate\":1502679916,\"expiryDate\":null,\"enabled\":1,\"parentId\":null,\"fields\":{\"1\":\"<p>A creative partner for brands who move at the speed of inspiration.<\\/p>\",\"6\":\"#f4ad17\",\"3\":[\"31\"],\"7\":[\"12\"]}}', '2017-08-18 02:01:41', '2017-08-18 02:01:41', 'ce61c6ed-5bcd-44d2-8271-d6630bebbffa'),
 ('14', '2', '1', '1', 'en_us', '5', '', '{\"typeId\":null,\"authorId\":null,\"title\":\"Welcome\",\"slug\":\"homepage\",\"postDate\":1502679916,\"expiryDate\":null,\"enabled\":1,\"parentId\":null,\"fields\":{\"1\":\"<p>A creative partner for brands who move at the speed of inspiration.<\\/p>\",\"6\":\"#f40d17\",\"3\":[\"31\"],\"7\":[\"12\"]}}', '2017-08-18 02:10:04', '2017-08-18 02:10:04', '82105919-fb89-4f22-af83-bd2f0270a8ff'),
 ('15', '2', '1', '1', 'en_us', '6', '', '{\"typeId\":null,\"authorId\":null,\"title\":\"Welcome\",\"slug\":\"homepage\",\"postDate\":1502679916,\"expiryDate\":null,\"enabled\":1,\"parentId\":null,\"fields\":{\"1\":\"<p>A creative partner for brands who move at the speed of inspiration.<\\/p>\",\"6\":\"#f40d17\",\"3\":[\"31\"],\"7\":[\"12\"]}}', '2017-08-18 02:10:17', '2017-08-18 02:10:17', '1e42a348-8d65-45a6-a5c8-ac312f6be540'),
 ('16', '2', '1', '1', 'en_us', '7', '', '{\"typeId\":null,\"authorId\":null,\"title\":\"Welcome\",\"slug\":\"homepage\",\"postDate\":1502679916,\"expiryDate\":null,\"enabled\":1,\"parentId\":null,\"fields\":{\"1\":\"<p>A creative partner for brands who move at the speed of inspiration.<\\/p>\",\"6\":\"#f4ad17\",\"3\":[\"31\"],\"7\":[\"12\"]}}', '2017-08-18 02:10:30', '2017-08-18 02:10:30', '39f7f354-8af9-4f8d-97c7-474e980de476'),
 ('17', '28', '2', '1', 'en_us', '4', '', '{\"typeId\":\"2\",\"authorId\":\"1\",\"title\":\"Philz Coffee\",\"slug\":\"philz-coffee\",\"postDate\":1502594280,\"expiryDate\":null,\"enabled\":1,\"parentId\":null,\"fields\":{\"1\":\"<p>d<\\/p>\",\"6\":\"#62d5d6\",\"4\":\"<p>We cold called <a href=\\\"http:\\/\\/localhost:8888\\/bokeh\\/public\\/index.php\\/projects\\/philz-coffee#entry:28:url\\\">Philz Coffee<\\/a> about their logo, and they let us do a rebrand.<\\/p>\",\"8\":\"left\",\"3\":[\"29\"],\"5\":\"This is an intro paragraph\",\"2\":\"\",\"9\":\"center\"}}', '2017-08-18 02:15:47', '2017-08-18 02:15:47', '5b436f74-8475-48b2-8b10-736313fa1286'),
 ('18', '4', '2', '1', 'en_us', '5', '', '{\"typeId\":\"2\",\"authorId\":\"1\",\"title\":\"Airbnb\",\"slug\":\"airbnb\",\"postDate\":1502680800,\"expiryDate\":null,\"enabled\":1,\"parentId\":null,\"fields\":{\"1\":\"<p>bb<\\/p>\",\"6\":\"#c6483b\",\"4\":\"<p>We once smuggled $20,000 worth of equipment into cuba for <a href=\\\"http:\\/\\/localhost:8888\\/bokeh\\/public\\/index.php\\/projects\\/airbnb#entry:4:url\\\">Airbnb<\\/a>.<\\/p>\",\"8\":\"center\",\"3\":[\"27\"],\"5\":\"Intro paragraph\",\"2\":\"\",\"9\":\"center\"}}', '2017-08-18 02:16:07', '2017-08-18 02:16:07', '879a514d-c49d-4299-9dff-ee3900ef4e03'),
 ('19', '28', '2', '1', 'en_us', '5', '', '{\"typeId\":\"2\",\"authorId\":\"1\",\"title\":\"Philz Coffee\",\"slug\":\"philz-coffee\",\"postDate\":1502594280,\"expiryDate\":null,\"enabled\":1,\"parentId\":null,\"fields\":{\"1\":\"<p>d<\\/p>\",\"6\":\"#62d5d6\",\"4\":\"<p>We cold called <a href=\\\"http:\\/\\/localhost:8888\\/bokeh\\/public\\/index.php\\/projects\\/philz-coffee#entry:28:url\\\">Philz Coffee<\\/a> about their logo, and they let us do a rebrand.<\\/p>\",\"8\":\"center\",\"3\":[\"29\"],\"5\":\"This is an intro paragraph\",\"2\":\"\",\"9\":\"center\"}}', '2017-08-18 02:18:06', '2017-08-18 02:18:06', 'dfa0b726-3663-495d-be08-1ef806b2e2b8'),
 ('20', '4', '2', '1', 'en_us', '6', '', '{\"typeId\":\"2\",\"authorId\":\"1\",\"title\":\"Airbnb\",\"slug\":\"airbnb\",\"postDate\":1502680800,\"expiryDate\":null,\"enabled\":1,\"parentId\":null,\"fields\":{\"1\":\"<p>bb<\\/p>\",\"6\":\"#c6483b\",\"4\":\"<p>We once smuggled $20,000 worth of equipment into cuba for <a href=\\\"\\/projects\\/airbnb#entry:4:url\\\">Airbnb<\\/a>.<\\/p>\",\"8\":\"center\",\"3\":[\"27\"],\"5\":\"Intro paragraph\",\"2\":\"\",\"9\":\"center\"}}', '2017-08-18 02:22:09', '2017-08-18 02:22:09', '607f734d-cdf5-4cfe-8c86-8950c4630fa0'),
 ('21', '28', '2', '1', 'en_us', '6', '', '{\"typeId\":\"2\",\"authorId\":\"1\",\"title\":\"Philz Coffee\",\"slug\":\"philz-coffee\",\"postDate\":1502594280,\"expiryDate\":null,\"enabled\":1,\"parentId\":null,\"fields\":{\"6\":\"#62d5d6\",\"4\":\"<p>We cold called <a href=\\\"http:\\/\\/localhost:8888\\/bokeh\\/public\\/index.php\\/projects\\/philz-coffee#entry:28:url\\\">Philz Coffee<\\/a> about their logo, and they let us do a rebrand.<\\/p>\",\"8\":\"center\",\"3\":[\"29\"],\"5\":\"This is an intro paragraph\",\"10\":{\"new1\":{\"type\":\"text\",\"enabled\":\"1\",\"fields\":{\"copy\":\"<h2>Heading Two<\\/h2><p><span class=\\\"ng-directive ng-binding\\\">Topping toffee bonbon gingerbread souffl\\u00e9. Tootsie roll cupcake gummi bears drag\\u00e9e chocolate. Liquorice chocolate bar wafer donut souffl\\u00e9. Gummies dessert croissant. Bonbon cake marshmallow liquorice. Cotton candy gummies cupcake sweet. Donut dessert brownie croissant sweet.<\\/span><\\/p>\\r\\n<p><span class=\\\"ng-directive ng-binding\\\">Gingerbread sweet roll danish marshmallow lemon drops cake halvah chupa chups cake. Macaroon tart liquorice cake. Biscuit pastry cake muffin chocolate bar. Gummies bear claw bonbon candy canes danish powder jelly wafer. Jelly pie gingerbread. Jelly brownie pudding gummies chocolate cake cupcake brownie danish gummies. Liquorice gingerbread souffl\\u00e9.<\\/span><\\/p>\\r\\n<p><span class=\\\"ng-directive ng-binding\\\"><br><\\/span><\\/p>\"}},\"new2\":{\"type\":\"quote\",\"enabled\":\"1\",\"fields\":{\"quote\":\"Jelly beans apple pie pie ice cream tiramisu jelly-o chupa chups tootsie roll. Jujubes biscuit brownie carrot cake. Lollipop tart marzipan pastry sugar plum.\",\"personsName\":\"John Doe\",\"jobTitle\":\"Lawyer\"}},\"new3\":{\"type\":\"video\",\"enabled\":\"1\",\"fields\":{\"videoUrl\":\"https:\\/\\/vimeo.com\\/230046783\",\"caption\":\"Caption\"}},\"new4\":{\"type\":\"inlineImage\",\"enabled\":\"1\",\"fields\":{\"image\":[\"29\"],\"caption\":\"Caption 2\"}},\"new5\":{\"type\":\"fullWidthImage\",\"enabled\":\"1\",\"fields\":{\"image\":[\"6\"],\"caption\":\"Full Caption\"}},\"new6\":{\"type\":\"twoUpImages\",\"enabled\":\"1\",\"fields\":{\"firstImage\":[\"29\"],\"secondImage\":[\"29\"]}},\"new7\":{\"type\":\"threeUpImages\",\"enabled\":\"1\",\"fields\":{\"firstImage\":[\"10\"],\"secondImage\":[\"29\"],\"thirdImage\":[\"29\"]}},\"new8\":{\"type\":\"fiveUpImages\",\"enabled\":\"1\",\"fields\":{\"firstImage\":[\"29\"],\"secondImage\":[\"8\"],\"thirdImage\":[\"9\"],\"fourthImage\":[\"8\"],\"fifthImage\":[\"29\"]}},\"new9\":{\"type\":\"videoCarousel\",\"enabled\":\"1\",\"fields\":{\"video\":{\"new1\":{\"type\":\"1\",\"fields\":{\"video\":\"https:\\/\\/vimeo.com\\/230046783\",\"caption\":\"caption 2\"}},\"new2\":{\"type\":\"1\",\"fields\":{\"video\":\"https:\\/\\/vimeo.com\\/124346309\",\"caption\":\"\"}},\"new3\":{\"type\":\"1\",\"fields\":{\"video\":\"https:\\/\\/vimeo.com\\/230046783\",\"caption\":\"caption\"}},\"new4\":{\"type\":\"1\",\"fields\":{\"video\":\"https:\\/\\/vimeo.com\\/124346309\",\"caption\":\"\"}}}}},\"new10\":{\"type\":\"imageCarousel\",\"enabled\":\"1\",\"fields\":{\"image\":{\"new1\":{\"type\":\"2\",\"fields\":{\"image\":[\"29\"],\"caption\":\"\"}},\"new2\":{\"type\":\"2\",\"fields\":{\"image\":[\"5\"],\"caption\":\"caption 2\"}},\"new3\":{\"type\":\"2\",\"fields\":{\"image\":[\"10\"],\"caption\":\"caption\"}},\"new4\":{\"type\":\"2\",\"fields\":{\"image\":[\"27\"],\"caption\":\"\"}}}}}},\"2\":\"\",\"9\":\"center\"}}', '2017-08-20 00:40:09', '2017-08-20 00:40:09', 'f4b38522-ff0c-4cd3-907c-8f6d621033aa'),
 ('22', '28', '2', '1', 'en_us', '7', '', '{\"typeId\":\"2\",\"authorId\":\"1\",\"title\":\"Philz Coffee\",\"slug\":\"philz-coffee\",\"postDate\":1502594280,\"expiryDate\":null,\"enabled\":1,\"parentId\":null,\"fields\":{\"6\":\"#62d5d6\",\"4\":\"<p>We cold called <a href=\\\"http:\\/\\/localhost:8888\\/bokeh\\/public\\/index.php\\/projects\\/philz-coffee#entry:28:url\\\">Philz Coffee<\\/a> about their logo, and they let us do a rebrand.<\\/p>\",\"8\":\"center\",\"3\":[\"29\"],\"5\":\"This is an intro paragraph\",\"10\":{\"32\":{\"type\":\"text\",\"enabled\":\"1\",\"fields\":{\"copy\":\"<h2>Heading Two<\\/h2>\\r\\n<p>Topping toffee bonbon gingerbread souffl\\u00e9. Tootsie roll cupcake gummi bears drag\\u00e9e chocolate. Liquorice chocolate bar wafer donut souffl\\u00e9. Gummies dessert croissant. Bonbon cake marshmallow liquorice. Cotton candy gummies cupcake sweet. Donut dessert brownie croissant sweet.<\\/p>\\r\\n<p>Gingerbread sweet roll danish marshmallow lemon drops cake halvah chupa chups cake. Macaroon tart liquorice cake. Biscuit pastry cake muffin chocolate bar. Gummies bear claw bonbon candy canes danish powder jelly wafer. Jelly pie gingerbread. Jelly brownie pudding gummies chocolate cake cupcake brownie danish gummies. Liquorice gingerbread souffl\\u00e9.<\\/p>\\r\\n<p><br><\\/p>\"}},\"33\":{\"type\":\"quote\",\"enabled\":\"1\",\"fields\":{\"quote\":\"Jelly beans apple pie pie ice cream tiramisu jelly-o chupa chups tootsie roll. Jujubes biscuit brownie carrot cake. Lollipop tart marzipan pastry sugar plum.\",\"personsName\":\"John Doe\",\"jobTitle\":\"Lawyer\"}},\"34\":{\"type\":\"video\",\"enabled\":\"1\",\"fields\":{\"videoUrl\":\"https:\\/\\/www.youtube.com\\/watch?v=vTNl7UexJJE\",\"caption\":\"Caption\"}},\"35\":{\"type\":\"inlineImage\",\"enabled\":\"1\",\"fields\":{\"image\":[\"29\"],\"caption\":\"Caption 2\"}},\"36\":{\"type\":\"fullWidthImage\",\"enabled\":\"1\",\"fields\":{\"image\":[\"6\"],\"caption\":\"Full Caption\"}},\"37\":{\"type\":\"twoUpImages\",\"enabled\":\"1\",\"fields\":{\"firstImage\":[\"29\"],\"secondImage\":[\"29\"]}},\"38\":{\"type\":\"threeUpImages\",\"enabled\":\"1\",\"fields\":{\"firstImage\":[\"10\"],\"secondImage\":[\"29\"],\"thirdImage\":[\"29\"]}},\"39\":{\"type\":\"fiveUpImages\",\"enabled\":\"1\",\"fields\":{\"firstImage\":[\"29\"],\"secondImage\":[\"8\"],\"thirdImage\":[\"9\"],\"fourthImage\":[\"8\"],\"fifthImage\":[\"29\"]}},\"40\":{\"type\":\"videoCarousel\",\"enabled\":\"1\",\"fields\":{\"video\":{\"41\":{\"type\":\"1\",\"fields\":{\"video\":\"https:\\/\\/vimeo.com\\/230046783\",\"caption\":\"caption 2\"}},\"42\":{\"type\":\"1\",\"fields\":{\"video\":\"https:\\/\\/vimeo.com\\/124346309\",\"caption\":\"\"}},\"43\":{\"type\":\"1\",\"fields\":{\"video\":\"https:\\/\\/vimeo.com\\/230046783\",\"caption\":\"caption\"}},\"44\":{\"type\":\"1\",\"fields\":{\"video\":\"https:\\/\\/vimeo.com\\/124346309\",\"caption\":\"\"}}}}},\"45\":{\"type\":\"imageCarousel\",\"enabled\":\"1\",\"fields\":{\"image\":{\"46\":{\"type\":\"2\",\"fields\":{\"image\":[\"29\"],\"caption\":\"\"}},\"47\":{\"type\":\"2\",\"fields\":{\"image\":[\"5\"],\"caption\":\"caption 2\"}},\"48\":{\"type\":\"2\",\"fields\":{\"image\":[\"10\"],\"caption\":\"caption\"}},\"49\":{\"type\":\"2\",\"fields\":{\"image\":[\"27\"],\"caption\":\"\"}}}}}},\"2\":\"\",\"9\":\"center\"}}', '2017-08-20 00:53:20', '2017-08-20 00:53:20', '76be425d-e4cf-4dfc-916a-3f8c82c93dad'),
 ('23', '28', '2', '1', 'en_us', '8', '', '{\"typeId\":\"2\",\"authorId\":\"1\",\"title\":\"Philz Coffee\",\"slug\":\"philz-coffee\",\"postDate\":1502594280,\"expiryDate\":null,\"enabled\":1,\"parentId\":null,\"fields\":{\"6\":\"#62d5d6\",\"4\":\"<p>We cold called <a href=\\\"http:\\/\\/localhost:8888\\/bokeh\\/public\\/index.php\\/projects\\/philz-coffee#entry:28:url\\\">Philz Coffee<\\/a> about their logo, and they let us do a rebrand.<\\/p>\",\"8\":\"center\",\"3\":[\"29\"],\"5\":\"This is an intro paragraph\",\"10\":{\"32\":{\"type\":\"text\",\"enabled\":\"1\",\"fields\":{\"copy\":\"<h2>Heading Two<\\/h2>\\r\\n<p>Topping toffee bonbon gingerbread souffl\\u00e9. Tootsie roll cupcake gummi bears drag\\u00e9e chocolate. Liquorice chocolate bar wafer donut souffl\\u00e9. Gummies dessert croissant. Bonbon cake marshmallow liquorice. Cotton candy gummies cupcake sweet. Donut dessert brownie croissant sweet.<\\/p>\\r\\n<p>Gingerbread sweet roll danish marshmallow lemon drops cake halvah chupa chups cake. Macaroon tart liquorice cake. Biscuit pastry cake muffin chocolate bar. Gummies bear claw bonbon candy canes danish powder jelly wafer. Jelly pie gingerbread. Jelly brownie pudding gummies chocolate cake cupcake brownie danish gummies. Liquorice gingerbread souffl\\u00e9.<\\/p>\\r\\n<p><br><\\/p>\"}},\"33\":{\"type\":\"quote\",\"enabled\":\"1\",\"fields\":{\"quote\":\"Jelly beans apple pie pie ice cream tiramisu jelly-o chupa chups tootsie roll. Jujubes biscuit brownie carrot cake. Lollipop tart marzipan pastry sugar plum.\",\"personsName\":\"John Doe\",\"jobTitle\":\"Lawyer\"}},\"34\":{\"type\":\"video\",\"enabled\":\"1\",\"fields\":{\"videoUrl\":\"https:\\/\\/www.youtube.com\\/watch?v=wxLUj1Mrars\",\"caption\":\"Caption\"}},\"35\":{\"type\":\"inlineImage\",\"enabled\":\"1\",\"fields\":{\"image\":[\"29\"],\"caption\":\"Caption 2\"}},\"36\":{\"type\":\"fullWidthImage\",\"enabled\":\"1\",\"fields\":{\"image\":[\"6\"],\"caption\":\"Full Caption\"}},\"37\":{\"type\":\"twoUpImages\",\"enabled\":\"1\",\"fields\":{\"firstImage\":[\"29\"],\"secondImage\":[\"29\"]}},\"38\":{\"type\":\"threeUpImages\",\"enabled\":\"1\",\"fields\":{\"firstImage\":[\"10\"],\"secondImage\":[\"29\"],\"thirdImage\":[\"29\"]}},\"39\":{\"type\":\"fiveUpImages\",\"enabled\":\"1\",\"fields\":{\"firstImage\":[\"29\"],\"secondImage\":[\"8\"],\"thirdImage\":[\"9\"],\"fourthImage\":[\"8\"],\"fifthImage\":[\"29\"]}},\"40\":{\"type\":\"videoCarousel\",\"enabled\":\"1\",\"fields\":{\"video\":{\"41\":{\"type\":\"1\",\"fields\":{\"video\":\"https:\\/\\/vimeo.com\\/230046783\",\"caption\":\"caption 2\"}},\"42\":{\"type\":\"1\",\"fields\":{\"video\":\"https:\\/\\/vimeo.com\\/124346309\",\"caption\":\"\"}},\"43\":{\"type\":\"1\",\"fields\":{\"video\":\"https:\\/\\/vimeo.com\\/230046783\",\"caption\":\"caption\"}},\"44\":{\"type\":\"1\",\"fields\":{\"video\":\"https:\\/\\/vimeo.com\\/124346309\",\"caption\":\"\"}}}}},\"45\":{\"type\":\"imageCarousel\",\"enabled\":\"1\",\"fields\":{\"image\":{\"46\":{\"type\":\"2\",\"fields\":{\"image\":[\"29\"],\"caption\":\"\"}},\"47\":{\"type\":\"2\",\"fields\":{\"image\":[\"5\"],\"caption\":\"caption 2\"}},\"48\":{\"type\":\"2\",\"fields\":{\"image\":[\"10\"],\"caption\":\"caption\"}},\"49\":{\"type\":\"2\",\"fields\":{\"image\":[\"27\"],\"caption\":\"\"}}}}}},\"2\":\"\",\"9\":\"center\"}}', '2017-08-20 00:54:20', '2017-08-20 00:54:20', '091bf846-62ed-47b1-b358-d494ec7ccb50'),
 ('24', '28', '2', '1', 'en_us', '9', '', '{\"typeId\":\"2\",\"authorId\":\"1\",\"title\":\"Philz Coffee\",\"slug\":\"philz-coffee\",\"postDate\":1502594280,\"expiryDate\":null,\"enabled\":1,\"parentId\":null,\"fields\":{\"6\":\"#62d5d6\",\"4\":\"<p>We cold called <a href=\\\"http:\\/\\/localhost:8888\\/bokeh\\/public\\/index.php\\/projects\\/philz-coffee#entry:28:url\\\">Philz Coffee<\\/a> about their logo, and they let us do a rebrand.<\\/p>\",\"8\":\"center\",\"3\":[\"29\"],\"5\":\"This is an intro paragraph\",\"10\":{\"32\":{\"type\":\"text\",\"enabled\":\"1\",\"fields\":{\"copy\":\"<h2>Heading Two<\\/h2>\\r\\n<p>Topping toffee bonbon gingerbread souffl\\u00e9. Tootsie roll cupcake gummi bears drag\\u00e9e chocolate. Liquorice chocolate bar wafer donut souffl\\u00e9. Gummies dessert croissant. Bonbon cake marshmallow liquorice. Cotton candy gummies cupcake sweet. Donut dessert brownie croissant sweet.<\\/p>\"}},\"35\":{\"type\":\"inlineImage\",\"enabled\":\"1\",\"fields\":{\"image\":[\"29\"],\"caption\":\"Caption 2\"}},\"33\":{\"type\":\"quote\",\"enabled\":\"1\",\"fields\":{\"quote\":\"Jelly beans apple pie pie ice cream tiramisu jelly-o chupa chups tootsie roll. Jujubes biscuit brownie carrot cake. Lollipop tart marzipan pastry sugar plum.\",\"personsName\":\"John Doe\",\"jobTitle\":\"Coffee Lover\"}},\"34\":{\"type\":\"video\",\"enabled\":\"1\",\"fields\":{\"videoUrl\":\"https:\\/\\/www.youtube.com\\/watch?v=wxLUj1Mrars\",\"caption\":\"Caption\"}},\"new1\":{\"type\":\"text\",\"enabled\":\"1\",\"fields\":{\"copy\":\"<p>Gingerbread sweet roll danish marshmallow lemon drops cake halvah chupa chups cake. Macaroon tart liquorice cake.<a href=\\\"\\/\\/google.ca\\\">This is a link<\\/a>. Biscuit pastry cake muffin chocolate bar. Gummies bear claw bonbon candy canes danish powder jelly wafer. Jelly pie gingerbread. Jelly brownie pudding gummies chocolate cake cupcake brownie danish gummies. Liquorice gingerbread souffl\\u00e9.<\\/p>\"}},\"36\":{\"type\":\"fullWidthImage\",\"enabled\":\"1\",\"fields\":{\"image\":[\"6\"],\"caption\":\"Full Caption\"}},\"new2\":{\"type\":\"text\",\"enabled\":\"1\",\"fields\":{\"copy\":\"<p>Sugar plum croissant drag\\u00e9e oat cake pudding chocolate jelly-o cake cupcake. Pudding bonbon lemon drops chupa chups. Drag\\u00e9e jelly gummi bears gummies donut gummies. Jujubes cotton candy apple pie muffin. Sweet liquorice cake gummies bear claw. Marzipan tootsie roll marzipan muffin toffee gummi bears marzipan cake jelly beans. Donut chupa chups cake topping sesame snaps dessert biscuit brownie. Croissant carrot cake topping pudding powder donut. Tiramisu cupcake souffl\\u00e9 biscuit cake chocolate bar drag\\u00e9e danish chocolate cake. Pudding souffl\\u00e9 bonbon bear claw souffl\\u00e9 cotton candy tart.<\\/p>\"}},\"37\":{\"type\":\"twoUpImages\",\"enabled\":\"1\",\"fields\":{\"firstImage\":[\"29\"],\"secondImage\":[\"29\"]}},\"new3\":{\"type\":\"text\",\"enabled\":\"1\",\"fields\":{\"copy\":\"<p>Souffl\\u00e9 macaroon cake donut cotton candy jelly bear claw. Topping toffee cotton candy macaroon danish sugar plum carrot cake. Pudding powder biscuit. Liquorice toffee cupcake macaroon sesame snaps jujubes tiramisu. Candy canes powder apple pie souffl\\u00e9 lollipop oat cake. Sugar plum cheesecake chocolate. Liquorice sweet roll souffl\\u00e9 chocolate cake bear claw sweet roll.<\\/p><p><\\/p>\"}},\"38\":{\"type\":\"threeUpImages\",\"enabled\":\"1\",\"fields\":{\"firstImage\":[\"10\"],\"secondImage\":[\"29\"],\"thirdImage\":[\"29\"]}},\"new4\":{\"type\":\"text\",\"enabled\":\"1\",\"fields\":{\"copy\":\"<h1>Heading One<\\/h1><p>Candy canes souffl\\u00e9 apple pie sweet roll. Bear claw halvah jelly beans pie danish jelly ice cream. Dessert cookie macaroon tootsie roll drag\\u00e9e. Sweet roll pastry muffin marzipan liquorice chocolate ice cream oat cake sweet. Tart tart fruitcake. Gingerbread chocolate bar sweet roll cotton candy cookie donut oat cake halvah. Chocolate sesame snaps apple pie sweet tart cookie. Candy canes bonbon candy icing drag\\u00e9e cake chocolate danish pastry. Liquorice croissant lollipop chocolate macaroon sweet.<\\/p>\"}},\"39\":{\"type\":\"fiveUpImages\",\"enabled\":\"1\",\"fields\":{\"firstImage\":[\"29\"],\"secondImage\":[\"8\"],\"thirdImage\":[\"9\"],\"fourthImage\":[\"8\"],\"fifthImage\":[\"29\"]}},\"new5\":{\"type\":\"text\",\"enabled\":\"1\",\"fields\":{\"copy\":\"<p>Caramels lollipop oat cake. Chupa chups candy gummies ice cream jujubes carrot cake. Powder halvah candy canes. Fruitcake pudding pastry brownie tart. Souffl\\u00e9 caramels tiramisu wafer marshmallow carrot cake. Bonbon topping souffl\\u00e9 caramels. Topping sugar plum sesame snaps lollipop wafer carrot cake chocolate. Cake chocolate bar cake sweet. Apple pie brownie macaroon tiramisu tart powder sweet roll bonbon. Gummies biscuit candy canes sugar plum cupcake drag\\u00e9e toffee muffin topping.<\\/p>\"}},\"40\":{\"type\":\"videoCarousel\",\"enabled\":\"1\",\"fields\":{\"video\":{\"41\":{\"type\":\"1\",\"fields\":{\"video\":\"https:\\/\\/vimeo.com\\/230046783\",\"caption\":\"caption 2\"}},\"42\":{\"type\":\"1\",\"fields\":{\"video\":\"https:\\/\\/vimeo.com\\/124346309\",\"caption\":\"\"}},\"43\":{\"type\":\"1\",\"fields\":{\"video\":\"https:\\/\\/vimeo.com\\/230046783\",\"caption\":\"caption\"}},\"44\":{\"type\":\"1\",\"fields\":{\"video\":\"https:\\/\\/vimeo.com\\/124346309\",\"caption\":\"\"}}}}},\"new6\":{\"type\":\"text\",\"enabled\":\"1\",\"fields\":{\"copy\":\"<p>Cheesecake cupcake lollipop muffin. Cheesecake icing wafer jujubes lollipop muffin sweet chocolate bar drag\\u00e9e. Cake chupa chups chocolate muffin jelly bear claw. Tart jelly toffee pastry cake. Icing ice cream bear claw. Caramels souffl\\u00e9 bonbon chocolate marshmallow. Icing carrot cake jujubes dessert cookie.<\\/p>\"}}},\"2\":\"\",\"9\":\"center\"}}', '2017-08-20 01:44:22', '2017-08-20 01:44:22', '8899f4b8-2a8e-4ef8-969d-863d0bf086d5'),
 ('25', '28', '2', '1', 'en_us', '10', '', '{\"typeId\":\"2\",\"authorId\":\"1\",\"title\":\"Philz Coffee\",\"slug\":\"philz-coffee\",\"postDate\":1502594280,\"expiryDate\":null,\"enabled\":1,\"parentId\":null,\"fields\":{\"6\":\"#62d5d6\",\"4\":\"<p>We cold called <a href=\\\"http:\\/\\/localhost:8888\\/bokeh\\/public\\/index.php\\/projects\\/philz-coffee#entry:28:url\\\">Philz Coffee<\\/a> about their logo, and they let us do a rebrand.<\\/p>\",\"8\":\"center\",\"3\":[\"29\"],\"5\":\"This is an intro paragraph\",\"10\":{\"32\":{\"type\":\"text\",\"enabled\":\"1\",\"fields\":{\"copy\":\"<h2>Heading Two<\\/h2>\\r\\n<p>Topping toffee bonbon gingerbread souffl\\u00e9. Tootsie roll cupcake gummi bears drag\\u00e9e chocolate. Liquorice chocolate bar wafer donut souffl\\u00e9. Gummies dessert croissant. Bonbon cake marshmallow liquorice. Cotton candy gummies cupcake sweet. Donut dessert brownie croissant sweet.<\\/p>\"}},\"35\":{\"type\":\"inlineImage\",\"enabled\":\"1\",\"fields\":{\"image\":[\"56\"],\"caption\":\"\"}},\"33\":{\"type\":\"quote\",\"enabled\":\"1\",\"fields\":{\"quote\":\"Jelly beans apple pie pie ice cream tiramisu jelly-o chupa chups tootsie roll. Jujubes biscuit brownie carrot cake. Lollipop tart marzipan pastry sugar plum.\",\"personsName\":\"John Doe\",\"jobTitle\":\"Coffee Lover\"}},\"34\":{\"type\":\"video\",\"enabled\":\"1\",\"fields\":{\"videoUrl\":\"https:\\/\\/www.youtube.com\\/watch?v=wxLUj1Mrars\",\"caption\":\"Caption\"}},\"50\":{\"type\":\"text\",\"enabled\":\"1\",\"fields\":{\"copy\":\"<p>Gingerbread sweet roll danish marshmallow lemon drops cake halvah chupa chups cake. Macaroon tart liquorice cake.<a href=\\\"\\/\\/google.ca\\\">This is a link<\\/a>. Biscuit pastry cake muffin chocolate bar. Gummies bear claw bonbon candy canes danish powder jelly wafer. Jelly pie gingerbread. Jelly brownie pudding gummies chocolate cake cupcake brownie danish gummies. Liquorice gingerbread souffl\\u00e9.<\\/p>\"}},\"36\":{\"type\":\"fullWidthImage\",\"enabled\":\"1\",\"fields\":{\"image\":[\"57\"],\"caption\":\"Coffee Beanz\"}},\"51\":{\"type\":\"text\",\"enabled\":\"1\",\"fields\":{\"copy\":\"<p>Sugar plum croissant drag\\u00e9e oat cake pudding chocolate jelly-o cake cupcake. Pudding bonbon lemon drops chupa chups. Drag\\u00e9e jelly gummi bears gummies donut gummies. Jujubes cotton candy apple pie muffin. Sweet liquorice cake gummies bear claw. Marzipan tootsie roll marzipan muffin toffee gummi bears marzipan cake jelly beans. Donut chupa chups cake topping sesame snaps dessert biscuit brownie. Croissant carrot cake topping pudding powder donut. Tiramisu cupcake souffl\\u00e9 biscuit cake chocolate bar drag\\u00e9e danish chocolate cake. Pudding souffl\\u00e9 bonbon bear claw souffl\\u00e9 cotton candy tart.<\\/p>\"}},\"37\":{\"type\":\"twoUpImages\",\"enabled\":\"1\",\"fields\":{\"firstImage\":[\"29\"],\"secondImage\":[\"29\"]}},\"52\":{\"type\":\"text\",\"enabled\":\"1\",\"fields\":{\"copy\":\"<p>Souffl\\u00e9 macaroon cake donut cotton candy jelly bear claw. Topping toffee cotton candy macaroon danish sugar plum carrot cake. Pudding powder biscuit. Liquorice toffee cupcake macaroon sesame snaps jujubes tiramisu. Candy canes powder apple pie souffl\\u00e9 lollipop oat cake. Sugar plum cheesecake chocolate. Liquorice sweet roll souffl\\u00e9 chocolate cake bear claw sweet roll.<\\/p>\"}},\"38\":{\"type\":\"threeUpImages\",\"enabled\":\"1\",\"fields\":{\"firstImage\":[\"10\"],\"secondImage\":[\"29\"],\"thirdImage\":[\"29\"]}},\"53\":{\"type\":\"text\",\"enabled\":\"1\",\"fields\":{\"copy\":\"<h1>Heading One<\\/h1>\\r\\n<p>Candy canes souffl\\u00e9 apple pie sweet roll. Bear claw halvah jelly beans pie danish jelly ice cream. Dessert cookie macaroon tootsie roll drag\\u00e9e. Sweet roll pastry muffin marzipan liquorice chocolate ice cream oat cake sweet. Tart tart fruitcake. Gingerbread chocolate bar sweet roll cotton candy cookie donut oat cake halvah. Chocolate sesame snaps apple pie sweet tart cookie. Candy canes bonbon candy icing drag\\u00e9e cake chocolate danish pastry. Liquorice croissant lollipop chocolate macaroon sweet.<\\/p>\"}},\"39\":{\"type\":\"fiveUpImages\",\"enabled\":\"1\",\"fields\":{\"firstImage\":[\"29\"],\"secondImage\":[\"8\"],\"thirdImage\":[\"9\"],\"fourthImage\":[\"8\"],\"fifthImage\":[\"29\"]}},\"54\":{\"type\":\"text\",\"enabled\":\"1\",\"fields\":{\"copy\":\"<p>Caramels lollipop oat cake. Chupa chups candy gummies ice cream jujubes carrot cake. Powder halvah candy canes. Fruitcake pudding pastry brownie tart. Souffl\\u00e9 caramels tiramisu wafer marshmallow carrot cake. Bonbon topping souffl\\u00e9 caramels. Topping sugar plum sesame snaps lollipop wafer carrot cake chocolate. Cake chocolate bar cake sweet. Apple pie brownie macaroon tiramisu tart powder sweet roll bonbon. Gummies biscuit candy canes sugar plum cupcake drag\\u00e9e toffee muffin topping.<\\/p>\"}},\"40\":{\"type\":\"videoCarousel\",\"enabled\":\"1\",\"fields\":{\"video\":{\"41\":{\"type\":\"1\",\"fields\":{\"video\":\"https:\\/\\/vimeo.com\\/230046783\",\"caption\":\"\"}},\"42\":{\"type\":\"1\",\"fields\":{\"video\":\"https:\\/\\/vimeo.com\\/124346309\",\"caption\":\"\"}},\"43\":{\"type\":\"1\",\"fields\":{\"video\":\"https:\\/\\/vimeo.com\\/230046783\",\"caption\":\"\"}},\"44\":{\"type\":\"1\",\"fields\":{\"video\":\"https:\\/\\/vimeo.com\\/124346309\",\"caption\":\"\"}}}}},\"55\":{\"type\":\"text\",\"enabled\":\"1\",\"fields\":{\"copy\":\"<p>Cheesecake cupcake lollipop muffin. Cheesecake icing wafer jujubes lollipop muffin sweet chocolate bar drag\\u00e9e. Cake chupa chups chocolate muffin jelly bear claw. Tart jelly toffee pastry cake. Icing ice cream bear claw. Caramels souffl\\u00e9 bonbon chocolate marshmallow. Icing carrot cake jujubes dessert cookie.<\\/p>\"}},\"new1\":{\"type\":\"imageCarousel\",\"enabled\":\"1\",\"fields\":{\"image\":{\"new1\":{\"type\":\"2\",\"fields\":{\"image\":[\"58\"],\"caption\":\"\"}},\"new2\":{\"type\":\"2\",\"fields\":{\"image\":[\"59\"],\"caption\":\"\"}},\"new3\":{\"type\":\"2\",\"fields\":{\"image\":[\"60\"],\"caption\":\"\"}},\"new4\":{\"type\":\"2\",\"fields\":{\"image\":[\"61\"],\"caption\":\"\"}},\"new5\":{\"type\":\"2\",\"fields\":{\"image\":[\"62\"],\"caption\":\"\"}}}}}},\"2\":\"\",\"9\":\"center\"}}', '2017-08-20 01:47:51', '2017-08-20 01:47:51', '936c6274-4eab-4139-a100-c84b27ab7628'),
 ('26', '28', '2', '1', 'en_us', '11', '', '{\"typeId\":\"2\",\"authorId\":\"1\",\"title\":\"Philz Coffee\",\"slug\":\"philz-coffee\",\"postDate\":1502594280,\"expiryDate\":null,\"enabled\":1,\"parentId\":null,\"fields\":{\"6\":\"#62d5d6\",\"4\":\"<p>We cold called <a href=\\\"http:\\/\\/localhost:8888\\/bokeh\\/public\\/index.php\\/projects\\/philz-coffee#entry:28:url\\\">Philz Coffee<\\/a> about their logo, and they let us do a rebrand.<\\/p>\",\"8\":\"center\",\"3\":[\"29\"],\"5\":\"This is an intro paragraph\",\"10\":{\"32\":{\"type\":\"text\",\"enabled\":\"1\",\"fields\":{\"copy\":\"<h2>Heading Two<\\/h2>\\r\\n<p>Topping toffee bonbon gingerbread souffl\\u00e9. Tootsie roll cupcake gummi bears drag\\u00e9e chocolate. Liquorice chocolate bar wafer donut souffl\\u00e9. Gummies dessert croissant. Bonbon cake marshmallow liquorice. Cotton candy gummies cupcake sweet. Donut dessert brownie croissant sweet.<\\/p>\"}},\"35\":{\"type\":\"inlineImage\",\"enabled\":\"1\",\"fields\":{\"image\":[\"56\"],\"caption\":\"\"}},\"33\":{\"type\":\"quote\",\"enabled\":\"1\",\"fields\":{\"quote\":\"Jelly beans apple pie pie ice cream tiramisu jelly-o chupa chups tootsie roll. Jujubes biscuit brownie carrot cake. Lollipop tart marzipan pastry sugar plum.\",\"personsName\":\"John Doe\",\"jobTitle\":\"Coffee Lover\"}},\"34\":{\"type\":\"video\",\"enabled\":\"1\",\"fields\":{\"videoUrl\":\"https:\\/\\/www.youtube.com\\/watch?v=wxLUj1Mrars\",\"caption\":\"Caption\"}},\"50\":{\"type\":\"text\",\"enabled\":\"1\",\"fields\":{\"copy\":\"<p>Gingerbread sweet roll danish marshmallow lemon drops cake halvah chupa chups cake. Macaroon tart liquorice cake.<a href=\\\"\\/\\/google.ca\\\">This is a link<\\/a>. Biscuit pastry cake muffin chocolate bar. Gummies bear claw bonbon candy canes danish powder jelly wafer. Jelly pie gingerbread. Jelly brownie pudding gummies chocolate cake cupcake brownie danish gummies. Liquorice gingerbread souffl\\u00e9.<\\/p>\"}},\"36\":{\"type\":\"fullWidthImage\",\"enabled\":\"1\",\"fields\":{\"image\":[\"57\"],\"caption\":\"Coffee Beanz\"}},\"51\":{\"type\":\"text\",\"enabled\":\"1\",\"fields\":{\"copy\":\"<p>Sugar plum croissant drag\\u00e9e oat cake pudding chocolate jelly-o cake cupcake. Pudding bonbon lemon drops chupa chups. Drag\\u00e9e jelly gummi bears gummies donut gummies. Jujubes cotton candy apple pie muffin. Sweet liquorice cake gummies bear claw. Marzipan tootsie roll marzipan muffin toffee gummi bears marzipan cake jelly beans. Donut chupa chups cake topping sesame snaps dessert biscuit brownie. Croissant carrot cake topping pudding powder donut. Tiramisu cupcake souffl\\u00e9 biscuit cake chocolate bar drag\\u00e9e danish chocolate cake. Pudding souffl\\u00e9 bonbon bear claw souffl\\u00e9 cotton candy tart.<\\/p>\"}},\"37\":{\"type\":\"twoUpImages\",\"enabled\":\"1\",\"fields\":{\"firstImage\":[\"29\"],\"secondImage\":[\"29\"]}},\"52\":{\"type\":\"text\",\"enabled\":\"1\",\"fields\":{\"copy\":\"<p>Souffl\\u00e9 macaroon cake donut cotton candy jelly bear claw. Topping toffee cotton candy macaroon danish sugar plum carrot cake. Pudding powder biscuit. Liquorice toffee cupcake macaroon sesame snaps jujubes tiramisu. Candy canes powder apple pie souffl\\u00e9 lollipop oat cake. Sugar plum cheesecake chocolate. Liquorice sweet roll souffl\\u00e9 chocolate cake bear claw sweet roll.<\\/p>\"}},\"38\":{\"type\":\"threeUpImages\",\"enabled\":\"1\",\"fields\":{\"firstImage\":[\"10\"],\"secondImage\":[\"19\"],\"thirdImage\":[\"19\"]}},\"53\":{\"type\":\"text\",\"enabled\":\"1\",\"fields\":{\"copy\":\"<h1>Heading One<\\/h1>\\r\\n<p>Candy canes souffl\\u00e9 apple pie sweet roll. Bear claw halvah jelly beans pie danish jelly ice cream. Dessert cookie macaroon tootsie roll drag\\u00e9e. Sweet roll pastry muffin marzipan liquorice chocolate ice cream oat cake sweet. Tart tart fruitcake. Gingerbread chocolate bar sweet roll cotton candy cookie donut oat cake halvah. Chocolate sesame snaps apple pie sweet tart cookie. Candy canes bonbon candy icing drag\\u00e9e cake chocolate danish pastry. Liquorice croissant lollipop chocolate macaroon sweet.<\\/p>\"}},\"39\":{\"type\":\"fiveUpImages\",\"enabled\":\"1\",\"fields\":{\"firstImage\":[\"29\"],\"secondImage\":[\"8\"],\"thirdImage\":[\"9\"],\"fourthImage\":[\"8\"],\"fifthImage\":[\"29\"]}},\"54\":{\"type\":\"text\",\"enabled\":\"1\",\"fields\":{\"copy\":\"<p>Caramels lollipop oat cake. Chupa chups candy gummies ice cream jujubes carrot cake. Powder halvah candy canes. Fruitcake pudding pastry brownie tart. Souffl\\u00e9 caramels tiramisu wafer marshmallow carrot cake. Bonbon topping souffl\\u00e9 caramels. Topping sugar plum sesame snaps lollipop wafer carrot cake chocolate. Cake chocolate bar cake sweet. Apple pie brownie macaroon tiramisu tart powder sweet roll bonbon. Gummies biscuit candy canes sugar plum cupcake drag\\u00e9e toffee muffin topping.<\\/p>\"}},\"40\":{\"type\":\"videoCarousel\",\"enabled\":\"1\",\"fields\":{\"video\":{\"41\":{\"type\":\"1\",\"fields\":{\"video\":\"https:\\/\\/vimeo.com\\/230046783\",\"caption\":\"\"}},\"42\":{\"type\":\"1\",\"fields\":{\"video\":\"https:\\/\\/vimeo.com\\/124346309\",\"caption\":\"\"}},\"43\":{\"type\":\"1\",\"fields\":{\"video\":\"https:\\/\\/vimeo.com\\/230046783\",\"caption\":\"\"}},\"44\":{\"type\":\"1\",\"fields\":{\"video\":\"https:\\/\\/vimeo.com\\/124346309\",\"caption\":\"\"}}}}},\"55\":{\"type\":\"text\",\"enabled\":\"1\",\"fields\":{\"copy\":\"<p>Cheesecake cupcake lollipop muffin. Cheesecake icing wafer jujubes lollipop muffin sweet chocolate bar drag\\u00e9e. Cake chupa chups chocolate muffin jelly bear claw. Tart jelly toffee pastry cake. Icing ice cream bear claw. Caramels souffl\\u00e9 bonbon chocolate marshmallow. Icing carrot cake jujubes dessert cookie.<\\/p>\"}},\"64\":{\"type\":\"imageCarousel\",\"enabled\":\"1\",\"fields\":{\"image\":{\"65\":{\"type\":\"2\",\"fields\":{\"image\":[\"58\"],\"caption\":\"\"}},\"66\":{\"type\":\"2\",\"fields\":{\"image\":[\"59\"],\"caption\":\"\"}},\"67\":{\"type\":\"2\",\"fields\":{\"image\":[\"60\"],\"caption\":\"\"}},\"68\":{\"type\":\"2\",\"fields\":{\"image\":[\"61\"],\"caption\":\"\"}},\"69\":{\"type\":\"2\",\"fields\":{\"image\":[\"62\"],\"caption\":\"\"}}}}}},\"2\":\"\",\"9\":\"center\"}}', '2017-08-20 01:48:43', '2017-08-20 01:48:43', 'cb98330d-af2e-45fc-884a-56b1ccefddb4'),
 ('27', '28', '2', '1', 'en_us', '12', '', '{\"typeId\":\"2\",\"authorId\":\"1\",\"title\":\"Philz Coffee\",\"slug\":\"philz-coffee\",\"postDate\":1502594280,\"expiryDate\":null,\"enabled\":1,\"parentId\":null,\"fields\":{\"6\":\"#62d5d6\",\"4\":\"<p>We cold called <a href=\\\"http:\\/\\/localhost:8888\\/bokeh\\/public\\/index.php\\/projects\\/philz-coffee#entry:28:url\\\">Philz Coffee<\\/a> about their logo, and they let us do a rebrand.<\\/p>\",\"8\":\"center\",\"3\":[\"29\"],\"5\":\"This is an intro paragraph\",\"10\":{\"32\":{\"type\":\"text\",\"enabled\":\"1\",\"fields\":{\"copy\":\"<h2>Heading Two<\\/h2>\\r\\n<p>Topping toffee bonbon gingerbread souffl\\u00e9. Tootsie roll cupcake gummi bears drag\\u00e9e chocolate. Liquorice chocolate bar wafer donut souffl\\u00e9. Gummies dessert croissant. Bonbon cake marshmallow liquorice. Cotton candy gummies cupcake sweet. Donut dessert brownie croissant sweet.<\\/p>\"}},\"35\":{\"type\":\"inlineImage\",\"enabled\":\"1\",\"fields\":{\"image\":[\"56\"],\"caption\":\"\"}},\"33\":{\"type\":\"quote\",\"enabled\":\"1\",\"fields\":{\"quote\":\"Jelly beans apple pie pie ice cream tiramisu jelly-o chupa chups tootsie roll. Jujubes biscuit brownie carrot cake. Lollipop tart marzipan pastry sugar plum.\",\"personsName\":\"John Doe\",\"jobTitle\":\"Coffee Lover\"}},\"34\":{\"type\":\"video\",\"enabled\":\"1\",\"fields\":{\"videoUrl\":\"https:\\/\\/www.youtube.com\\/watch?v=wxLUj1Mrars\",\"caption\":\"Caption\"}},\"50\":{\"type\":\"text\",\"enabled\":\"1\",\"fields\":{\"copy\":\"<p>Gingerbread sweet roll danish marshmallow lemon drops cake halvah chupa chups cake. Macaroon tart liquorice cake.<a href=\\\"\\/\\/google.ca\\\">This is a link<\\/a>. Biscuit pastry cake muffin chocolate bar. Gummies bear claw bonbon candy canes danish powder jelly wafer. Jelly pie gingerbread. Jelly brownie pudding gummies chocolate cake cupcake brownie danish gummies. Liquorice gingerbread souffl\\u00e9.<\\/p>\"}},\"36\":{\"type\":\"fullWidthImage\",\"enabled\":\"1\",\"fields\":{\"image\":[\"57\"],\"caption\":\"Coffee Beanz\"}},\"51\":{\"type\":\"text\",\"enabled\":\"1\",\"fields\":{\"copy\":\"<p>Sugar plum croissant drag\\u00e9e oat cake pudding chocolate jelly-o cake cupcake. Pudding bonbon lemon drops chupa chups. Drag\\u00e9e jelly gummi bears gummies donut gummies. Jujubes cotton candy apple pie muffin. Sweet liquorice cake gummies bear claw. Marzipan tootsie roll marzipan muffin toffee gummi bears marzipan cake jelly beans. Donut chupa chups cake topping sesame snaps dessert biscuit brownie. Croissant carrot cake topping pudding powder donut. Tiramisu cupcake souffl\\u00e9 biscuit cake chocolate bar drag\\u00e9e danish chocolate cake. Pudding souffl\\u00e9 bonbon bear claw souffl\\u00e9 cotton candy tart.<\\/p>\"}},\"37\":{\"type\":\"twoUpImages\",\"enabled\":\"1\",\"fields\":{\"firstImage\":[\"29\"],\"secondImage\":[\"29\"]}},\"52\":{\"type\":\"text\",\"enabled\":\"1\",\"fields\":{\"copy\":\"<p>Souffl\\u00e9 macaroon cake donut cotton candy jelly bear claw. Topping toffee cotton candy macaroon danish sugar plum carrot cake. Pudding powder biscuit. Liquorice toffee cupcake macaroon sesame snaps jujubes tiramisu. Candy canes powder apple pie souffl\\u00e9 lollipop oat cake. Sugar plum cheesecake chocolate. Liquorice sweet roll souffl\\u00e9 chocolate cake bear claw sweet roll.<\\/p>\"}},\"38\":{\"type\":\"threeUpImages\",\"enabled\":\"1\",\"fields\":{\"firstImage\":[\"72\"],\"secondImage\":[\"19\"],\"thirdImage\":[\"19\"]}},\"53\":{\"type\":\"text\",\"enabled\":\"1\",\"fields\":{\"copy\":\"<h1>Heading One<\\/h1>\\r\\n<p>Candy canes souffl\\u00e9 apple pie sweet roll. Bear claw halvah jelly beans pie danish jelly ice cream. Dessert cookie macaroon tootsie roll drag\\u00e9e. Sweet roll pastry muffin marzipan liquorice chocolate ice cream oat cake sweet. Tart tart fruitcake. Gingerbread chocolate bar sweet roll cotton candy cookie donut oat cake halvah. Chocolate sesame snaps apple pie sweet tart cookie. Candy canes bonbon candy icing drag\\u00e9e cake chocolate danish pastry. Liquorice croissant lollipop chocolate macaroon sweet.<\\/p>\"}},\"39\":{\"type\":\"fiveUpImages\",\"enabled\":\"1\",\"fields\":{\"firstImage\":[\"71\"],\"secondImage\":[\"72\"],\"thirdImage\":[\"70\"],\"fourthImage\":[\"72\"],\"fifthImage\":[\"71\"]}},\"54\":{\"type\":\"text\",\"enabled\":\"1\",\"fields\":{\"copy\":\"<p>Caramels lollipop oat cake. Chupa chups candy gummies ice cream jujubes carrot cake. Powder halvah candy canes. Fruitcake pudding pastry brownie tart. Souffl\\u00e9 caramels tiramisu wafer marshmallow carrot cake. Bonbon topping souffl\\u00e9 caramels. Topping sugar plum sesame snaps lollipop wafer carrot cake chocolate. Cake chocolate bar cake sweet. Apple pie brownie macaroon tiramisu tart powder sweet roll bonbon. Gummies biscuit candy canes sugar plum cupcake drag\\u00e9e toffee muffin topping.<\\/p>\"}},\"40\":{\"type\":\"videoCarousel\",\"enabled\":\"1\",\"fields\":{\"video\":{\"41\":{\"type\":\"1\",\"fields\":{\"video\":\"https:\\/\\/vimeo.com\\/230046783\",\"caption\":\"\"}},\"42\":{\"type\":\"1\",\"fields\":{\"video\":\"https:\\/\\/vimeo.com\\/124346309\",\"caption\":\"\"}},\"43\":{\"type\":\"1\",\"fields\":{\"video\":\"https:\\/\\/vimeo.com\\/230046783\",\"caption\":\"\"}},\"44\":{\"type\":\"1\",\"fields\":{\"video\":\"https:\\/\\/vimeo.com\\/124346309\",\"caption\":\"\"}}}}},\"55\":{\"type\":\"text\",\"enabled\":\"1\",\"fields\":{\"copy\":\"<p>Cheesecake cupcake lollipop muffin. Cheesecake icing wafer jujubes lollipop muffin sweet chocolate bar drag\\u00e9e. Cake chupa chups chocolate muffin jelly bear claw. Tart jelly toffee pastry cake. Icing ice cream bear claw. Caramels souffl\\u00e9 bonbon chocolate marshmallow. Icing carrot cake jujubes dessert cookie.<\\/p>\"}},\"64\":{\"type\":\"imageCarousel\",\"enabled\":\"1\",\"fields\":{\"image\":{\"65\":{\"type\":\"2\",\"fields\":{\"image\":[\"58\"],\"caption\":\"\"}},\"66\":{\"type\":\"2\",\"fields\":{\"image\":[\"59\"],\"caption\":\"\"}},\"67\":{\"type\":\"2\",\"fields\":{\"image\":[\"60\"],\"caption\":\"\"}},\"68\":{\"type\":\"2\",\"fields\":{\"image\":[\"61\"],\"caption\":\"\"}},\"69\":{\"type\":\"2\",\"fields\":{\"image\":[\"62\"],\"caption\":\"\"}}}}}},\"2\":\"\",\"9\":\"center\"}}', '2017-08-20 01:54:20', '2017-08-20 01:54:20', '6a8fa0ec-b719-480a-a51d-aaa85f743b5f'),
 ('28', '28', '2', '1', 'en_us', '13', '', '{\"typeId\":\"2\",\"authorId\":\"1\",\"title\":\"Philz Coffee\",\"slug\":\"philz-coffee\",\"postDate\":1502594280,\"expiryDate\":null,\"enabled\":1,\"parentId\":null,\"fields\":{\"6\":\"#62d5d6\",\"4\":\"<p>We cold called <a href=\\\"http:\\/\\/localhost:8888\\/bokeh\\/public\\/index.php\\/projects\\/philz-coffee#entry:28:url\\\">Philz Coffee<\\/a> about their logo, and they let us do a rebrand.<\\/p>\",\"8\":\"center\",\"3\":[\"29\"],\"5\":\"This is an intro paragraph\",\"10\":{\"32\":{\"type\":\"text\",\"enabled\":\"1\",\"fields\":{\"copy\":\"<h2>Heading Two<\\/h2>\\r\\n<p>Topping toffee bonbon gingerbread souffl\\u00e9. Tootsie roll cupcake gummi bears drag\\u00e9e chocolate. Liquorice chocolate bar wafer donut souffl\\u00e9. Gummies dessert croissant. Bonbon cake marshmallow liquorice. Cotton candy gummies cupcake sweet. Donut dessert brownie croissant sweet.<\\/p>\"}},\"35\":{\"type\":\"inlineImage\",\"enabled\":\"1\",\"fields\":{\"image\":[\"56\"],\"caption\":\"\"}},\"33\":{\"type\":\"quote\",\"enabled\":\"1\",\"fields\":{\"quote\":\"Jelly beans apple pie pie ice cream tiramisu jelly-o chupa chups tootsie roll. Jujubes biscuit brownie carrot cake. Lollipop tart marzipan pastry sugar plum.\",\"personsName\":\"John Doe\",\"jobTitle\":\"Coffee Lover\"}},\"34\":{\"type\":\"video\",\"enabled\":\"1\",\"fields\":{\"videoUrl\":\"https:\\/\\/www.youtube.com\\/watch?v=wxLUj1Mrars\",\"caption\":\"Caption\"}},\"50\":{\"type\":\"text\",\"enabled\":\"1\",\"fields\":{\"copy\":\"<p>Gingerbread sweet roll danish marshmallow lemon drops cake halvah chupa chups cake. Macaroon tart liquorice cake.<a href=\\\"\\/\\/google.ca\\\">This is a link<\\/a>. Biscuit pastry cake muffin chocolate bar. Gummies bear claw bonbon candy canes danish powder jelly wafer. Jelly pie gingerbread. Jelly brownie pudding gummies chocolate cake cupcake brownie danish gummies. Liquorice gingerbread souffl\\u00e9.<\\/p>\"}},\"36\":{\"type\":\"fullWidthImage\",\"enabled\":\"1\",\"fields\":{\"image\":[\"57\"],\"caption\":\"Coffee Beanz\"}},\"51\":{\"type\":\"text\",\"enabled\":\"1\",\"fields\":{\"copy\":\"<p>Sugar plum croissant drag\\u00e9e oat cake pudding chocolate jelly-o cake cupcake. Pudding bonbon lemon drops chupa chups. Drag\\u00e9e jelly gummi bears gummies donut gummies. Jujubes cotton candy apple pie muffin. Sweet liquorice cake gummies bear claw. Marzipan tootsie roll marzipan muffin toffee gummi bears marzipan cake jelly beans. Donut chupa chups cake topping sesame snaps dessert biscuit brownie. Croissant carrot cake topping pudding powder donut. Tiramisu cupcake souffl\\u00e9 biscuit cake chocolate bar drag\\u00e9e danish chocolate cake. Pudding souffl\\u00e9 bonbon bear claw souffl\\u00e9 cotton candy tart.<\\/p>\"}},\"37\":{\"type\":\"twoUpImages\",\"enabled\":\"1\",\"fields\":{\"firstImage\":[\"29\"],\"secondImage\":[\"29\"]}},\"52\":{\"type\":\"text\",\"enabled\":\"1\",\"fields\":{\"copy\":\"<p>Souffl\\u00e9 macaroon cake donut cotton candy jelly bear claw. Topping toffee cotton candy macaroon danish sugar plum carrot cake. Pudding powder biscuit. Liquorice toffee cupcake macaroon sesame snaps jujubes tiramisu. Candy canes powder apple pie souffl\\u00e9 lollipop oat cake. Sugar plum cheesecake chocolate. Liquorice sweet roll souffl\\u00e9 chocolate cake bear claw sweet roll.<\\/p>\"}},\"38\":{\"type\":\"threeUpImages\",\"enabled\":\"1\",\"fields\":{\"firstImage\":[\"72\"],\"secondImage\":[\"19\"],\"thirdImage\":[\"19\"]}},\"53\":{\"type\":\"text\",\"enabled\":\"1\",\"fields\":{\"copy\":\"<h1>Heading One<\\/h1>\\r\\n<p>Candy canes souffl\\u00e9 apple pie sweet roll. Bear claw halvah jelly beans pie danish jelly ice cream. Dessert cookie macaroon tootsie roll drag\\u00e9e. Sweet roll pastry muffin marzipan liquorice chocolate ice cream oat cake sweet. Tart tart fruitcake. Gingerbread chocolate bar sweet roll cotton candy cookie donut oat cake halvah. Chocolate sesame snaps apple pie sweet tart cookie. Candy canes bonbon candy icing drag\\u00e9e cake chocolate danish pastry. Liquorice croissant lollipop chocolate macaroon sweet.<\\/p>\"}},\"39\":{\"type\":\"fiveUpImages\",\"enabled\":\"1\",\"fields\":{\"firstImage\":[\"71\"],\"secondImage\":[\"73\"],\"thirdImage\":[\"70\"],\"fourthImage\":[\"73\"],\"fifthImage\":[\"71\"]}},\"54\":{\"type\":\"text\",\"enabled\":\"1\",\"fields\":{\"copy\":\"<p>Caramels lollipop oat cake. Chupa chups candy gummies ice cream jujubes carrot cake. Powder halvah candy canes. Fruitcake pudding pastry brownie tart. Souffl\\u00e9 caramels tiramisu wafer marshmallow carrot cake. Bonbon topping souffl\\u00e9 caramels. Topping sugar plum sesame snaps lollipop wafer carrot cake chocolate. Cake chocolate bar cake sweet. Apple pie brownie macaroon tiramisu tart powder sweet roll bonbon. Gummies biscuit candy canes sugar plum cupcake drag\\u00e9e toffee muffin topping.<\\/p>\"}},\"40\":{\"type\":\"videoCarousel\",\"enabled\":\"1\",\"fields\":{\"video\":{\"41\":{\"type\":\"1\",\"fields\":{\"video\":\"https:\\/\\/vimeo.com\\/230046783\",\"caption\":\"\"}},\"42\":{\"type\":\"1\",\"fields\":{\"video\":\"https:\\/\\/vimeo.com\\/124346309\",\"caption\":\"\"}},\"43\":{\"type\":\"1\",\"fields\":{\"video\":\"https:\\/\\/vimeo.com\\/230046783\",\"caption\":\"\"}},\"44\":{\"type\":\"1\",\"fields\":{\"video\":\"https:\\/\\/vimeo.com\\/124346309\",\"caption\":\"\"}}}}},\"55\":{\"type\":\"text\",\"enabled\":\"1\",\"fields\":{\"copy\":\"<p>Cheesecake cupcake lollipop muffin. Cheesecake icing wafer jujubes lollipop muffin sweet chocolate bar drag\\u00e9e. Cake chupa chups chocolate muffin jelly bear claw. Tart jelly toffee pastry cake. Icing ice cream bear claw. Caramels souffl\\u00e9 bonbon chocolate marshmallow. Icing carrot cake jujubes dessert cookie.<\\/p>\"}},\"64\":{\"type\":\"imageCarousel\",\"enabled\":\"1\",\"fields\":{\"image\":{\"65\":{\"type\":\"2\",\"fields\":{\"image\":[\"58\"],\"caption\":\"\"}},\"66\":{\"type\":\"2\",\"fields\":{\"image\":[\"59\"],\"caption\":\"\"}},\"67\":{\"type\":\"2\",\"fields\":{\"image\":[\"60\"],\"caption\":\"\"}},\"68\":{\"type\":\"2\",\"fields\":{\"image\":[\"61\"],\"caption\":\"\"}},\"69\":{\"type\":\"2\",\"fields\":{\"image\":[\"62\"],\"caption\":\"\"}}}}}},\"2\":\"\",\"9\":\"center\"}}', '2017-08-20 01:58:26', '2017-08-20 01:58:26', '510af3ee-91f4-46cb-aae1-19e092c75cae'),
 ('29', '28', '2', '1', 'en_us', '14', '', '{\"typeId\":\"2\",\"authorId\":\"1\",\"title\":\"Philz Coffee\",\"slug\":\"philz-coffee\",\"postDate\":1502594280,\"expiryDate\":null,\"enabled\":1,\"parentId\":null,\"fields\":{\"6\":\"#62d5d6\",\"4\":\"<p>We cold called <a href=\\\"http:\\/\\/localhost:8888\\/bokeh\\/public_html\\/index.php\\/projects\\/philz-coffee#entry:28:url\\\">Philz Coffee<\\/a> about their logo, and they let us do a rebrand.<\\/p>\",\"8\":\"center\",\"3\":[\"29\"],\"5\":\"This is an intro paragraph\",\"10\":{\"32\":{\"type\":\"text\",\"enabled\":\"1\",\"fields\":{\"copy\":\"<h2>Heading Two<\\/h2>\\r\\n<p>Topping toffee bonbon gingerbread souffl\\u00e9. Tootsie roll cupcake gummi bears drag\\u00e9e chocolate. Liquorice chocolate bar wafer donut souffl\\u00e9. Gummies dessert croissant. Bonbon cake marshmallow liquorice. Cotton candy gummies cupcake sweet. Donut dessert brownie croissant sweet.<\\/p>\"}},\"35\":{\"type\":\"inlineImage\",\"enabled\":\"1\",\"fields\":{\"image\":[\"56\"],\"caption\":\"\"}},\"33\":{\"type\":\"quote\",\"enabled\":\"1\",\"fields\":{\"quote\":\"Jelly beans apple pie pie ice cream tiramisu jelly-o chupa chups tootsie roll. Jujubes biscuit brownie carrot cake. Lollipop tart marzipan pastry sugar plum.\",\"personsName\":\"John Doe\",\"jobTitle\":\"Coffee Lover\"}},\"34\":{\"type\":\"video\",\"enabled\":\"1\",\"fields\":{\"videoUrl\":\"https:\\/\\/www.youtube.com\\/watch?v=wxLUj1Mrars\",\"caption\":\"Caption\"}},\"50\":{\"type\":\"text\",\"enabled\":\"1\",\"fields\":{\"copy\":\"<p>Gingerbread sweet roll danish marshmallow lemon drops cake halvah chupa chups cake. Macaroon tart liquorice cake.<a href=\\\"\\/\\/google.ca\\\">This is a link<\\/a>. Biscuit pastry cake muffin chocolate bar. Gummies bear claw bonbon candy canes danish powder jelly wafer. Jelly pie gingerbread. Jelly brownie pudding gummies chocolate cake cupcake brownie danish gummies. Liquorice gingerbread souffl\\u00e9.<\\/p>\"}},\"36\":{\"type\":\"fullWidthImage\",\"enabled\":\"1\",\"fields\":{\"image\":[\"57\"],\"caption\":\"Coffee Beanz\"}},\"51\":{\"type\":\"text\",\"enabled\":\"1\",\"fields\":{\"copy\":\"<p>Sugar plum croissant drag\\u00e9e oat cake pudding chocolate jelly-o cake cupcake. Pudding bonbon lemon drops chupa chups. Drag\\u00e9e jelly gummi bears gummies donut gummies. Jujubes cotton candy apple pie muffin. Sweet liquorice cake gummies bear claw. Marzipan tootsie roll marzipan muffin toffee gummi bears marzipan cake jelly beans. Donut chupa chups cake topping sesame snaps dessert biscuit brownie. Croissant carrot cake topping pudding powder donut. Tiramisu cupcake souffl\\u00e9 biscuit cake chocolate bar drag\\u00e9e danish chocolate cake. Pudding souffl\\u00e9 bonbon bear claw souffl\\u00e9 cotton candy tart.<\\/p>\"}},\"37\":{\"type\":\"twoUpImages\",\"enabled\":\"1\",\"fields\":{\"firstImage\":[\"29\"],\"secondImage\":[\"29\"]}},\"52\":{\"type\":\"text\",\"enabled\":\"1\",\"fields\":{\"copy\":\"<p>Souffl\\u00e9 macaroon cake donut cotton candy jelly bear claw. Topping toffee cotton candy macaroon danish sugar plum carrot cake. Pudding powder biscuit. Liquorice toffee cupcake macaroon sesame snaps jujubes tiramisu. Candy canes powder apple pie souffl\\u00e9 lollipop oat cake. Sugar plum cheesecake chocolate. Liquorice sweet roll souffl\\u00e9 chocolate cake bear claw sweet roll.<\\/p>\"}},\"38\":{\"type\":\"threeUpImages\",\"enabled\":\"1\",\"fields\":{\"firstImage\":[\"72\"],\"secondImage\":[\"19\"],\"thirdImage\":[\"19\"]}},\"53\":{\"type\":\"text\",\"enabled\":\"1\",\"fields\":{\"copy\":\"<h1>Heading One<\\/h1>\\r\\n<p>Candy canes souffl\\u00e9 apple pie sweet roll. Bear claw halvah jelly beans pie danish jelly ice cream. Dessert cookie macaroon tootsie roll drag\\u00e9e. Sweet roll pastry muffin marzipan liquorice chocolate ice cream oat cake sweet. Tart tart fruitcake. Gingerbread chocolate bar sweet roll cotton candy cookie donut oat cake halvah. Chocolate sesame snaps apple pie sweet tart cookie. Candy canes bonbon candy icing drag\\u00e9e cake chocolate danish pastry. Liquorice croissant lollipop chocolate macaroon sweet.<\\/p>\"}},\"39\":{\"type\":\"fiveUpImages\",\"enabled\":\"1\",\"fields\":{\"firstImage\":[\"71\"],\"secondImage\":[\"74\"],\"thirdImage\":[\"70\"],\"fourthImage\":[\"74\"],\"fifthImage\":[\"71\"]}},\"54\":{\"type\":\"text\",\"enabled\":\"1\",\"fields\":{\"copy\":\"<p>Caramels lollipop oat cake. Chupa chups candy gummies ice cream jujubes carrot cake. Powder halvah candy canes. Fruitcake pudding pastry brownie tart. Souffl\\u00e9 caramels tiramisu wafer marshmallow carrot cake. Bonbon topping souffl\\u00e9 caramels. Topping sugar plum sesame snaps lollipop wafer carrot cake chocolate. Cake chocolate bar cake sweet. Apple pie brownie macaroon tiramisu tart powder sweet roll bonbon. Gummies biscuit candy canes sugar plum cupcake drag\\u00e9e toffee muffin topping.<\\/p>\"}},\"40\":{\"type\":\"videoCarousel\",\"enabled\":\"1\",\"fields\":{\"video\":{\"41\":{\"type\":\"1\",\"fields\":{\"video\":\"https:\\/\\/vimeo.com\\/230046783\",\"caption\":\"\"}},\"42\":{\"type\":\"1\",\"fields\":{\"video\":\"https:\\/\\/vimeo.com\\/124346309\",\"caption\":\"\"}},\"43\":{\"type\":\"1\",\"fields\":{\"video\":\"https:\\/\\/vimeo.com\\/230046783\",\"caption\":\"\"}},\"44\":{\"type\":\"1\",\"fields\":{\"video\":\"https:\\/\\/vimeo.com\\/124346309\",\"caption\":\"\"}}}}},\"55\":{\"type\":\"text\",\"enabled\":\"1\",\"fields\":{\"copy\":\"<p>Cheesecake cupcake lollipop muffin. Cheesecake icing wafer jujubes lollipop muffin sweet chocolate bar drag\\u00e9e. Cake chupa chups chocolate muffin jelly bear claw. Tart jelly toffee pastry cake. Icing ice cream bear claw. Caramels souffl\\u00e9 bonbon chocolate marshmallow. Icing carrot cake jujubes dessert cookie.<\\/p>\"}},\"64\":{\"type\":\"imageCarousel\",\"enabled\":\"1\",\"fields\":{\"image\":{\"65\":{\"type\":\"2\",\"fields\":{\"image\":[\"58\"],\"caption\":\"\"}},\"66\":{\"type\":\"2\",\"fields\":{\"image\":[\"59\"],\"caption\":\"\"}},\"67\":{\"type\":\"2\",\"fields\":{\"image\":[\"60\"],\"caption\":\"\"}},\"68\":{\"type\":\"2\",\"fields\":{\"image\":[\"61\"],\"caption\":\"\"}},\"69\":{\"type\":\"2\",\"fields\":{\"image\":[\"62\"],\"caption\":\"\"}}}}}},\"2\":\"\",\"9\":\"center\"}}', '2017-08-20 02:22:36', '2017-08-20 02:22:36', '805e669f-4938-4d63-b33f-157b108fea85'),
 ('30', '4', '2', '1', 'en_us', '7', '', '{\"typeId\":\"2\",\"authorId\":\"1\",\"title\":\"Airbnb\",\"slug\":\"airbnb\",\"postDate\":1502594400,\"expiryDate\":null,\"enabled\":1,\"parentId\":null,\"fields\":{\"6\":\"#c6483b\",\"4\":\"<p>We once smuggled $20,000 worth of equipment into cuba for <a href=\\\"http:\\/\\/bokeh.agency\\/index.php?p=projects\\/airbnb#entry:4:url\\\">Airbnb<\\/a>.<\\/p>\",\"8\":\"center\",\"3\":[\"27\"],\"5\":\"Intro paragraph\",\"10\":\"\",\"2\":\"\",\"9\":\"center\"}}', '2017-08-20 03:34:12', '2017-08-20 03:34:12', 'bcefb660-2a0c-4b80-a23d-d09e7c9a45e8'),
 ('31', '4', '2', '1', 'en_us', '8', '', '{\"typeId\":\"2\",\"authorId\":\"1\",\"title\":\"Airbnb\",\"slug\":\"airbnb\",\"postDate\":1502508000,\"expiryDate\":null,\"enabled\":1,\"parentId\":null,\"fields\":{\"6\":\"#c6483b\",\"4\":\"<p>We once smuggled $20,000 worth of equipment into cuba for <a href=\\\"http:\\/\\/bokeh.agency\\/index.php?p=projects\\/airbnb#entry:4:url\\\">Airbnb<\\/a>.<\\/p>\",\"8\":\"center\",\"3\":[\"27\"],\"5\":\"Intro paragraph\",\"10\":\"\",\"2\":\"\",\"9\":\"center\"}}', '2017-08-20 03:36:17', '2017-08-20 03:36:17', '73c4d20e-b52d-43f1-8082-c311aa7dbc90'),
 ('32', '28', '2', '1', 'en_us', '15', '', '{\"typeId\":\"2\",\"authorId\":\"1\",\"title\":\"Philz Coffee\",\"slug\":\"philz-coffee\",\"postDate\":1502594280,\"expiryDate\":null,\"enabled\":1,\"parentId\":null,\"fields\":{\"6\":\"#62d5d6\",\"4\":\"<p>We cold called <a href=\\\"http:\\/\\/bokeh.agency\\/index.php?p=projects\\/philz-coffee#entry:28:url\\\">Philz Coffee<\\/a> about their logo, and they let us do a rebrand.<\\/p>\",\"8\":\"center\",\"3\":[\"29\"],\"5\":\"This is an intro paragraph\",\"10\":{\"32\":{\"type\":\"text\",\"enabled\":\"1\",\"fields\":{\"copy\":\"<h2>Heading Two<\\/h2>\\r\\n<p>Topping toffee bonbon gingerbread souffl\\u00e9. Tootsie roll cupcake gummi bears drag\\u00e9e chocolate. Liquorice chocolate bar wafer donut souffl\\u00e9. Gummies dessert croissant. Bonbon cake marshmallow liquorice. Cotton candy gummies cupcake sweet. Donut dessert brownie croissant sweet.<\\/p>\"}},\"35\":{\"type\":\"inlineImage\",\"enabled\":\"1\",\"fields\":{\"image\":[\"56\"],\"caption\":\"\"}},\"33\":{\"type\":\"quote\",\"enabled\":\"1\",\"fields\":{\"quote\":\"Jelly beans apple pie pie ice cream tiramisu jelly-o chupa chups tootsie roll. Jujubes biscuit brownie carrot cake. Lollipop tart marzipan pastry sugar plum.\",\"personsName\":\"John Doe\",\"jobTitle\":\"Coffee Lover\"}},\"34\":{\"type\":\"video\",\"enabled\":\"1\",\"fields\":{\"videoUrl\":\"https:\\/\\/www.youtube.com\\/watch?v=wxLUj1Mrars\",\"caption\":\"Caption\"}},\"50\":{\"type\":\"text\",\"enabled\":\"1\",\"fields\":{\"copy\":\"<p>Gingerbread sweet roll danish marshmallow lemon drops cake halvah chupa chups cake. Macaroon tart liquorice cake.<a href=\\\"\\/\\/google.ca\\\">This is a link<\\/a>. Biscuit pastry cake muffin chocolate bar. Gummies bear claw bonbon candy canes danish powder jelly wafer. Jelly pie gingerbread. Jelly brownie pudding gummies chocolate cake cupcake brownie danish gummies. Liquorice gingerbread souffl\\u00e9.<\\/p>\"}},\"36\":{\"type\":\"fullWidthImage\",\"enabled\":\"1\",\"fields\":{\"image\":[\"57\"],\"caption\":\"Coffee Beanz\"}},\"51\":{\"type\":\"text\",\"enabled\":\"1\",\"fields\":{\"copy\":\"<p>Sugar plum croissant drag\\u00e9e oat cake pudding chocolate jelly-o cake cupcake. Pudding bonbon lemon drops chupa chups. Drag\\u00e9e jelly gummi bears gummies donut gummies. Jujubes cotton candy apple pie muffin. Sweet liquorice cake gummies bear claw. Marzipan tootsie roll marzipan muffin toffee gummi bears marzipan cake jelly beans. Donut chupa chups cake topping sesame snaps dessert biscuit brownie. Croissant carrot cake topping pudding powder donut. Tiramisu cupcake souffl\\u00e9 biscuit cake chocolate bar drag\\u00e9e danish chocolate cake. Pudding souffl\\u00e9 bonbon bear claw souffl\\u00e9 cotton candy tart.<\\/p>\"}},\"37\":{\"type\":\"twoUpImages\",\"enabled\":\"1\",\"fields\":{\"firstImage\":[\"29\"],\"secondImage\":[\"29\"]}},\"52\":{\"type\":\"text\",\"enabled\":\"1\",\"fields\":{\"copy\":\"<p>Souffl\\u00e9 macaroon cake donut cotton candy jelly bear claw. Topping toffee cotton candy macaroon danish sugar plum carrot cake. Pudding powder biscuit. Liquorice toffee cupcake macaroon sesame snaps jujubes tiramisu. Candy canes powder apple pie souffl\\u00e9 lollipop oat cake. Sugar plum cheesecake chocolate. Liquorice sweet roll souffl\\u00e9 chocolate cake bear claw sweet roll.<\\/p>\"}},\"38\":{\"type\":\"threeUpImages\",\"enabled\":\"1\",\"fields\":{\"firstImage\":[\"72\"],\"secondImage\":[\"19\"],\"thirdImage\":[\"19\"]}},\"53\":{\"type\":\"text\",\"enabled\":\"1\",\"fields\":{\"copy\":\"<h1>Heading One<\\/h1>\\r\\n<p>Candy canes souffl\\u00e9 apple pie sweet roll. Bear claw halvah jelly beans pie danish jelly ice cream. Dessert cookie macaroon tootsie roll drag\\u00e9e. Sweet roll pastry muffin marzipan liquorice chocolate ice cream oat cake sweet. Tart tart fruitcake. Gingerbread chocolate bar sweet roll cotton candy cookie donut oat cake halvah. Chocolate sesame snaps apple pie sweet tart cookie. Candy canes bonbon candy icing drag\\u00e9e cake chocolate danish pastry. Liquorice croissant lollipop chocolate macaroon sweet.<\\/p>\"}},\"39\":{\"type\":\"fiveUpImages\",\"enabled\":\"1\",\"fields\":{\"firstImage\":[\"71\"],\"secondImage\":[\"74\"],\"thirdImage\":[\"70\"],\"fourthImage\":[\"74\"],\"fifthImage\":[\"71\"]}},\"54\":{\"type\":\"text\",\"enabled\":\"1\",\"fields\":{\"copy\":\"<p>Caramels lollipop oat cake. Chupa chups candy gummies ice cream jujubes carrot cake. Powder halvah candy canes. Fruitcake pudding pastry brownie tart. Souffl\\u00e9 caramels tiramisu wafer marshmallow carrot cake. Bonbon topping souffl\\u00e9 caramels. Topping sugar plum sesame snaps lollipop wafer carrot cake chocolate. Cake chocolate bar cake sweet. Apple pie brownie macaroon tiramisu tart powder sweet roll bonbon. Gummies biscuit candy canes sugar plum cupcake drag\\u00e9e toffee muffin topping.<\\/p>\"}},\"40\":{\"type\":\"videoCarousel\",\"enabled\":\"1\",\"fields\":{\"video\":{\"41\":{\"type\":\"1\",\"fields\":{\"video\":\"https:\\/\\/vimeo.com\\/230046783\",\"caption\":\"\"}},\"42\":{\"type\":\"1\",\"fields\":{\"video\":\"https:\\/\\/vimeo.com\\/124346309\",\"caption\":\"\"}},\"43\":{\"type\":\"1\",\"fields\":{\"video\":\"https:\\/\\/vimeo.com\\/230046783\",\"caption\":\"\"}},\"44\":{\"type\":\"1\",\"fields\":{\"video\":\"https:\\/\\/vimeo.com\\/124346309\",\"caption\":\"\"}}}}},\"55\":{\"type\":\"text\",\"enabled\":\"1\",\"fields\":{\"copy\":\"<p>Cheesecake cupcake lollipop muffin. Cheesecake icing wafer jujubes lollipop muffin sweet chocolate bar drag\\u00e9e. Cake chupa chups chocolate muffin jelly bear claw. Tart jelly toffee pastry cake. Icing ice cream bear claw. Caramels souffl\\u00e9 bonbon chocolate marshmallow. Icing carrot cake jujubes dessert cookie.<\\/p>\"}},\"64\":{\"type\":\"imageCarousel\",\"enabled\":\"1\",\"fields\":{\"image\":{\"65\":{\"type\":\"2\",\"fields\":{\"image\":[\"58\"],\"caption\":\"\"}},\"66\":{\"type\":\"2\",\"fields\":{\"image\":[\"59\"],\"caption\":\"\"}},\"67\":{\"type\":\"2\",\"fields\":{\"image\":[\"60\"],\"caption\":\"\"}},\"68\":{\"type\":\"2\",\"fields\":{\"image\":[\"61\"],\"caption\":\"\"}},\"69\":{\"type\":\"2\",\"fields\":{\"image\":[\"62\"],\"caption\":\"\"}}}}}},\"2\":\"\",\"9\":\"center\"}}', '2017-08-21 23:10:44', '2017-08-21 23:10:44', 'b9d61c21-28d7-4afd-9ded-16acb83be1f5'),
 ('33', '4', '2', '75', 'en_us', '9', '', '{\"typeId\":\"2\",\"authorId\":\"1\",\"title\":\"Airbnb\",\"slug\":\"airbnb\",\"postDate\":1502508000,\"expiryDate\":null,\"enabled\":1,\"parentId\":null,\"fields\":{\"6\":\"#dc4028\",\"4\":\"<p>We once smuggled $20,000 worth of equipment into cuba for <a href=\\\"http:\\/\\/bokeh.agency\\/index.php?p=projects\\/airbnb#entry:4:url\\\">Airbnb<\\/a>.<\\/p>\",\"8\":\"center\",\"3\":[\"27\"],\"5\":\"Intro paragraph\",\"10\":\"\",\"2\":\"\",\"9\":\"center\"}}', '2017-08-22 01:13:47', '2017-08-22 01:13:47', '329cc936-9c1a-40cb-8b32-708e49927fca'),
 ('34', '4', '2', '75', 'en_us', '10', '', '{\"typeId\":\"2\",\"authorId\":\"1\",\"title\":\"Airbnb\",\"slug\":\"airbnb\",\"postDate\":1502508000,\"expiryDate\":null,\"enabled\":1,\"parentId\":null,\"fields\":{\"6\":\"#dc4028\",\"4\":\"<p>We once smuggled $20,000 worth of equipment into cuba for <a href=\\\"http:\\/\\/bokeh.agency\\/index.php?p=projects\\/airbnb#entry:4:url\\\">Airbnb<\\/a>.<\\/p>\",\"8\":\"center\",\"3\":[\"27\"],\"5\":\"Intro paragraph\",\"10\":\"\",\"2\":\"\",\"9\":\"top\"}}', '2017-08-22 01:14:52', '2017-08-22 01:14:52', '059a51de-9b5a-49f0-8e00-d435f8feeb91'),
 ('35', '4', '2', '75', 'en_us', '11', '', '{\"typeId\":\"2\",\"authorId\":\"1\",\"title\":\"Airbnb\",\"slug\":\"airbnb\",\"postDate\":1502508000,\"expiryDate\":null,\"enabled\":1,\"parentId\":null,\"fields\":{\"6\":\"#dc4028\",\"4\":\"<p>We once smuggled $160,000 worth of equipment into Cuba for <a href=\\\"http:\\/\\/bokeh.agency\\/index.php?p=projects\\/airbnb#entry:4:url\\\">Airbnb<\\/a>.<\\/p>\",\"8\":\"center\",\"3\":[\"27\"],\"5\":\"Intro paragraph\",\"10\":\"\",\"2\":\"\",\"9\":\"center\"}}', '2017-08-22 01:15:36', '2017-08-22 01:15:36', '1b2dd890-cad1-4d19-8250-bf38b3790fd9'),
 ('36', '28', '2', '75', 'en_us', '16', '', '{\"typeId\":\"2\",\"authorId\":\"1\",\"title\":\"Philz Coffee\",\"slug\":\"philz-coffee\",\"postDate\":1502594280,\"expiryDate\":null,\"enabled\":1,\"parentId\":null,\"fields\":{\"6\":\"#6ac1c5\",\"4\":\"<p>We cold called <a href=\\\"http:\\/\\/bokeh.agency\\/index.php?p=projects\\/philz-coffee#entry:28:url\\\">Philz Coffee<\\/a> to complain about their logo, and they let us do a rebrand.<\\/p>\",\"8\":\"center\",\"3\":[\"29\"],\"5\":\"This is an intro paragraph\",\"10\":{\"32\":{\"type\":\"text\",\"enabled\":\"1\",\"fields\":{\"copy\":\"<h2>Heading Two<\\/h2>\\r\\n<p>Topping toffee bonbon gingerbread souffl\\u00e9. Tootsie roll cupcake gummi bears drag\\u00e9e chocolate. Liquorice chocolate bar wafer donut souffl\\u00e9. Gummies dessert croissant. Bonbon cake marshmallow liquorice. Cotton candy gummies cupcake sweet. Donut dessert brownie croissant sweet.<\\/p>\"}},\"35\":{\"type\":\"inlineImage\",\"enabled\":\"1\",\"fields\":{\"image\":[\"56\"],\"caption\":\"\"}},\"33\":{\"type\":\"quote\",\"enabled\":\"1\",\"fields\":{\"quote\":\"Jelly beans apple pie pie ice cream tiramisu jelly-o chupa chups tootsie roll. Jujubes biscuit brownie carrot cake. Lollipop tart marzipan pastry sugar plum.\",\"personsName\":\"John Doe\",\"jobTitle\":\"Coffee Lover\"}},\"34\":{\"type\":\"video\",\"enabled\":\"1\",\"fields\":{\"videoUrl\":\"https:\\/\\/www.youtube.com\\/watch?v=wxLUj1Mrars\",\"caption\":\"Caption\"}},\"50\":{\"type\":\"text\",\"enabled\":\"1\",\"fields\":{\"copy\":\"<p>Gingerbread sweet roll danish marshmallow lemon drops cake halvah chupa chups cake. Macaroon tart liquorice cake.<a href=\\\"\\/\\/google.ca\\\">This is a link<\\/a>. Biscuit pastry cake muffin chocolate bar. Gummies bear claw bonbon candy canes danish powder jelly wafer. Jelly pie gingerbread. Jelly brownie pudding gummies chocolate cake cupcake brownie danish gummies. Liquorice gingerbread souffl\\u00e9.<\\/p>\"}},\"36\":{\"type\":\"fullWidthImage\",\"enabled\":\"1\",\"fields\":{\"image\":[\"57\"],\"caption\":\"Coffee Beanz\"}},\"51\":{\"type\":\"text\",\"enabled\":\"1\",\"fields\":{\"copy\":\"<p>Sugar plum croissant drag\\u00e9e oat cake pudding chocolate jelly-o cake cupcake. Pudding bonbon lemon drops chupa chups. Drag\\u00e9e jelly gummi bears gummies donut gummies. Jujubes cotton candy apple pie muffin. Sweet liquorice cake gummies bear claw. Marzipan tootsie roll marzipan muffin toffee gummi bears marzipan cake jelly beans. Donut chupa chups cake topping sesame snaps dessert biscuit brownie. Croissant carrot cake topping pudding powder donut. Tiramisu cupcake souffl\\u00e9 biscuit cake chocolate bar drag\\u00e9e danish chocolate cake. Pudding souffl\\u00e9 bonbon bear claw souffl\\u00e9 cotton candy tart.<\\/p>\"}},\"37\":{\"type\":\"twoUpImages\",\"enabled\":\"1\",\"fields\":{\"firstImage\":[\"29\"],\"secondImage\":[\"29\"]}},\"52\":{\"type\":\"text\",\"enabled\":\"1\",\"fields\":{\"copy\":\"<p>Souffl\\u00e9 macaroon cake donut cotton candy jelly bear claw. Topping toffee cotton candy macaroon danish sugar plum carrot cake. Pudding powder biscuit. Liquorice toffee cupcake macaroon sesame snaps jujubes tiramisu. Candy canes powder apple pie souffl\\u00e9 lollipop oat cake. Sugar plum cheesecake chocolate. Liquorice sweet roll souffl\\u00e9 chocolate cake bear claw sweet roll.<\\/p>\"}},\"38\":{\"type\":\"threeUpImages\",\"enabled\":\"1\",\"fields\":{\"firstImage\":[\"72\"],\"secondImage\":[\"19\"],\"thirdImage\":[\"19\"]}},\"53\":{\"type\":\"text\",\"enabled\":\"1\",\"fields\":{\"copy\":\"<h1>Heading One<\\/h1>\\r\\n<p>Candy canes souffl\\u00e9 apple pie sweet roll. Bear claw halvah jelly beans pie danish jelly ice cream. Dessert cookie macaroon tootsie roll drag\\u00e9e. Sweet roll pastry muffin marzipan liquorice chocolate ice cream oat cake sweet. Tart tart fruitcake. Gingerbread chocolate bar sweet roll cotton candy cookie donut oat cake halvah. Chocolate sesame snaps apple pie sweet tart cookie. Candy canes bonbon candy icing drag\\u00e9e cake chocolate danish pastry. Liquorice croissant lollipop chocolate macaroon sweet.<\\/p>\"}},\"39\":{\"type\":\"fiveUpImages\",\"enabled\":\"1\",\"fields\":{\"firstImage\":[\"71\"],\"secondImage\":[\"74\"],\"thirdImage\":[\"70\"],\"fourthImage\":[\"74\"],\"fifthImage\":[\"71\"]}},\"54\":{\"type\":\"text\",\"enabled\":\"1\",\"fields\":{\"copy\":\"<p>Caramels lollipop oat cake. Chupa chups candy gummies ice cream jujubes carrot cake. Powder halvah candy canes. Fruitcake pudding pastry brownie tart. Souffl\\u00e9 caramels tiramisu wafer marshmallow carrot cake. Bonbon topping souffl\\u00e9 caramels. Topping sugar plum sesame snaps lollipop wafer carrot cake chocolate. Cake chocolate bar cake sweet. Apple pie brownie macaroon tiramisu tart powder sweet roll bonbon. Gummies biscuit candy canes sugar plum cupcake drag\\u00e9e toffee muffin topping.<\\/p>\"}},\"40\":{\"type\":\"videoCarousel\",\"enabled\":\"1\",\"fields\":{\"video\":{\"41\":{\"type\":\"1\",\"fields\":{\"video\":\"https:\\/\\/vimeo.com\\/230046783\",\"caption\":\"\"}},\"42\":{\"type\":\"1\",\"fields\":{\"video\":\"https:\\/\\/vimeo.com\\/124346309\",\"caption\":\"\"}},\"43\":{\"type\":\"1\",\"fields\":{\"video\":\"https:\\/\\/vimeo.com\\/230046783\",\"caption\":\"\"}},\"44\":{\"type\":\"1\",\"fields\":{\"video\":\"https:\\/\\/vimeo.com\\/124346309\",\"caption\":\"\"}}}}},\"55\":{\"type\":\"text\",\"enabled\":\"1\",\"fields\":{\"copy\":\"<p>Cheesecake cupcake lollipop muffin. Cheesecake icing wafer jujubes lollipop muffin sweet chocolate bar drag\\u00e9e. Cake chupa chups chocolate muffin jelly bear claw. Tart jelly toffee pastry cake. Icing ice cream bear claw. Caramels souffl\\u00e9 bonbon chocolate marshmallow. Icing carrot cake jujubes dessert cookie.<\\/p>\"}},\"64\":{\"type\":\"imageCarousel\",\"enabled\":\"1\",\"fields\":{\"image\":{\"65\":{\"type\":\"2\",\"fields\":{\"image\":[\"58\"],\"caption\":\"\"}},\"66\":{\"type\":\"2\",\"fields\":{\"image\":[\"59\"],\"caption\":\"\"}},\"67\":{\"type\":\"2\",\"fields\":{\"image\":[\"60\"],\"caption\":\"\"}},\"68\":{\"type\":\"2\",\"fields\":{\"image\":[\"61\"],\"caption\":\"\"}},\"69\":{\"type\":\"2\",\"fields\":{\"image\":[\"62\"],\"caption\":\"\"}}}}}},\"2\":\"\",\"9\":\"center\"}}', '2017-08-22 01:16:26', '2017-08-22 01:16:26', '7c0f7c0e-79b0-42b6-8300-fa706e5187a1'),
 ('37', '2', '1', '75', 'en_us', '8', '', '{\"typeId\":null,\"authorId\":null,\"title\":\"Welcome\",\"slug\":\"homepage\",\"postDate\":1502679916,\"expiryDate\":null,\"enabled\":1,\"parentId\":null,\"fields\":{\"1\":\"<p>A creative partner for brands ready to move at the speed of inspiration.<\\/p>\",\"6\":\"#f5ac16\",\"3\":[\"31\"],\"7\":[\"12\"]}}', '2017-08-22 01:17:52', '2017-08-22 01:17:52', 'e0d686d2-e874-4741-b620-f8deac3d58d3'),
 ('38', '77', '2', '75', 'en_us', '1', '', '{\"typeId\":null,\"authorId\":\"75\",\"title\":\"We backpacked for four months around the world to shoot a series for Instagram.\",\"slug\":\"we-backpacked-for-four-months-around-the-world-to-shoot-a-series-for-instagram\",\"postDate\":1503364800,\"expiryDate\":null,\"enabled\":1,\"parentId\":null,\"fields\":{\"6\":\"#905c65\",\"4\":\"<p>Header<\\/p>\",\"8\":\"left\",\"3\":[\"76\"],\"5\":\"Intro Paraggraph\",\"10\":\"\",\"2\":\"\",\"9\":\"top\"}}', '2017-08-22 01:21:22', '2017-08-22 01:21:22', '61e5bc81-8d6a-4941-a01c-1c18495a0d07'),
 ('39', '77', '2', '75', 'en_us', '2', '', '{\"typeId\":\"2\",\"authorId\":\"75\",\"title\":\"Instagram\",\"slug\":\"we-backpacked-for-four-months-around-the-world-to-shoot-a-series-for-instagram\",\"postDate\":1503364800,\"expiryDate\":null,\"enabled\":1,\"parentId\":null,\"fields\":{\"6\":\"#905c65\",\"4\":\"<p>We backpacked for four months around the world to shoot a series for Instagram.<\\/p>\",\"8\":\"left\",\"3\":[\"76\"],\"5\":\"Intro Paraggraph\",\"10\":\"\",\"2\":\"\",\"9\":\"top\"}}', '2017-08-22 01:21:42', '2017-08-22 01:21:42', 'd9a13e3f-c829-4e6d-bfb6-ddc112028fe7'),
 ('40', '77', '2', '1', 'en_us', '3', '', '{\"typeId\":\"2\",\"authorId\":\"75\",\"title\":\"Instagram\",\"slug\":\"we-backpacked-for-four-months-around-the-world-to-shoot-a-series-for-instagram\",\"postDate\":1503364800,\"expiryDate\":null,\"enabled\":1,\"parentId\":null,\"fields\":{\"6\":\"#905c65\",\"4\":\"<p>We backpacked for four months around the world to shoot a series for <a href=\\\"http:\\/\\/bokeh.agency\\/index.php?p=projects\\/we-backpacked-for-four-months-around-the-world-to-shoot-a-series-for-instagram#entry:77\\\">Instagram<\\/a>.<\\/p>\",\"8\":\"left\",\"3\":[\"76\"],\"5\":\"Intro Paraggraph\",\"10\":\"\",\"2\":\"\",\"9\":\"top\"}}', '2017-08-22 22:50:58', '2017-08-22 22:50:58', 'b43cf3c8-eb50-49e7-92ea-e3237f26389b'),
 ('41', '2', '1', '1', 'en_us', '9', '', '{\"typeId\":null,\"authorId\":null,\"title\":\"Welcome\",\"slug\":\"homepage\",\"postDate\":1502679916,\"expiryDate\":null,\"enabled\":1,\"parentId\":null,\"fields\":{\"1\":\"<p>A creative partner for brands ready to move at the speed of inspiration.<\\/p>\",\"6\":\"#f5ac16\",\"38\":[\"4\",\"77\",\"28\"],\"3\":[\"31\"],\"7\":[\"12\"]}}', '2017-08-23 01:25:20', '2017-08-23 01:25:20', 'afdefae7-4af6-48b7-b768-c278ee0fbeda'),
 ('42', '77', '2', '1', 'en_us', '4', '', '{\"typeId\":\"2\",\"authorId\":\"75\",\"title\":\"Instagram\",\"slug\":\"instagram\",\"postDate\":1503364800,\"expiryDate\":null,\"enabled\":1,\"parentId\":null,\"fields\":{\"6\":\"#905c65\",\"4\":\"<p>We backpacked for four months around the world to shoot a series for <a href=\\\"http:\\/\\/bokeh.agency\\/index.php?p=projects\\/we-backpacked-for-four-months-around-the-world-to-shoot-a-series-for-instagram#entry:77:url\\\"><\\/a><a href=\\\"http:\\/\\/bokeh.agency\\/index.php?p=projects\\/we-backpacked-for-four-months-around-the-world-to-shoot-a-series-for-instagram#entry:77\\\">Instagram<\\/a>.<\\/p>\",\"8\":\"left\",\"3\":[\"76\"],\"5\":\"Intro Paraggraph\",\"10\":\"\",\"2\":\"\",\"9\":\"top\"}}', '2017-08-25 00:42:12', '2017-08-25 00:42:12', '2bfa36cc-1c93-494f-bac9-14047a13fb25'),
 ('43', '28', '2', '1', 'en_us', '17', '', '{\"typeId\":\"2\",\"authorId\":\"1\",\"title\":\"Philz Coffee\",\"slug\":\"philz-coffee\",\"postDate\":1502594280,\"expiryDate\":null,\"enabled\":1,\"parentId\":null,\"fields\":{\"6\":\"#6ac1c5\",\"4\":\"<p>We cold called <a href=\\\"http:\\/\\/bokeh.agency\\/index.php?p=projects\\/philz-coffee#entry:28:url\\\">Philz Coffee<\\/a> to complain about their logo, and they let us do a rebrand.<\\/p>\",\"8\":\"center\",\"3\":[\"29\"],\"5\":\"This is an intro paragraph\",\"10\":{\"32\":{\"type\":\"text\",\"enabled\":\"1\",\"fields\":{\"copy\":\"<h2>Heading Two<\\/h2>\\r\\n<p>Topping toffee bonbon gingerbread souffl\\u00e9. Tootsie roll cupcake gummi bears drag\\u00e9e chocolate. Liquorice chocolate bar wafer donut souffl\\u00e9. Gummies dessert croissant. Bonbon cake marshmallow liquorice. Cotton candy gummies cupcake sweet. Donut dessert brownie croissant sweet.<\\/p>\"}},\"35\":{\"type\":\"inlineImage\",\"enabled\":\"1\",\"fields\":{\"image\":[\"56\"],\"caption\":\"\"}},\"33\":{\"type\":\"quote\",\"enabled\":\"1\",\"fields\":{\"quote\":\"Jelly beans apple pie pie ice cream tiramisu jelly-o chupa chups tootsie roll. Jujubes biscuit brownie carrot cake. Lollipop tart marzipan pastry sugar plum.\",\"avatar\":[\"76\"],\"personsName\":\"John Doe\",\"jobTitle\":\"Coffee Lover\"}},\"34\":{\"type\":\"video\",\"enabled\":\"1\",\"fields\":{\"videoUrl\":\"https:\\/\\/www.youtube.com\\/watch?v=wxLUj1Mrars\",\"caption\":\"Caption\"}},\"50\":{\"type\":\"text\",\"enabled\":\"1\",\"fields\":{\"copy\":\"<p>Gingerbread sweet roll danish marshmallow lemon drops cake halvah chupa chups cake. Macaroon tart liquorice cake.<a href=\\\"\\/\\/google.ca\\\">This is a link<\\/a>. Biscuit pastry cake muffin chocolate bar. Gummies bear claw bonbon candy canes danish powder jelly wafer. Jelly pie gingerbread. Jelly brownie pudding gummies chocolate cake cupcake brownie danish gummies. Liquorice gingerbread souffl\\u00e9.<\\/p>\"}},\"36\":{\"type\":\"fullWidthImage\",\"enabled\":\"1\",\"fields\":{\"image\":[\"57\"],\"caption\":\"Coffee Beanz\"}},\"51\":{\"type\":\"text\",\"enabled\":\"1\",\"fields\":{\"copy\":\"<p>Sugar plum croissant drag\\u00e9e oat cake pudding chocolate jelly-o cake cupcake. Pudding bonbon lemon drops chupa chups. Drag\\u00e9e jelly gummi bears gummies donut gummies. Jujubes cotton candy apple pie muffin. Sweet liquorice cake gummies bear claw. Marzipan tootsie roll marzipan muffin toffee gummi bears marzipan cake jelly beans. Donut chupa chups cake topping sesame snaps dessert biscuit brownie. Croissant carrot cake topping pudding powder donut. Tiramisu cupcake souffl\\u00e9 biscuit cake chocolate bar drag\\u00e9e danish chocolate cake. Pudding souffl\\u00e9 bonbon bear claw souffl\\u00e9 cotton candy tart.<\\/p>\"}},\"37\":{\"type\":\"twoUpImages\",\"enabled\":\"1\",\"fields\":{\"firstImage\":[\"29\"],\"secondImage\":[\"29\"]}},\"52\":{\"type\":\"text\",\"enabled\":\"1\",\"fields\":{\"copy\":\"<p>Souffl\\u00e9 macaroon cake donut cotton candy jelly bear claw. Topping toffee cotton candy macaroon danish sugar plum carrot cake. Pudding powder biscuit. Liquorice toffee cupcake macaroon sesame snaps jujubes tiramisu. Candy canes powder apple pie souffl\\u00e9 lollipop oat cake. Sugar plum cheesecake chocolate. Liquorice sweet roll souffl\\u00e9 chocolate cake bear claw sweet roll.<\\/p>\"}},\"38\":{\"type\":\"threeUpImages\",\"enabled\":\"1\",\"fields\":{\"firstImage\":[\"72\"],\"secondImage\":[\"19\"],\"thirdImage\":[\"19\"]}},\"53\":{\"type\":\"text\",\"enabled\":\"1\",\"fields\":{\"copy\":\"<h1>Heading One<\\/h1>\\r\\n<p>Candy canes souffl\\u00e9 apple pie sweet roll. Bear claw halvah jelly beans pie danish jelly ice cream. Dessert cookie macaroon tootsie roll drag\\u00e9e. Sweet roll pastry muffin marzipan liquorice chocolate ice cream oat cake sweet. Tart tart fruitcake. Gingerbread chocolate bar sweet roll cotton candy cookie donut oat cake halvah. Chocolate sesame snaps apple pie sweet tart cookie. Candy canes bonbon candy icing drag\\u00e9e cake chocolate danish pastry. Liquorice croissant lollipop chocolate macaroon sweet.<\\/p>\"}},\"39\":{\"type\":\"fiveUpImages\",\"enabled\":\"1\",\"fields\":{\"firstImage\":[\"71\"],\"secondImage\":[\"74\"],\"thirdImage\":[\"70\"],\"fourthImage\":[\"74\"],\"fifthImage\":[\"71\"]}},\"54\":{\"type\":\"text\",\"enabled\":\"1\",\"fields\":{\"copy\":\"<p>Caramels lollipop oat cake. Chupa chups candy gummies ice cream jujubes carrot cake. Powder halvah candy canes. Fruitcake pudding pastry brownie tart. Souffl\\u00e9 caramels tiramisu wafer marshmallow carrot cake. Bonbon topping souffl\\u00e9 caramels. Topping sugar plum sesame snaps lollipop wafer carrot cake chocolate. Cake chocolate bar cake sweet. Apple pie brownie macaroon tiramisu tart powder sweet roll bonbon. Gummies biscuit candy canes sugar plum cupcake drag\\u00e9e toffee muffin topping.<\\/p>\"}},\"40\":{\"type\":\"videoCarousel\",\"enabled\":\"1\",\"fields\":{\"video\":{\"41\":{\"type\":\"1\",\"fields\":{\"video\":\"https:\\/\\/vimeo.com\\/230046783\",\"caption\":\"\"}},\"42\":{\"type\":\"1\",\"fields\":{\"video\":\"https:\\/\\/vimeo.com\\/124346309\",\"caption\":\"\"}},\"43\":{\"type\":\"1\",\"fields\":{\"video\":\"https:\\/\\/vimeo.com\\/230046783\",\"caption\":\"\"}},\"44\":{\"type\":\"1\",\"fields\":{\"video\":\"https:\\/\\/vimeo.com\\/124346309\",\"caption\":\"\"}}}}},\"55\":{\"type\":\"text\",\"enabled\":\"1\",\"fields\":{\"copy\":\"<p>Cheesecake cupcake lollipop muffin. Cheesecake icing wafer jujubes lollipop muffin sweet chocolate bar drag\\u00e9e. Cake chupa chups chocolate muffin jelly bear claw. Tart jelly toffee pastry cake. Icing ice cream bear claw. Caramels souffl\\u00e9 bonbon chocolate marshmallow. Icing carrot cake jujubes dessert cookie.<\\/p>\"}},\"64\":{\"type\":\"imageCarousel\",\"enabled\":\"1\",\"fields\":{\"image\":{\"65\":{\"type\":\"2\",\"fields\":{\"image\":[\"58\"],\"caption\":\"\"}},\"66\":{\"type\":\"2\",\"fields\":{\"image\":[\"59\"],\"caption\":\"\"}},\"67\":{\"type\":\"2\",\"fields\":{\"image\":[\"60\"],\"caption\":\"\"}},\"68\":{\"type\":\"2\",\"fields\":{\"image\":[\"61\"],\"caption\":\"\"}},\"69\":{\"type\":\"2\",\"fields\":{\"image\":[\"62\"],\"caption\":\"\"}}}}}},\"2\":\"\",\"9\":\"center\"}}', '2017-08-25 01:48:38', '2017-08-25 01:48:38', '8dbba7a7-c8ea-4ada-b7c3-45d4fe86e98b'),
 ('44', '28', '2', '1', 'en_us', '18', '', '{\"typeId\":\"2\",\"authorId\":\"1\",\"title\":\"Philz Coffee\",\"slug\":\"philz-coffee\",\"postDate\":1502594280,\"expiryDate\":null,\"enabled\":1,\"parentId\":null,\"fields\":{\"6\":\"#6ac1c5\",\"4\":\"<p>We cold called <a href=\\\"http:\\/\\/localhost:8888\\/bokeh\\/public_html\\/projects\\/philz-coffee#entry:28:url\\\">Philz Coffee<\\/a> to complain about their logo, and they let us do a rebrand.<\\/p>\",\"8\":\"center\",\"3\":[\"29\"],\"5\":\"This is an intro paragraph\",\"10\":{\"32\":{\"type\":\"text\",\"enabled\":\"1\",\"fields\":{\"copy\":\"<h2>Heading Two<\\/h2>\\r\\n<p>Topping toffee bonbon gingerbread souffl\\u00e9. Tootsie roll cupcake gummi bears drag\\u00e9e chocolate. Liquorice chocolate bar wafer donut souffl\\u00e9. Gummies dessert croissant. Bonbon cake marshmallow liquorice. Cotton candy gummies cupcake sweet. Donut dessert brownie croissant sweet.<\\/p>\"}},\"35\":{\"type\":\"inlineImage\",\"enabled\":\"1\",\"fields\":{\"image\":[\"56\"],\"caption\":\"\"}},\"33\":{\"type\":\"quote\",\"enabled\":\"1\",\"fields\":{\"quote\":\"Jelly beans apple pie pie ice cream tiramisu jelly-o chupa chups tootsie roll. Jujubes biscuit brownie carrot cake. Lollipop tart marzipan pastry sugar plum.\",\"avatar\":[\"57\"],\"personsName\":\"John Doe\",\"jobTitle\":\"Coffee Lover\"}},\"34\":{\"type\":\"video\",\"enabled\":\"1\",\"fields\":{\"videoUrl\":\"https:\\/\\/www.youtube.com\\/watch?v=wxLUj1Mrars\",\"caption\":\"Caption\"}},\"50\":{\"type\":\"text\",\"enabled\":\"1\",\"fields\":{\"copy\":\"<p>Gingerbread sweet roll danish marshmallow lemon drops cake halvah chupa chups cake. Macaroon tart liquorice cake.<a href=\\\"\\/\\/google.ca\\\">This is a link<\\/a>. Biscuit pastry cake muffin chocolate bar. Gummies bear claw bonbon candy canes danish powder jelly wafer. Jelly pie gingerbread. Jelly brownie pudding gummies chocolate cake cupcake brownie danish gummies. Liquorice gingerbread souffl\\u00e9.<\\/p>\"}},\"36\":{\"type\":\"fullWidthImage\",\"enabled\":\"1\",\"fields\":{\"image\":[\"57\"],\"caption\":\"Coffee Beanz\"}},\"51\":{\"type\":\"text\",\"enabled\":\"1\",\"fields\":{\"copy\":\"<p>Sugar plum croissant drag\\u00e9e oat cake pudding chocolate jelly-o cake cupcake. Pudding bonbon lemon drops chupa chups. Drag\\u00e9e jelly gummi bears gummies donut gummies. Jujubes cotton candy apple pie muffin. Sweet liquorice cake gummies bear claw. Marzipan tootsie roll marzipan muffin toffee gummi bears marzipan cake jelly beans. Donut chupa chups cake topping sesame snaps dessert biscuit brownie. Croissant carrot cake topping pudding powder donut. Tiramisu cupcake souffl\\u00e9 biscuit cake chocolate bar drag\\u00e9e danish chocolate cake. Pudding souffl\\u00e9 bonbon bear claw souffl\\u00e9 cotton candy tart.<\\/p>\"}},\"37\":{\"type\":\"twoUpImages\",\"enabled\":\"1\",\"fields\":{\"firstImage\":[\"29\"],\"secondImage\":[\"29\"]}},\"52\":{\"type\":\"text\",\"enabled\":\"1\",\"fields\":{\"copy\":\"<p>Souffl\\u00e9 macaroon cake donut cotton candy jelly bear claw. Topping toffee cotton candy macaroon danish sugar plum carrot cake. Pudding powder biscuit. Liquorice toffee cupcake macaroon sesame snaps jujubes tiramisu. Candy canes powder apple pie souffl\\u00e9 lollipop oat cake. Sugar plum cheesecake chocolate. Liquorice sweet roll souffl\\u00e9 chocolate cake bear claw sweet roll.<\\/p>\"}},\"38\":{\"type\":\"threeUpImages\",\"enabled\":\"1\",\"fields\":{\"firstImage\":[\"72\"],\"secondImage\":[\"19\"],\"thirdImage\":[\"19\"]}},\"53\":{\"type\":\"text\",\"enabled\":\"1\",\"fields\":{\"copy\":\"<h1>Heading One<\\/h1>\\r\\n<p>Candy canes souffl\\u00e9 apple pie sweet roll. Bear claw halvah jelly beans pie danish jelly ice cream. Dessert cookie macaroon tootsie roll drag\\u00e9e. Sweet roll pastry muffin marzipan liquorice chocolate ice cream oat cake sweet. Tart tart fruitcake. Gingerbread chocolate bar sweet roll cotton candy cookie donut oat cake halvah. Chocolate sesame snaps apple pie sweet tart cookie. Candy canes bonbon candy icing drag\\u00e9e cake chocolate danish pastry. Liquorice croissant lollipop chocolate macaroon sweet.<\\/p>\"}},\"39\":{\"type\":\"fiveUpImages\",\"enabled\":\"1\",\"fields\":{\"firstImage\":[\"71\"],\"secondImage\":[\"74\"],\"thirdImage\":[\"70\"],\"fourthImage\":[\"74\"],\"fifthImage\":[\"71\"]}},\"54\":{\"type\":\"text\",\"enabled\":\"1\",\"fields\":{\"copy\":\"<p>Caramels lollipop oat cake. Chupa chups candy gummies ice cream jujubes carrot cake. Powder halvah candy canes. Fruitcake pudding pastry brownie tart. Souffl\\u00e9 caramels tiramisu wafer marshmallow carrot cake. Bonbon topping souffl\\u00e9 caramels. Topping sugar plum sesame snaps lollipop wafer carrot cake chocolate. Cake chocolate bar cake sweet. Apple pie brownie macaroon tiramisu tart powder sweet roll bonbon. Gummies biscuit candy canes sugar plum cupcake drag\\u00e9e toffee muffin topping.<\\/p>\"}},\"40\":{\"type\":\"videoCarousel\",\"enabled\":\"1\",\"fields\":{\"video\":{\"41\":{\"type\":\"1\",\"fields\":{\"video\":\"https:\\/\\/vimeo.com\\/230046783\",\"caption\":\"\"}},\"42\":{\"type\":\"1\",\"fields\":{\"video\":\"https:\\/\\/vimeo.com\\/124346309\",\"caption\":\"\"}},\"43\":{\"type\":\"1\",\"fields\":{\"video\":\"https:\\/\\/vimeo.com\\/230046783\",\"caption\":\"\"}},\"44\":{\"type\":\"1\",\"fields\":{\"video\":\"https:\\/\\/vimeo.com\\/124346309\",\"caption\":\"\"}}}}},\"55\":{\"type\":\"text\",\"enabled\":\"1\",\"fields\":{\"copy\":\"<p>Cheesecake cupcake lollipop muffin. Cheesecake icing wafer jujubes lollipop muffin sweet chocolate bar drag\\u00e9e. Cake chupa chups chocolate muffin jelly bear claw. Tart jelly toffee pastry cake. Icing ice cream bear claw. Caramels souffl\\u00e9 bonbon chocolate marshmallow. Icing carrot cake jujubes dessert cookie.<\\/p>\"}},\"64\":{\"type\":\"imageCarousel\",\"enabled\":\"1\",\"fields\":{\"image\":{\"65\":{\"type\":\"2\",\"fields\":{\"image\":[\"58\"],\"caption\":\"\"}},\"66\":{\"type\":\"2\",\"fields\":{\"image\":[\"59\"],\"caption\":\"\"}},\"67\":{\"type\":\"2\",\"fields\":{\"image\":[\"60\"],\"caption\":\"\"}},\"68\":{\"type\":\"2\",\"fields\":{\"image\":[\"61\"],\"caption\":\"\"}},\"69\":{\"type\":\"2\",\"fields\":{\"image\":[\"62\"],\"caption\":\"\"}}}}}},\"2\":\"\",\"9\":\"center\"}}', '2017-08-25 02:16:32', '2017-08-25 02:16:32', 'c3c48c3f-d797-47df-9c75-51c631f674a9'),
 ('45', '2', '1', '1', 'en_us', '10', '', '{\"typeId\":null,\"authorId\":null,\"title\":\"Welcome\",\"slug\":\"homepage\",\"postDate\":1502679916,\"expiryDate\":null,\"enabled\":1,\"parentId\":null,\"fields\":{\"1\":\"<p>A creative partner for brands ready to move at the speed of inspiration.<\\/p>\",\"6\":\"#f5ac16\",\"38\":[\"4\",\"77\",\"28\"],\"3\":[\"31\"],\"46\":{\"new1\":{\"type\":\"offeredServices\",\"enabled\":\"1\",\"fields\":{\"serviceType\":\"Strategy\",\"service\":{\"new1\":{\"type\":\"3\",\"fields\":{\"service\":\"Branding\"}},\"new2\":{\"type\":\"3\",\"fields\":{\"service\":\"Content\"}},\"new3\":{\"type\":\"3\",\"fields\":{\"service\":\"Social\"}},\"new4\":{\"type\":\"3\",\"fields\":{\"service\":\"Digital\"}}}}},\"new2\":{\"type\":\"offeredServices\",\"enabled\":\"1\",\"fields\":{\"serviceType\":\"Design\",\"service\":{\"new1\":{\"type\":\"3\",\"fields\":{\"service\":\"Graphic Design\"}},\"new2\":{\"type\":\"3\",\"fields\":{\"service\":\"Identity Systems\"}},\"new3\":{\"type\":\"3\",\"fields\":{\"service\":\"Style Guidelines\"}},\"new4\":{\"type\":\"3\",\"fields\":{\"service\":\"UX\\/UI\"}}}}},\"new3\":{\"type\":\"offeredServices\",\"enabled\":\"1\",\"fields\":{\"serviceType\":\"Content\",\"service\":{\"new1\":{\"type\":\"3\",\"fields\":{\"service\":\"Film\\/Video\"}},\"new2\":{\"type\":\"3\",\"fields\":{\"service\":\"Animation\"}},\"new3\":{\"type\":\"3\",\"fields\":{\"service\":\"Copywriting\"}},\"new4\":{\"type\":\"3\",\"fields\":{\"service\":\"Photography\"}}}}}},\"50\":\"#915c64\",\"40\":\"\",\"7\":[\"12\"]}}', '2017-08-27 21:20:43', '2017-08-27 21:20:43', '64d260fa-c36f-4cdb-a9ac-a279894f28fc'),
 ('46', '2', '1', '1', 'en_us', '11', '', '{\"typeId\":null,\"authorId\":null,\"title\":\"Welcome\",\"slug\":\"homepage\",\"postDate\":1502679916,\"expiryDate\":null,\"enabled\":1,\"parentId\":null,\"fields\":{\"1\":\"<p>A creative partner for brands ready to move at the speed of inspiration.<\\/p>\",\"6\":\"#f5ac16\",\"38\":[\"4\",\"77\",\"28\"],\"3\":[\"31\"],\"46\":{\"78\":{\"type\":\"offeredServices\",\"enabled\":\"1\",\"fields\":{\"serviceType\":\"Strategy\",\"service\":{\"79\":{\"type\":\"3\",\"fields\":{\"service\":\"Branding\"}},\"80\":{\"type\":\"3\",\"fields\":{\"service\":\"Content\"}},\"81\":{\"type\":\"3\",\"fields\":{\"service\":\"Social\"}},\"82\":{\"type\":\"3\",\"fields\":{\"service\":\"Digital\"}}}}},\"83\":{\"type\":\"offeredServices\",\"enabled\":\"1\",\"fields\":{\"serviceType\":\"Design\",\"service\":{\"84\":{\"type\":\"3\",\"fields\":{\"service\":\"Graphic Design\"}},\"85\":{\"type\":\"3\",\"fields\":{\"service\":\"Identity Systems\"}},\"86\":{\"type\":\"3\",\"fields\":{\"service\":\"Style Guidelines\"}},\"87\":{\"type\":\"3\",\"fields\":{\"service\":\"UX\\/UI\"}}}}},\"88\":{\"type\":\"offeredServices\",\"enabled\":\"1\",\"fields\":{\"serviceType\":\"Content\",\"service\":{\"89\":{\"type\":\"3\",\"fields\":{\"service\":\"Film\\/Video\"}},\"90\":{\"type\":\"3\",\"fields\":{\"service\":\"Animation\"}},\"91\":{\"type\":\"3\",\"fields\":{\"service\":\"Copywriting\"}},\"92\":{\"type\":\"3\",\"fields\":{\"service\":\"Photography\"}}}}}},\"50\":\"#915c64\",\"40\":{\"new1\":{\"type\":\"service\",\"enabled\":\"1\",\"fields\":{\"copy\":\"We believe that open-hearted collaboration allows us to be in the right place to tell the right story.\",\"color\":\"#915c64\",\"image\":[\"57\"],\"imageVerticalPosition\":\"top\",\"imageHorizontalPosition\":\"left\"}},\"new2\":{\"type\":\"service\",\"enabled\":\"1\",\"fields\":{\"copy\":\"That a unique balance of hunger and humility enables our creativity to be boundless.\",\"color\":\"#f95c64\",\"image\":[\"59\"],\"imageVerticalPosition\":\"top\",\"imageHorizontalPosition\":\"left\"}},\"new3\":{\"type\":\"service\",\"enabled\":\"1\",\"fields\":{\"copy\":\"We are bold, honest, and always capable. We are a team of creative agnostics ready to dream with you and never stop creating.\",\"color\":\"#f85c01\",\"image\":[\"21\"],\"imageVerticalPosition\":\"top\",\"imageHorizontalPosition\":\"left\"}}},\"7\":[\"12\"]}}', '2017-08-27 21:22:53', '2017-08-27 21:22:53', '67fcb7db-fd84-4238-aeac-3fce990d4a27'),
 ('47', '4', '2', '1', 'en_us', '12', '', '{\"typeId\":\"2\",\"authorId\":\"1\",\"title\":\"Airbnb\",\"slug\":\"airbnb\",\"postDate\":1502508000,\"expiryDate\":null,\"enabled\":1,\"parentId\":null,\"fields\":{\"6\":\"#dc4028\",\"4\":\"<p>We once smuggled $160,000 worth of equipment into Cuba for <a href=\\\"http:\\/\\/localhost:8888\\/bokeh\\/public_html\\/projects\\/airbnb#entry:4:url\\\">Airbnb<\\/a>.<\\/p>\",\"8\":\"center\",\"3\":[\"27\"],\"5\":\"Intro paragraph\",\"10\":\"\",\"2\":[\"96\"],\"9\":\"center\"}}', '2017-08-27 21:54:27', '2017-08-27 21:54:27', 'ea82999f-8799-4f4d-a38f-8cf3d5fc29f0'),
 ('48', '2', '1', '1', 'en_us', '12', '', '{\"typeId\":null,\"authorId\":null,\"title\":\"Welcome\",\"slug\":\"homepage\",\"postDate\":1502679916,\"expiryDate\":null,\"enabled\":1,\"parentId\":null,\"fields\":{\"1\":\"<p>A creative partner for brands ready to move at the speed of inspiration.<\\/p>\",\"6\":\"#f5ac16\",\"38\":[\"4\",\"77\",\"28\"],\"3\":[\"31\"],\"46\":{\"78\":{\"type\":\"offeredServices\",\"enabled\":\"1\",\"fields\":{\"serviceType\":\"Strategy\",\"service\":{\"79\":{\"type\":\"3\",\"fields\":{\"service\":\"Branding\"}},\"80\":{\"type\":\"3\",\"fields\":{\"service\":\"Content\"}},\"81\":{\"type\":\"3\",\"fields\":{\"service\":\"Social\"}},\"82\":{\"type\":\"3\",\"fields\":{\"service\":\"Digital\"}}}}},\"83\":{\"type\":\"offeredServices\",\"enabled\":\"1\",\"fields\":{\"serviceType\":\"Design\",\"service\":{\"84\":{\"type\":\"3\",\"fields\":{\"service\":\"Graphic Design\"}},\"85\":{\"type\":\"3\",\"fields\":{\"service\":\"Identity Systems\"}},\"86\":{\"type\":\"3\",\"fields\":{\"service\":\"Style Guidelines\"}},\"87\":{\"type\":\"3\",\"fields\":{\"service\":\"UX\\/UI\"}}}}},\"88\":{\"type\":\"offeredServices\",\"enabled\":\"1\",\"fields\":{\"serviceType\":\"Content\",\"service\":{\"89\":{\"type\":\"3\",\"fields\":{\"service\":\"Film\\/Video\"}},\"90\":{\"type\":\"3\",\"fields\":{\"service\":\"Animation\"}},\"91\":{\"type\":\"3\",\"fields\":{\"service\":\"Copywriting\"}},\"92\":{\"type\":\"3\",\"fields\":{\"service\":\"Photography\"}}}}}},\"50\":\"#932435\",\"40\":{\"93\":{\"type\":\"service\",\"enabled\":\"1\",\"fields\":{\"copy\":\"We believe that open-hearted collaboration allows us to be in the right place to tell the right story.\",\"color\":\"#915c64\",\"image\":[\"57\"],\"imageVerticalPosition\":\"top\",\"imageHorizontalPosition\":\"left\"}},\"94\":{\"type\":\"service\",\"enabled\":\"1\",\"fields\":{\"copy\":\"That a unique balance of hunger and humility enables our creativity to be boundless.\",\"color\":\"#293776\",\"image\":[\"59\"],\"imageVerticalPosition\":\"top\",\"imageHorizontalPosition\":\"left\"}},\"95\":{\"type\":\"service\",\"enabled\":\"1\",\"fields\":{\"copy\":\"We are bold, honest, and always capable. We are a team of creative agnostics ready to dream with you and never stop creating.\",\"color\":\"#5632ff\",\"image\":[\"21\"],\"imageVerticalPosition\":\"top\",\"imageHorizontalPosition\":\"left\"}}},\"7\":[\"12\"]}}', '2017-08-28 01:25:50', '2017-08-28 01:25:50', '5472ae8a-4a4d-495e-9d2b-d432fd6c533b'),
 ('49', '2', '1', '1', 'en_us', '13', '', '{\"typeId\":null,\"authorId\":null,\"title\":\"Welcome\",\"slug\":\"homepage\",\"postDate\":1502679916,\"expiryDate\":null,\"enabled\":1,\"parentId\":null,\"fields\":{\"1\":\"<p>A creative partner for brands ready to move at the speed of inspiration.<\\/p>\",\"6\":\"#f5ac16\",\"38\":[\"4\",\"77\",\"28\"],\"3\":[\"31\"],\"46\":{\"78\":{\"type\":\"offeredServices\",\"enabled\":\"1\",\"fields\":{\"serviceType\":\"Strategy\",\"service\":{\"79\":{\"type\":\"3\",\"fields\":{\"service\":\"Branding\"}},\"80\":{\"type\":\"3\",\"fields\":{\"service\":\"Content\"}},\"81\":{\"type\":\"3\",\"fields\":{\"service\":\"Social\"}},\"82\":{\"type\":\"3\",\"fields\":{\"service\":\"Digital\"}}}}},\"83\":{\"type\":\"offeredServices\",\"enabled\":\"1\",\"fields\":{\"serviceType\":\"Design\",\"service\":{\"84\":{\"type\":\"3\",\"fields\":{\"service\":\"Graphic Design\"}},\"85\":{\"type\":\"3\",\"fields\":{\"service\":\"Identity Systems\"}},\"86\":{\"type\":\"3\",\"fields\":{\"service\":\"Style Guidelines\"}},\"87\":{\"type\":\"3\",\"fields\":{\"service\":\"UX\\/UI\"}}}}},\"88\":{\"type\":\"offeredServices\",\"enabled\":\"1\",\"fields\":{\"serviceType\":\"Content\",\"service\":{\"89\":{\"type\":\"3\",\"fields\":{\"service\":\"Film\\/Video\"}},\"90\":{\"type\":\"3\",\"fields\":{\"service\":\"Animation\"}},\"91\":{\"type\":\"3\",\"fields\":{\"service\":\"Copywriting\"}},\"92\":{\"type\":\"3\",\"fields\":{\"service\":\"Photography\"}}}}}},\"50\":\"#000000\",\"40\":{\"93\":{\"type\":\"service\",\"enabled\":\"1\",\"fields\":{\"copy\":\"We believe that open-hearted collaboration allows us to be in the right place to tell the right story.\",\"color\":\"#915c64\",\"image\":[\"57\"],\"imageVerticalPosition\":\"top\",\"imageHorizontalPosition\":\"left\"}},\"94\":{\"type\":\"service\",\"enabled\":\"1\",\"fields\":{\"copy\":\"That a unique balance of hunger and humility enables our creativity to be boundless.\",\"color\":\"#293776\",\"image\":[\"59\"],\"imageVerticalPosition\":\"top\",\"imageHorizontalPosition\":\"left\"}},\"95\":{\"type\":\"service\",\"enabled\":\"1\",\"fields\":{\"copy\":\"We are bold, honest, and always capable. We are a team of creative agnostics ready to dream with you and never stop creating.\",\"color\":\"#5632ff\",\"image\":[\"21\"],\"imageVerticalPosition\":\"top\",\"imageHorizontalPosition\":\"left\"}}},\"7\":[\"12\"]}}', '2017-08-28 01:27:30', '2017-08-28 01:27:30', '92924a35-b703-4a0b-804c-46a275a1cd28'),
 ('50', '2', '1', '1', 'en_us', '14', '', '{\"typeId\":null,\"authorId\":null,\"title\":\"Welcome\",\"slug\":\"homepage\",\"postDate\":1502679916,\"expiryDate\":null,\"enabled\":1,\"parentId\":null,\"fields\":{\"1\":\"<p>A creative partner for brands ready to move at the speed of inspiration.<\\/p>\",\"6\":\"#f5ac16\",\"38\":[\"4\",\"77\",\"28\"],\"3\":[\"31\"],\"46\":{\"78\":{\"type\":\"offeredServices\",\"enabled\":\"1\",\"fields\":{\"serviceType\":\"Strategy\",\"service\":{\"79\":{\"type\":\"3\",\"fields\":{\"service\":\"Branding\"}},\"80\":{\"type\":\"3\",\"fields\":{\"service\":\"Content\"}},\"81\":{\"type\":\"3\",\"fields\":{\"service\":\"Social\"}},\"82\":{\"type\":\"3\",\"fields\":{\"service\":\"Digital\"}}}}},\"83\":{\"type\":\"offeredServices\",\"enabled\":\"1\",\"fields\":{\"serviceType\":\"Design\",\"service\":{\"84\":{\"type\":\"3\",\"fields\":{\"service\":\"Graphic Design\"}},\"85\":{\"type\":\"3\",\"fields\":{\"service\":\"Identity Systems\"}},\"86\":{\"type\":\"3\",\"fields\":{\"service\":\"Style Guidelines\"}},\"87\":{\"type\":\"3\",\"fields\":{\"service\":\"UX\\/UI\"}}}}},\"88\":{\"type\":\"offeredServices\",\"enabled\":\"1\",\"fields\":{\"serviceType\":\"Content\",\"service\":{\"89\":{\"type\":\"3\",\"fields\":{\"service\":\"Film\\/Video\"}},\"90\":{\"type\":\"3\",\"fields\":{\"service\":\"Animation\"}},\"91\":{\"type\":\"3\",\"fields\":{\"service\":\"Copywriting\"}},\"92\":{\"type\":\"3\",\"fields\":{\"service\":\"Photography\"}}}}}},\"50\":\"#000000\",\"40\":{\"93\":{\"type\":\"service\",\"enabled\":\"1\",\"fields\":{\"copy\":\"We believe that open-hearted collaboration allows us to be in the right place to tell the right story.\",\"color\":\"#915c64\",\"image\":[\"20\"],\"imageVerticalPosition\":\"top\",\"imageHorizontalPosition\":\"left\"}},\"94\":{\"type\":\"service\",\"enabled\":\"1\",\"fields\":{\"copy\":\"That a unique balance of hunger and humility enables our creativity to be boundless.\",\"color\":\"#293776\",\"image\":[\"59\"],\"imageVerticalPosition\":\"top\",\"imageHorizontalPosition\":\"left\"}},\"95\":{\"type\":\"service\",\"enabled\":\"1\",\"fields\":{\"copy\":\"We are bold, honest, and always capable. We are a team of creative agnostics ready to dream with you and never stop creating.\",\"color\":\"#5632ff\",\"image\":[\"21\"],\"imageVerticalPosition\":\"top\",\"imageHorizontalPosition\":\"left\"}}},\"7\":[\"12\"]}}', '2017-08-28 01:28:29', '2017-08-28 01:28:29', '159428a3-62cc-42c0-9baa-99bd380ffc99'),
 ('51', '2', '1', '1', 'en_us', '15', '', '{\"typeId\":null,\"authorId\":null,\"title\":\"Welcome\",\"slug\":\"homepage\",\"postDate\":1502679916,\"expiryDate\":null,\"enabled\":1,\"parentId\":null,\"fields\":{\"1\":\"<p>A creative partner for brands ready to move at the speed of inspiration.<\\/p>\",\"6\":\"#f5ac16\",\"38\":[\"4\",\"77\",\"28\"],\"3\":[\"31\"],\"46\":{\"78\":{\"type\":\"offeredServices\",\"enabled\":\"1\",\"fields\":{\"serviceType\":\"Strategy\",\"service\":{\"79\":{\"type\":\"3\",\"fields\":{\"service\":\"Branding\"}},\"80\":{\"type\":\"3\",\"fields\":{\"service\":\"Content\"}},\"81\":{\"type\":\"3\",\"fields\":{\"service\":\"Social\"}},\"82\":{\"type\":\"3\",\"fields\":{\"service\":\"Digital\"}}}}},\"83\":{\"type\":\"offeredServices\",\"enabled\":\"1\",\"fields\":{\"serviceType\":\"Design\",\"service\":{\"84\":{\"type\":\"3\",\"fields\":{\"service\":\"Graphic Design\"}},\"85\":{\"type\":\"3\",\"fields\":{\"service\":\"Identity Systems\"}},\"86\":{\"type\":\"3\",\"fields\":{\"service\":\"Style Guidelines\"}},\"87\":{\"type\":\"3\",\"fields\":{\"service\":\"UX\\/UI\"}}}}},\"88\":{\"type\":\"offeredServices\",\"enabled\":\"1\",\"fields\":{\"serviceType\":\"Content\",\"service\":{\"89\":{\"type\":\"3\",\"fields\":{\"service\":\"Film\\/Video\"}},\"90\":{\"type\":\"3\",\"fields\":{\"service\":\"Animation\"}},\"91\":{\"type\":\"3\",\"fields\":{\"service\":\"Copywriting\"}},\"92\":{\"type\":\"3\",\"fields\":{\"service\":\"Photography\"}}}}}},\"50\":\"#000000\",\"40\":{\"93\":{\"type\":\"service\",\"enabled\":\"1\",\"fields\":{\"copy\":\"We believe that open-hearted collaboration allows us to be in the right place to tell the right story.\",\"color\":\"#915c64\",\"image\":[\"20\"],\"imageVerticalPosition\":\"top\",\"imageHorizontalPosition\":\"left\"}},\"94\":{\"type\":\"service\",\"enabled\":\"1\",\"fields\":{\"copy\":\"That a unique balance of hunger and humility enables our creativity to be boundless.\",\"color\":\"#293776\",\"image\":[\"59\"],\"imageVerticalPosition\":\"top\",\"imageHorizontalPosition\":\"left\"}},\"95\":{\"type\":\"service\",\"enabled\":\"1\",\"fields\":{\"copy\":\"We are bold, honest, and always capable. We are a team of creative agnostics ready to dream with you and never stop creating.\",\"color\":\"#5632ff\",\"image\":[\"21\"],\"imageVerticalPosition\":\"top\",\"imageHorizontalPosition\":\"left\"}}},\"7\":[\"12\"]}}', '2017-08-28 01:28:30', '2017-08-28 01:28:30', '577d9c6d-56c3-4ec9-a017-d955056a5acd'),
 ('52', '2', '1', '1', 'en_us', '16', '', '{\"typeId\":null,\"authorId\":null,\"title\":\"Welcome\",\"slug\":\"homepage\",\"postDate\":1502679916,\"expiryDate\":null,\"enabled\":1,\"parentId\":null,\"fields\":{\"1\":\"<p>A creative partner for brands ready to move at the speed of inspiration.<\\/p>\",\"51\":\"We\'ve worked with some of the best teams in the world, and are proud to call these clients our partners and friends\",\"52\":{\"new1\":{\"type\":\"clientLogo\",\"enabled\":\"1\",\"fields\":{\"client\":[\"120\"]}},\"new2\":{\"type\":\"clientLogo\",\"enabled\":\"1\",\"fields\":{\"client\":[\"117\"]}},\"new3\":{\"type\":\"clientLogo\",\"enabled\":\"1\",\"fields\":{\"client\":[\"121\"]}},\"new4\":{\"type\":\"clientLogo\",\"enabled\":\"1\",\"fields\":{\"client\":[\"128\"]}},\"new5\":{\"type\":\"clientLogo\",\"enabled\":\"1\",\"fields\":{\"client\":[\"127\"]}},\"new6\":{\"type\":\"clientLogo\",\"enabled\":\"1\",\"fields\":{\"client\":[\"129\"]}},\"new7\":{\"type\":\"clientLogo\",\"enabled\":\"1\",\"fields\":{\"client\":[\"122\"]}},\"new8\":{\"type\":\"clientLogo\",\"enabled\":\"1\",\"fields\":{\"client\":[\"125\"]}},\"new9\":{\"type\":\"clientLogo\",\"enabled\":\"1\",\"fields\":{\"client\":[\"126\"]}},\"new10\":{\"type\":\"clientLogo\",\"enabled\":\"1\",\"fields\":{\"client\":[\"123\"]}},\"new11\":{\"type\":\"clientLogo\",\"enabled\":\"1\",\"fields\":{\"client\":[\"118\"]}},\"new12\":{\"type\":\"clientLogo\",\"enabled\":\"1\",\"fields\":{\"client\":[\"127\"]}},\"new13\":{\"type\":\"clientLogo\",\"enabled\":\"1\",\"fields\":{\"client\":[\"124\"]}},\"new14\":{\"type\":\"clientLogo\",\"enabled\":\"1\",\"fields\":{\"client\":[\"130\"]}}},\"6\":\"#f5ac16\",\"38\":[\"4\",\"77\",\"28\"],\"3\":[\"31\"],\"46\":{\"78\":{\"type\":\"offeredServices\",\"enabled\":\"1\",\"fields\":{\"serviceType\":\"Strategy\",\"service\":{\"79\":{\"type\":\"3\",\"fields\":{\"service\":\"Branding\"}},\"80\":{\"type\":\"3\",\"fields\":{\"service\":\"Content\"}},\"81\":{\"type\":\"3\",\"fields\":{\"service\":\"Social\"}},\"82\":{\"type\":\"3\",\"fields\":{\"service\":\"Digital\"}}}}},\"83\":{\"type\":\"offeredServices\",\"enabled\":\"1\",\"fields\":{\"serviceType\":\"Design\",\"service\":{\"84\":{\"type\":\"3\",\"fields\":{\"service\":\"Graphic Design\"}},\"85\":{\"type\":\"3\",\"fields\":{\"service\":\"Identity Systems\"}},\"86\":{\"type\":\"3\",\"fields\":{\"service\":\"Style Guidelines\"}},\"87\":{\"type\":\"3\",\"fields\":{\"service\":\"UX\\/UI\"}}}}},\"88\":{\"type\":\"offeredServices\",\"enabled\":\"1\",\"fields\":{\"serviceType\":\"Content\",\"service\":{\"89\":{\"type\":\"3\",\"fields\":{\"service\":\"Film\\/Video\"}},\"90\":{\"type\":\"3\",\"fields\":{\"service\":\"Animation\"}},\"91\":{\"type\":\"3\",\"fields\":{\"service\":\"Copywriting\"}},\"92\":{\"type\":\"3\",\"fields\":{\"service\":\"Photography\"}}}}}},\"50\":\"#000000\",\"40\":{\"93\":{\"type\":\"service\",\"enabled\":\"1\",\"fields\":{\"copy\":\"We believe that open-hearted collaboration allows us to be in the right place to tell the right story.\",\"color\":\"#915c64\",\"image\":[\"20\"],\"imageVerticalPosition\":\"top\",\"imageHorizontalPosition\":\"left\"}},\"94\":{\"type\":\"service\",\"enabled\":\"1\",\"fields\":{\"copy\":\"That a unique balance of hunger and humility enables our creativity to be boundless.\",\"color\":\"#293776\",\"image\":[\"59\"],\"imageVerticalPosition\":\"top\",\"imageHorizontalPosition\":\"left\"}},\"95\":{\"type\":\"service\",\"enabled\":\"1\",\"fields\":{\"copy\":\"We are bold, honest, and always capable. We are a team of creative agnostics ready to dream with you and never stop creating.\",\"color\":\"#5632ff\",\"image\":[\"21\"],\"imageVerticalPosition\":\"top\",\"imageHorizontalPosition\":\"left\"}}},\"7\":[\"12\"]}}', '2017-08-28 02:31:37', '2017-08-28 02:31:37', '7b2a6ea0-4b38-4cae-83c2-16f807ae0b1e'),
 ('53', '2', '1', '1', 'en_us', '17', '', '{\"typeId\":null,\"authorId\":null,\"title\":\"Welcome\",\"slug\":\"homepage\",\"postDate\":1502679916,\"expiryDate\":null,\"enabled\":1,\"parentId\":null,\"fields\":{\"1\":\"<p>A creative partner for brands ready to move at the speed of inspiration.<\\/p>\",\"51\":\"We\'ve worked with some of the best teams in the world, and are proud to call these clients our partners and friends\",\"52\":{\"131\":{\"type\":\"clientLogo\",\"enabled\":\"1\",\"fields\":{\"client\":[\"120\"]}},\"132\":{\"type\":\"clientLogo\",\"enabled\":\"1\",\"fields\":{\"client\":[\"117\"]}},\"133\":{\"type\":\"clientLogo\",\"enabled\":\"1\",\"fields\":{\"client\":[\"121\"]}},\"134\":{\"type\":\"clientLogo\",\"enabled\":\"1\",\"fields\":{\"client\":[\"128\"]}},\"135\":{\"type\":\"clientLogo\",\"enabled\":\"1\",\"fields\":{\"client\":[\"127\"]}},\"136\":{\"type\":\"clientLogo\",\"enabled\":\"1\",\"fields\":{\"client\":[\"129\"]}},\"137\":{\"type\":\"clientLogo\",\"enabled\":\"1\",\"fields\":{\"client\":[\"122\"]}},\"138\":{\"type\":\"clientLogo\",\"enabled\":\"1\",\"fields\":{\"client\":[\"125\"]}},\"139\":{\"type\":\"clientLogo\",\"enabled\":\"1\",\"fields\":{\"client\":[\"126\"]}},\"140\":{\"type\":\"clientLogo\",\"enabled\":\"1\",\"fields\":{\"client\":[\"123\"]}},\"141\":{\"type\":\"clientLogo\",\"enabled\":\"1\",\"fields\":{\"client\":[\"118\"]}},\"142\":{\"type\":\"clientLogo\",\"enabled\":\"1\",\"fields\":{\"client\":[\"145\"]}},\"143\":{\"type\":\"clientLogo\",\"enabled\":\"1\",\"fields\":{\"client\":[\"124\"]}},\"144\":{\"type\":\"clientLogo\",\"enabled\":\"1\",\"fields\":{\"client\":[\"130\"]}}},\"6\":\"#f5ac16\",\"38\":[\"4\",\"77\",\"28\"],\"3\":[\"31\"],\"46\":{\"78\":{\"type\":\"offeredServices\",\"enabled\":\"1\",\"fields\":{\"serviceType\":\"Strategy\",\"service\":{\"79\":{\"type\":\"3\",\"fields\":{\"service\":\"Branding\"}},\"80\":{\"type\":\"3\",\"fields\":{\"service\":\"Content\"}},\"81\":{\"type\":\"3\",\"fields\":{\"service\":\"Social\"}},\"82\":{\"type\":\"3\",\"fields\":{\"service\":\"Digital\"}}}}},\"83\":{\"type\":\"offeredServices\",\"enabled\":\"1\",\"fields\":{\"serviceType\":\"Design\",\"service\":{\"84\":{\"type\":\"3\",\"fields\":{\"service\":\"Graphic Design\"}},\"85\":{\"type\":\"3\",\"fields\":{\"service\":\"Identity Systems\"}},\"86\":{\"type\":\"3\",\"fields\":{\"service\":\"Style Guidelines\"}},\"87\":{\"type\":\"3\",\"fields\":{\"service\":\"UX\\/UI\"}}}}},\"88\":{\"type\":\"offeredServices\",\"enabled\":\"1\",\"fields\":{\"serviceType\":\"Content\",\"service\":{\"89\":{\"type\":\"3\",\"fields\":{\"service\":\"Film\\/Video\"}},\"90\":{\"type\":\"3\",\"fields\":{\"service\":\"Animation\"}},\"91\":{\"type\":\"3\",\"fields\":{\"service\":\"Copywriting\"}},\"92\":{\"type\":\"3\",\"fields\":{\"service\":\"Photography\"}}}}}},\"50\":\"#000000\",\"40\":{\"93\":{\"type\":\"service\",\"enabled\":\"1\",\"fields\":{\"copy\":\"We believe that open-hearted collaboration allows us to be in the right place to tell the right story.\",\"color\":\"#915c64\",\"image\":[\"20\"],\"imageVerticalPosition\":\"top\",\"imageHorizontalPosition\":\"left\"}},\"94\":{\"type\":\"service\",\"enabled\":\"1\",\"fields\":{\"copy\":\"That a unique balance of hunger and humility enables our creativity to be boundless.\",\"color\":\"#293776\",\"image\":[\"59\"],\"imageVerticalPosition\":\"top\",\"imageHorizontalPosition\":\"left\"}},\"95\":{\"type\":\"service\",\"enabled\":\"1\",\"fields\":{\"copy\":\"We are bold, honest, and always capable. We are a team of creative agnostics ready to dream with you and never stop creating.\",\"color\":\"#5632ff\",\"image\":[\"21\"],\"imageVerticalPosition\":\"top\",\"imageHorizontalPosition\":\"left\"}}},\"7\":[\"12\"]}}', '2017-08-28 02:32:49', '2017-08-28 02:32:49', '507b89c5-f339-49c4-8ac2-8a859d343db5'),
 ('54', '2', '1', '75', 'en_us', '18', '', '{\"typeId\":null,\"authorId\":null,\"title\":\"Welcome\",\"slug\":\"homepage\",\"postDate\":1502679916,\"expiryDate\":null,\"enabled\":1,\"parentId\":null,\"fields\":{\"1\":\"<p>A creative partner for brands ready to move at the speed of inspiration.<\\/p>\",\"51\":\"We\'ve worked with some of the best teams in the world, and are proud to call these clients our partners and friends\",\"52\":{\"131\":{\"type\":\"clientLogo\",\"enabled\":\"1\",\"fields\":{\"client\":[\"120\"]}},\"132\":{\"type\":\"clientLogo\",\"enabled\":\"1\",\"fields\":{\"client\":[\"117\"]}},\"133\":{\"type\":\"clientLogo\",\"enabled\":\"1\",\"fields\":{\"client\":[\"121\"]}},\"134\":{\"type\":\"clientLogo\",\"enabled\":\"1\",\"fields\":{\"client\":[\"128\"]}},\"135\":{\"type\":\"clientLogo\",\"enabled\":\"1\",\"fields\":{\"client\":[\"127\"]}},\"136\":{\"type\":\"clientLogo\",\"enabled\":\"1\",\"fields\":{\"client\":[\"129\"]}},\"137\":{\"type\":\"clientLogo\",\"enabled\":\"1\",\"fields\":{\"client\":[\"122\"]}},\"138\":{\"type\":\"clientLogo\",\"enabled\":\"1\",\"fields\":{\"client\":[\"125\"]}},\"139\":{\"type\":\"clientLogo\",\"enabled\":\"1\",\"fields\":{\"client\":[\"126\"]}},\"140\":{\"type\":\"clientLogo\",\"enabled\":\"1\",\"fields\":{\"client\":[\"123\"]}},\"141\":{\"type\":\"clientLogo\",\"enabled\":\"1\",\"fields\":{\"client\":[\"118\"]}},\"142\":{\"type\":\"clientLogo\",\"enabled\":\"1\",\"fields\":{\"client\":[\"145\"]}},\"143\":{\"type\":\"clientLogo\",\"enabled\":\"1\",\"fields\":{\"client\":[\"124\"]}},\"144\":{\"type\":\"clientLogo\",\"enabled\":\"1\",\"fields\":{\"client\":[\"130\"]}}},\"6\":\"#f5ac16\",\"38\":[\"4\",\"77\",\"28\"],\"3\":[\"31\"],\"46\":{\"78\":{\"type\":\"offeredServices\",\"enabled\":\"1\",\"fields\":{\"serviceType\":\"Strategy\",\"service\":{\"79\":{\"type\":\"3\",\"fields\":{\"service\":\"Branding\"}},\"80\":{\"type\":\"3\",\"fields\":{\"service\":\"Content\"}},\"81\":{\"type\":\"3\",\"fields\":{\"service\":\"Social\"}},\"82\":{\"type\":\"3\",\"fields\":{\"service\":\"Digital\"}}}}},\"83\":{\"type\":\"offeredServices\",\"enabled\":\"1\",\"fields\":{\"serviceType\":\"Design\",\"service\":{\"84\":{\"type\":\"3\",\"fields\":{\"service\":\"Identity\"}},\"85\":{\"type\":\"3\",\"fields\":{\"service\":\"Style Guidelines\"}},\"86\":{\"type\":\"3\",\"fields\":{\"service\":\"Print\\/OOH\"}},\"87\":{\"type\":\"3\",\"fields\":{\"service\":\"UX\\/UI\"}}}}},\"88\":{\"type\":\"offeredServices\",\"enabled\":\"1\",\"fields\":{\"serviceType\":\"Content\",\"service\":{\"89\":{\"type\":\"3\",\"fields\":{\"service\":\"Film\\/Video\"}},\"90\":{\"type\":\"3\",\"fields\":{\"service\":\"Animation\"}},\"91\":{\"type\":\"3\",\"fields\":{\"service\":\"Product\\/Lifestyle Photography\"}},\"92\":{\"type\":\"3\",\"fields\":{\"service\":\"Copywriting\"}}}}}},\"50\":\"#000000\",\"40\":{\"93\":{\"type\":\"service\",\"enabled\":\"1\",\"fields\":{\"copy\":\"We believe that open-hearted collaboration allows us to be in the right place to tell the right story on the channels that matter most.\",\"color\":\"#915c64\",\"image\":[\"20\"],\"imageVerticalPosition\":\"top\",\"imageHorizontalPosition\":\"left\"}},\"94\":{\"type\":\"service\",\"enabled\":\"1\",\"fields\":{\"copy\":\"That a unique balance of hunger and humility enables our imagination to be boundless.\",\"color\":\"#293776\",\"image\":[\"59\"],\"imageVerticalPosition\":\"top\",\"imageHorizontalPosition\":\"left\"}},\"95\":{\"type\":\"service\",\"enabled\":\"1\",\"fields\":{\"copy\":\"We are bold, honest, and always capable, our ideas empower brands to speak with creativity and heart.\",\"color\":\"#5632ff\",\"image\":[\"21\"],\"imageVerticalPosition\":\"top\",\"imageHorizontalPosition\":\"left\"}}},\"7\":[\"12\"]}}', '2017-08-29 00:16:13', '2017-08-29 00:16:13', 'cf1e3010-d12e-41ba-92d0-c7f95093443b'),
 ('55', '2', '1', '75', 'en_us', '19', '', '{\"typeId\":null,\"authorId\":null,\"title\":\"Welcome\",\"slug\":\"homepage\",\"postDate\":1502679916,\"expiryDate\":null,\"enabled\":1,\"parentId\":null,\"fields\":{\"1\":\"<p>A creative partner for brands ready to move at the speed of inspiration.<\\/p>\",\"51\":\"We\'ve worked with some of the best teams in the world, and are proud to call these clients our partners and friends\",\"52\":{\"131\":{\"type\":\"clientLogo\",\"enabled\":\"1\",\"fields\":{\"client\":[\"120\"]}},\"132\":{\"type\":\"clientLogo\",\"enabled\":\"1\",\"fields\":{\"client\":[\"117\"]}},\"133\":{\"type\":\"clientLogo\",\"enabled\":\"1\",\"fields\":{\"client\":[\"121\"]}},\"134\":{\"type\":\"clientLogo\",\"enabled\":\"1\",\"fields\":{\"client\":[\"128\"]}},\"135\":{\"type\":\"clientLogo\",\"enabled\":\"1\",\"fields\":{\"client\":[\"127\"]}},\"136\":{\"type\":\"clientLogo\",\"enabled\":\"1\",\"fields\":{\"client\":[\"129\"]}},\"137\":{\"type\":\"clientLogo\",\"enabled\":\"1\",\"fields\":{\"client\":[\"122\"]}},\"138\":{\"type\":\"clientLogo\",\"enabled\":\"1\",\"fields\":{\"client\":[\"125\"]}},\"139\":{\"type\":\"clientLogo\",\"enabled\":\"1\",\"fields\":{\"client\":[\"126\"]}},\"140\":{\"type\":\"clientLogo\",\"enabled\":\"1\",\"fields\":{\"client\":[\"123\"]}},\"141\":{\"type\":\"clientLogo\",\"enabled\":\"1\",\"fields\":{\"client\":[\"118\"]}},\"142\":{\"type\":\"clientLogo\",\"enabled\":\"1\",\"fields\":{\"client\":[\"145\"]}},\"143\":{\"type\":\"clientLogo\",\"enabled\":\"1\",\"fields\":{\"client\":[\"124\"]}},\"144\":{\"type\":\"clientLogo\",\"enabled\":\"1\",\"fields\":{\"client\":[\"130\"]}}},\"6\":\"#f5ac16\",\"38\":[\"4\",\"77\",\"28\"],\"3\":[\"31\"],\"46\":{\"78\":{\"type\":\"offeredServices\",\"enabled\":\"1\",\"fields\":{\"serviceType\":\"Strategy\",\"service\":{\"79\":{\"type\":\"3\",\"fields\":{\"service\":\"Branding\"}},\"80\":{\"type\":\"3\",\"fields\":{\"service\":\"Content\"}},\"81\":{\"type\":\"3\",\"fields\":{\"service\":\"Social\"}},\"82\":{\"type\":\"3\",\"fields\":{\"service\":\"Digital\"}}}}},\"83\":{\"type\":\"offeredServices\",\"enabled\":\"1\",\"fields\":{\"serviceType\":\"Design\",\"service\":{\"84\":{\"type\":\"3\",\"fields\":{\"service\":\"Identity\"}},\"85\":{\"type\":\"3\",\"fields\":{\"service\":\"Style Guidelines\"}},\"86\":{\"type\":\"3\",\"fields\":{\"service\":\"Print\\/OOH\"}},\"87\":{\"type\":\"3\",\"fields\":{\"service\":\"UX\\/UI\"}}}}},\"88\":{\"type\":\"offeredServices\",\"enabled\":\"1\",\"fields\":{\"serviceType\":\"Content\",\"service\":{\"89\":{\"type\":\"3\",\"fields\":{\"service\":\"Film\\/Video\"}},\"90\":{\"type\":\"3\",\"fields\":{\"service\":\"Animation\"}},\"91\":{\"type\":\"3\",\"fields\":{\"service\":\"Product\\/Lifestyle Photography\"}},\"92\":{\"type\":\"3\",\"fields\":{\"service\":\"Copywriting\"}}}}}},\"50\":\"#000000\",\"40\":{\"93\":{\"type\":\"service\",\"enabled\":\"1\",\"fields\":{\"copy\":\"We believe that open-hearted collaboration allows us to be in the right place to tell the right story on the channels that matter most.\",\"color\":\"#915c64\",\"image\":[\"20\"],\"imageVerticalPosition\":\"top\",\"imageHorizontalPosition\":\"left\"}},\"94\":{\"type\":\"service\",\"enabled\":\"1\",\"fields\":{\"copy\":\"That a unique balance of hunger and humility enables our imagination to be boundless.\",\"color\":\"#293776\",\"image\":[\"59\"],\"imageVerticalPosition\":\"top\",\"imageHorizontalPosition\":\"left\"}},\"95\":{\"type\":\"service\",\"enabled\":\"1\",\"fields\":{\"copy\":\"Bold, honest, and always capable, our ideas empower brands to speak with creativity and heart.\",\"color\":\"#5632ff\",\"image\":[\"21\"],\"imageVerticalPosition\":\"top\",\"imageHorizontalPosition\":\"left\"}}},\"7\":[\"12\"]}}', '2017-08-29 00:17:04', '2017-08-29 00:17:04', '2e21aa1a-9c2b-4f08-80f9-4e1ddf739e8d'),
 ('56', '4', '2', '75', 'en_us', '13', '', '{\"typeId\":\"2\",\"authorId\":\"1\",\"title\":\"Airbnb\",\"slug\":\"airbnb\",\"postDate\":1502508000,\"expiryDate\":null,\"enabled\":1,\"parentId\":null,\"fields\":{\"6\":\"#dc4028\",\"4\":\"<p><strong>The campaign that <em>\\u201c<\\/em><em>brought the house down<\\/em><em>\\u201d<\\/em>&nbsp;at Airbnb.<\\/strong><\\/p>\",\"8\":\"center\",\"3\":[\"27\"],\"5\":\"On November 17, 2016, Airbnb announced the largest product expansion in its history. Just five weeks earlier, Bokeh was asked to join its sprint to the finish line.\",\"10\":{\"new1\":{\"type\":\"quote\",\"enabled\":\"1\",\"fields\":{\"quote\":\"\\u201cThis film brought the house down. I cannot imagine now having done this without it.\\u201d\",\"avatar\":[\"73\"],\"personsName\":\"Brian Chesky\",\"jobTitle\":\"CEO of Airbnb\"}},\"new2\":{\"type\":\"text\",\"enabled\":\"1\",\"fields\":{\"copy\":\"<p><strong>Mission:<\\/strong><\\/p>\\r\\n<p>On November 17, 2016, Airbnb announced the largest product expansion in its history. Just five weeks earlier, Bokeh was asked to join its sprint to the finish line.<\\/p>\\r\\n<p>Working alongside engineering, brand, product marketing, art, and C-level teams, we developed a dizzying amount of content to educate users on new features, advertise and build awareness on social media, and, ultimately, to introduce the world to Airbnb Trips on-stage at Airbnb Open in Los Angeles.<\\/p>\"}},\"new3\":{\"type\":\"quote\",\"enabled\":\"1\",\"fields\":{\"quote\":\"Deliverables:\",\"avatar\":[\"57\"],\"personsName\":\"Sixteen animated and live-action functional films Airbnb Trips Reveal film and Future of Homes film Four 15-second digital ads New Airbnb Motion logo\",\"jobTitle\":\"\"}}},\"2\":[\"96\"],\"9\":\"center\"}}', '2017-08-30 22:22:29', '2017-08-30 22:22:29', '174997fc-41cc-4f38-9290-2413e59b0a8b'),
 ('57', '4', '2', '75', 'en_us', '14', '', '{\"typeId\":\"2\",\"authorId\":\"1\",\"title\":\"Airbnb\",\"slug\":\"airbnb\",\"postDate\":1502508000,\"expiryDate\":null,\"enabled\":1,\"parentId\":null,\"fields\":{\"6\":\"#dc4028\",\"4\":\"<p><strong>The campaign that <em>\\u201c<\\/em><em>brought the house down<\\/em><em>\\u201d<\\/em>&nbsp;at Airbnb.<\\/strong><\\/p>\",\"8\":\"center\",\"3\":[\"27\"],\"5\":\"On November 17, 2016, Airbnb announced the largest product expansion in its history. Just five weeks earlier, Bokeh was asked to join its sprint to the finish line.\",\"10\":{\"146\":{\"type\":\"quote\",\"enabled\":\"1\",\"fields\":{\"quote\":\"\\u201cThis film brought the house down. I cannot imagine now having done this without it.\\u201d\",\"avatar\":[\"73\"],\"personsName\":\"Brian Chesky\",\"jobTitle\":\"CEO of Airbnb\"}},\"147\":{\"type\":\"text\",\"enabled\":\"1\",\"fields\":{\"copy\":\"<p><strong>Mission:<\\/strong><\\/p><p>On November 17, 2016, Airbnb announced the largest product expansion in its history. Just five weeks earlier, Bokeh was asked to join its sprint to the finish line.<\\/p>\\r\\n<p>Working alongside engineering, brand, product marketing, art, and C-level teams, we developed a dizzying amount of content to educate users on new features, advertise and build awareness on social media, and, ultimately, to introduce the world to Airbnb Trips on-stage at Airbnb Open in Los Angeles.<\\/p>\"}},\"new2\":{\"type\":\"video\",\"enabled\":\"1\",\"fields\":{\"videoUrl\":\"https:\\/\\/vimeo.com\\/193175968\",\"caption\":\"Welcome to the World of Trips | Aired During Airbnb Open 2016 Keynote\"}},\"new1\":{\"type\":\"quote\",\"enabled\":\"1\",\"fields\":{\"quote\":\"Services:\",\"avatar\":[\"5\"],\"personsName\":\"Services: Concept, Branding (motion logomark) Film\\/Video, Animation, Digital Ads, Social Ads\",\"jobTitle\":\"\"}},\"148\":{\"type\":\"quote\",\"enabled\":\"1\",\"fields\":{\"quote\":\"Deliverables:\",\"avatar\":[\"57\"],\"personsName\":\"Sixteen animated and live-action functional films Airbnb Trips Reveal film and Future of Homes film Four 15-second digital ads New Airbnb Motion logo\",\"jobTitle\":\"\"}},\"new3\":{\"type\":\"text\",\"enabled\":\"1\",\"fields\":{\"copy\":\"<p><b>Let\\u2019s get functional<\\/b><\\/p>\\r\\n<p>We started by developing eight animated and live-action product marketing videos to introduce users to key features built into the new Airbnb app. Each video needed to be playable in both landscape and portrait mode. Double the work&hellip; double the fun.<\\/p>\\r\\n\"}},\"new5\":{\"type\":\"fullWidthImage\",\"enabled\":\"1\",\"fields\":{\"image\":[\"150\"],\"caption\":\"\"}},\"new4\":{\"type\":\"videoCarousel\",\"enabled\":\"1\",\"fields\":{\"video\":{\"new2\":{\"type\":\"1\",\"fields\":{\"video\":\"https:\\/\\/vimeo.com\\/193177317\",\"caption\":\"Introducing Experiences\"}},\"new1\":{\"type\":\"1\",\"fields\":{\"video\":\"https:\\/\\/vimeo.com\\/193177901\",\"caption\":\"Introducing Itinerary\"}},\"new3\":{\"type\":\"1\",\"fields\":{\"video\":\"https:\\/\\/vimeo.com\\/193177150\",\"caption\":\"Introducing Co-hosting\"}},\"new4\":{\"type\":\"1\",\"fields\":{\"video\":\"https:\\/\\/vimeo.com\\/193177011\",\"caption\":\"Introducing Social Impact Experiences\"}}}}},\"new6\":{\"type\":\"text\",\"enabled\":\"1\",\"fields\":{\"copy\":\"<p><b>Our <\\/b><b><i>Argo<\\/i><\\/b><b> moment<\\/b><br><\\/p>\\r\\n<p>Meanwhile, Bokeh\\u2019s CEO, David, went undercover with an exuberant crew of filmmakers to old Havana, Cuba. With no time to obtain permits, we developed alibis to explain the excessive amount of camera gear. We got the greenlight thanks to some quick thinking and charming Spanglish. <\\/p>\\r\\n<p><\\/p>\"}},\"new10\":{\"type\":\"video\",\"enabled\":\"1\",\"fields\":{\"videoUrl\":\"https:\\/\\/vimeo.com\\/193176889\",\"caption\":\"Staying Connected in Cuba\"}},\"new7\":{\"type\":\"threeUpImages\",\"enabled\":\"1\",\"fields\":{\"firstImage\":[\"152\"],\"secondImage\":[\"21\"],\"thirdImage\":[\"72\"]}},\"new8\":{\"type\":\"text\",\"enabled\":\"1\",\"fields\":{\"copy\":\"<p><b>In the clutch<\\/b><br><\\/p>\\r\\n<p>Two days before the Airbnb Open, Brian needed a Hail Mary. He asked Bokeh to develop two more product videos for his keynote presentation, including the anthem piece that would be used to officially announce the launch of Airbnb Trips.<\\/p>\\r\\n<p><\\/p>\"}},\"new11\":{\"type\":\"video\",\"enabled\":\"1\",\"fields\":{\"videoUrl\":\"https:\\/\\/vimeo.com\\/193184792\",\"caption\":\"Airbnb Collections Teaser | Aired During AO 2016 Keynote\"}},\"new9\":{\"type\":\"videoCarousel\",\"enabled\":\"1\",\"fields\":{\"video\":{\"new3\":{\"type\":\"1\",\"fields\":{\"video\":\"https:\\/\\/vimeo.com\\/194444259\",\"caption\":\"Burlesque\"}},\"new1\":{\"type\":\"1\",\"fields\":{\"video\":\"https:\\/\\/vimeo.com\\/193185940\",\"caption\":\"Samurai\"}},\"new2\":{\"type\":\"1\",\"fields\":{\"video\":\"https:\\/\\/vimeo.com\\/193185835\",\"caption\":\"Runner\"}},\"new4\":{\"type\":\"1\",\"fields\":{\"video\":\"https:\\/\\/vimeo.com\\/193186104\",\"caption\":\"Scenester\"}}}}}},\"2\":[\"96\"],\"9\":\"center\"}}', '2017-08-30 22:37:36', '2017-08-30 22:37:36', '84f98eb6-27f4-4a78-942b-73898564d550'),
 ('58', '77', '2', '75', 'en_us', '5', '', '{\"typeId\":\"2\",\"authorId\":\"75\",\"title\":\"Instagram\",\"slug\":\"instagram\",\"postDate\":1503364800,\"expiryDate\":null,\"enabled\":1,\"parentId\":null,\"fields\":{\"6\":\"#6ed0f0\",\"4\":\"<p>We backpacked for four months around the world to shoot a series for <a href=\\\"http:\\/\\/bokeh.agency\\/projects\\/instagram#entry:77:url\\\"><\\/a><a href=\\\"http:\\/\\/bokeh.agency\\/projects\\/instagram#entry:77:url\\\">Instagram<\\/a>.<\\/p>\",\"8\":\"left\",\"3\":[\"176\"],\"5\":\"Intro Paraggraph\",\"10\":\"\",\"2\":\"\",\"9\":\"top\"}}', '2017-08-30 22:42:26', '2017-08-30 22:42:26', 'dff63701-92a4-4356-9b96-567759746723'),
 ('59', '4', '2', '75', 'en_us', '15', '', '{\"typeId\":\"2\",\"authorId\":\"1\",\"title\":\"Airbnb\",\"slug\":\"airbnb\",\"postDate\":1502508000,\"expiryDate\":null,\"enabled\":1,\"parentId\":null,\"fields\":{\"6\":\"#dc4028\",\"4\":\"<p><strong>The campaign that <em>\\u201c<\\/em><em>brought the house down<\\/em><em>\\u201d<\\/em>&nbsp;at <a href=\\\"http:\\/\\/bokeh.agency\\/projects\\/airbnb#entry:4\\\">Airbnb<\\/a>.<\\/strong><\\/p>\",\"8\":\"center\",\"3\":[\"27\"],\"5\":\"On November 17, 2016, Airbnb announced the largest product expansion in its history. Just five weeks earlier, Bokeh was asked to join its sprint to the finish line.\",\"10\":{\"146\":{\"type\":\"quote\",\"enabled\":\"1\",\"fields\":{\"quote\":\"\\u201cThis film brought the house down. I cannot imagine now having done this without it.\\u201d\",\"avatar\":[\"73\"],\"personsName\":\"Brian Chesky\",\"jobTitle\":\"CEO of Airbnb\"}},\"147\":{\"type\":\"text\",\"enabled\":\"1\",\"fields\":{\"copy\":\"<p><strong>Mission:<\\/strong><\\/p>\\r\\n<p>On November 17, 2016, Airbnb announced the largest product expansion in its history. Just five weeks earlier, Bokeh was asked to join its sprint to the finish line.<\\/p>\\r\\n<p>Working alongside engineering, brand, product marketing, art, and C-level teams, we developed a dizzying amount of content to educate users on new features, advertise and build awareness on social media, and, ultimately, to introduce the world to Airbnb Trips on-stage at Airbnb Open in Los Angeles.<\\/p>\"}},\"153\":{\"type\":\"video\",\"enabled\":\"1\",\"fields\":{\"videoUrl\":\"https:\\/\\/vimeo.com\\/193175968\",\"caption\":\"Welcome to the World of Trips | Aired During Airbnb Open 2016 Keynote\"}},\"154\":{\"type\":\"quote\",\"enabled\":\"1\",\"fields\":{\"quote\":\"Services:\",\"avatar\":[\"5\"],\"personsName\":\"Services: Concept, Branding (motion logomark) Film\\/Video, Animation, Digital Ads, Social Ads\",\"jobTitle\":\"\"}},\"148\":{\"type\":\"quote\",\"enabled\":\"1\",\"fields\":{\"quote\":\"Deliverables:\",\"avatar\":[\"57\"],\"personsName\":\"Sixteen animated and live-action functional films Airbnb Trips Reveal film and Future of Homes film Four 15-second digital ads New Airbnb Motion logo\",\"jobTitle\":\"\"}},\"155\":{\"type\":\"text\",\"enabled\":\"1\",\"fields\":{\"copy\":\"<p><strong>Let\\u2019s get functional<\\/strong><\\/p>\\r\\n<p>We started by developing eight animated and live-action product marketing videos to introduce users to key features built into the new Airbnb app. Each video needed to be playable in both landscape and portrait mode. Double the work&hellip; double the fun.<\\/p>\"}},\"156\":{\"type\":\"fullWidthImage\",\"enabled\":\"1\",\"fields\":{\"image\":[\"150\"],\"caption\":\"\"}},\"157\":{\"type\":\"videoCarousel\",\"enabled\":\"1\",\"fields\":{\"video\":{\"158\":{\"type\":\"1\",\"fields\":{\"video\":\"https:\\/\\/vimeo.com\\/193177317\",\"caption\":\"Introducing Experiences\"}},\"159\":{\"type\":\"1\",\"fields\":{\"video\":\"https:\\/\\/vimeo.com\\/193177901\",\"caption\":\"Introducing Itinerary\"}},\"160\":{\"type\":\"1\",\"fields\":{\"video\":\"https:\\/\\/vimeo.com\\/193177150\",\"caption\":\"Introducing Co-hosting\"}},\"161\":{\"type\":\"1\",\"fields\":{\"video\":\"https:\\/\\/vimeo.com\\/193177011\",\"caption\":\"Introducing Social Impact Experiences\"}}}}},\"162\":{\"type\":\"text\",\"enabled\":\"1\",\"fields\":{\"copy\":\"<p><strong>Our <\\/strong><strong><em>Argo<\\/em><\\/strong><strong> moment<\\/strong><br><\\/p>\\r\\n<p>Meanwhile, Bokeh\\u2019s CEO, David, went undercover with an exuberant crew of filmmakers to old Havana, Cuba. With no time to obtain permits, we developed alibis to explain the excessive amount of camera gear. We got the greenlight thanks to some quick thinking and charming Spanglish. <\\/p>\"}},\"163\":{\"type\":\"video\",\"enabled\":\"1\",\"fields\":{\"videoUrl\":\"https:\\/\\/vimeo.com\\/193176889\",\"caption\":\"Staying Connected in Cuba\"}},\"164\":{\"type\":\"threeUpImages\",\"enabled\":\"1\",\"fields\":{\"firstImage\":[\"152\"],\"secondImage\":[\"21\"],\"thirdImage\":[\"72\"]}},\"165\":{\"type\":\"text\",\"enabled\":\"1\",\"fields\":{\"copy\":\"<p><strong>In the clutch<\\/strong><br><\\/p>\\r\\n<p>Two days before the Airbnb Open, Brian needed a Hail Mary. He asked Bokeh to develop two more product videos for his keynote presentation, including the anthem piece that would be used to officially announce the launch of Airbnb Trips.<\\/p>\"}},\"166\":{\"type\":\"video\",\"enabled\":\"1\",\"fields\":{\"videoUrl\":\"https:\\/\\/vimeo.com\\/193184792\",\"caption\":\"Airbnb Collections Teaser | Aired During AO 2016 Keynote\"}},\"167\":{\"type\":\"videoCarousel\",\"enabled\":\"1\",\"fields\":{\"video\":{\"168\":{\"type\":\"1\",\"fields\":{\"video\":\"https:\\/\\/vimeo.com\\/194444259\",\"caption\":\"Burlesque\"}},\"169\":{\"type\":\"1\",\"fields\":{\"video\":\"https:\\/\\/vimeo.com\\/193185940\",\"caption\":\"Samurai\"}},\"170\":{\"type\":\"1\",\"fields\":{\"video\":\"https:\\/\\/vimeo.com\\/193185835\",\"caption\":\"Runner\"}},\"171\":{\"type\":\"1\",\"fields\":{\"video\":\"https:\\/\\/vimeo.com\\/193186104\",\"caption\":\"Scenester\"}}}}},\"new2\":{\"type\":\"video\",\"enabled\":\"1\",\"fields\":{\"videoUrl\":\"https:\\/\\/vimeo.com\\/231786676\\/ee242b0fe4\",\"caption\":\"Airbnb motion logo\"}},\"new3\":{\"type\":\"text\",\"enabled\":\"1\",\"fields\":{\"copy\":\"<p><b>The payoff<\\/b><\\/p>\\r\\n<p>The assets were leveraged across a variety of channels from Airbnb Open to product landing pages, social and YouTube, email newsletters, and paid media. The functional videos amassed over <b>11 million views in less than three weeks<\\/b>. On Airbnb product pages, the <b>video click-through-rate reached as high as 15 percent<\\/b>. <\\/p>\\r\\n<p>We received coverage in the <b><i>NYTimes<\\/i><\\/b><b>, Adweek, <\\/b><b><i>Travel + Leisure<\\/i><\\/b><b>, TechCrunch, Mashable, <\\/b><b><i>The Telegraph<\\/i><\\/b><b>, and Fast Company.<\\/b><\\/p>\\r\\n\"}},\"new4\":{\"type\":\"fiveUpImages\",\"enabled\":\"1\",\"fields\":{\"firstImage\":[\"174\"],\"secondImage\":[\"173\"],\"thirdImage\":[\"172\"],\"fourthImage\":[\"175\"],\"fifthImage\":[\"71\"]}},\"new5\":{\"type\":\"fullWidthImage\",\"enabled\":\"1\",\"fields\":{\"image\":[\"177\"],\"caption\":\"\"}}},\"2\":[\"96\"],\"9\":\"center\"}}', '2017-08-30 22:42:57', '2017-08-30 22:42:57', '6679b4b2-6e9e-45dd-a0d3-0e09c7e2ec29'),
 ('60', '4', '2', '75', 'en_us', '16', '', '{\"typeId\":\"2\",\"authorId\":\"1\",\"title\":\"Airbnb\",\"slug\":\"airbnb\",\"postDate\":1502508000,\"expiryDate\":null,\"enabled\":1,\"parentId\":null,\"fields\":{\"6\":\"#dc4028\",\"4\":\"<p><strong>The campaign that <em>\\u201c<\\/em><em>brought the house down<\\/em><em>\\u201d<\\/em>&nbsp;at <a href=\\\"http:\\/\\/bokeh.agency\\/projects\\/airbnb#entry:4:url\\\">Airbnb<\\/a>.<\\/strong><\\/p>\",\"8\":\"center\",\"3\":[\"27\"],\"5\":\"On November 17, 2016, Airbnb announced the largest product expansion in its history. Just five weeks earlier, Bokeh was asked to join its sprint to the finish line.\",\"10\":{\"146\":{\"type\":\"quote\",\"enabled\":\"1\",\"fields\":{\"quote\":\"\\u201cThis film brought the house down. I cannot imagine now having done this without it.\\u201d\",\"avatar\":[\"73\"],\"personsName\":\"Brian Chesky\",\"jobTitle\":\"CEO of Airbnb\"}},\"147\":{\"type\":\"text\",\"enabled\":\"1\",\"fields\":{\"copy\":\"<p><strong>Mission:<\\/strong><\\/p>\\r\\n<p>On November 17, 2016, Airbnb announced the largest product expansion in its history. Just five weeks earlier, Bokeh was asked to join its sprint to the finish line.<\\/p>\\r\\n<p>Working alongside engineering, brand, product marketing, art, and C-level teams, we developed a dizzying amount of content to educate users on new features, advertise and build awareness on social media, and, ultimately, to introduce the world to Airbnb Trips on-stage at Airbnb Open in Los Angeles.<\\/p>\"}},\"153\":{\"type\":\"video\",\"enabled\":\"1\",\"fields\":{\"videoUrl\":\"https:\\/\\/vimeo.com\\/193175968\",\"caption\":\"Welcome to the World of Trips | Aired During Airbnb Open 2016 Keynote\"}},\"154\":{\"type\":\"quote\",\"enabled\":\"1\",\"fields\":{\"quote\":\"Services:\",\"avatar\":[\"5\"],\"personsName\":\"Services: Concept, Branding (motion logomark) Film\\/Video, Animation, Digital Ads, Social Ads\",\"jobTitle\":\"\"}},\"148\":{\"type\":\"quote\",\"enabled\":\"1\",\"fields\":{\"quote\":\"Deliverables:\",\"avatar\":[\"57\"],\"personsName\":\"Sixteen animated and live-action functional films Airbnb Trips Reveal film and Future of Homes film Four 15-second digital ads New Airbnb Motion logo\",\"jobTitle\":\"\"}},\"178\":{\"type\":\"video\",\"enabled\":\"1\",\"fields\":{\"videoUrl\":\"https:\\/\\/vimeo.com\\/231786676\",\"caption\":\"Airbnb motion logo\"}},\"155\":{\"type\":\"text\",\"enabled\":\"1\",\"fields\":{\"copy\":\"<p><strong>Let\\u2019s get functional<\\/strong><\\/p>\\r\\n<p>We started by developing eight animated and live-action product marketing videos to introduce users to key features built into the new Airbnb app. Each video needed to be playable in both landscape and portrait mode. Double the work&hellip; double the fun.<\\/p>\"}},\"156\":{\"type\":\"fullWidthImage\",\"enabled\":\"1\",\"fields\":{\"image\":[\"150\"],\"caption\":\"\"}},\"157\":{\"type\":\"videoCarousel\",\"enabled\":\"1\",\"fields\":{\"video\":{\"158\":{\"type\":\"1\",\"fields\":{\"video\":\"https:\\/\\/vimeo.com\\/193177317\",\"caption\":\"Introducing Experiences\"}},\"159\":{\"type\":\"1\",\"fields\":{\"video\":\"https:\\/\\/vimeo.com\\/193177901\",\"caption\":\"Introducing Itinerary\"}},\"160\":{\"type\":\"1\",\"fields\":{\"video\":\"https:\\/\\/vimeo.com\\/193177150\",\"caption\":\"Introducing Co-hosting\"}},\"161\":{\"type\":\"1\",\"fields\":{\"video\":\"https:\\/\\/vimeo.com\\/193177011\",\"caption\":\"Introducing Social Impact Experiences\"}}}}},\"162\":{\"type\":\"text\",\"enabled\":\"1\",\"fields\":{\"copy\":\"<p><strong>Our <\\/strong><strong><em>Argo<\\/em><\\/strong><strong> moment<\\/strong><br><\\/p>\\r\\n<p>Meanwhile, Bokeh\\u2019s CEO, David, went undercover with an exuberant crew of filmmakers to old Havana, Cuba. With no time to obtain permits, we developed alibis to explain the excessive amount of camera gear. We got the greenlight thanks to some quick thinking and charming Spanglish. <\\/p>\"}},\"163\":{\"type\":\"video\",\"enabled\":\"1\",\"fields\":{\"videoUrl\":\"https:\\/\\/vimeo.com\\/193176889\",\"caption\":\"Staying Connected in Cuba\"}},\"164\":{\"type\":\"threeUpImages\",\"enabled\":\"1\",\"fields\":{\"firstImage\":[\"152\"],\"secondImage\":[\"21\"],\"thirdImage\":[\"72\"]}},\"165\":{\"type\":\"text\",\"enabled\":\"1\",\"fields\":{\"copy\":\"<p><strong>In the clutch<\\/strong><br><\\/p>\\r\\n<p>Two days before the Airbnb Open, Brian needed a Hail Mary. He asked Bokeh to develop two more product videos for his keynote presentation, including the anthem piece that would be used to officially announce the launch of Airbnb Trips.<\\/p>\"}},\"166\":{\"type\":\"video\",\"enabled\":\"1\",\"fields\":{\"videoUrl\":\"https:\\/\\/vimeo.com\\/193184792\",\"caption\":\"Airbnb Collections Teaser | Aired During AO 2016 Keynote\"}},\"167\":{\"type\":\"videoCarousel\",\"enabled\":\"1\",\"fields\":{\"video\":{\"168\":{\"type\":\"1\",\"fields\":{\"video\":\"https:\\/\\/vimeo.com\\/194444259\",\"caption\":\"Burlesque\"}},\"169\":{\"type\":\"1\",\"fields\":{\"video\":\"https:\\/\\/vimeo.com\\/193185940\",\"caption\":\"Samurai\"}},\"170\":{\"type\":\"1\",\"fields\":{\"video\":\"https:\\/\\/vimeo.com\\/193185835\",\"caption\":\"Runner\"}},\"171\":{\"type\":\"1\",\"fields\":{\"video\":\"https:\\/\\/vimeo.com\\/193186104\",\"caption\":\"Scenester\"}}}}},\"179\":{\"type\":\"text\",\"enabled\":\"1\",\"fields\":{\"copy\":\"<p><strong>The payoff<\\/strong><\\/p>\\r\\n<p>The assets were leveraged across a variety of channels from Airbnb Open to product landing pages, social and YouTube, email newsletters, and paid media. The functional videos amassed over <strong>11 million views in less than three weeks<\\/strong>. On Airbnb product pages, the <strong>video click-through-rate reached as high as 15 percent<\\/strong>. <\\/p>\\r\\n<p>We received coverage in the <strong><em>NYTimes<\\/em><\\/strong><strong>, Adweek, <\\/strong><strong><em>Travel + Leisure<\\/em><\\/strong><strong>, TechCrunch, Mashable, <\\/strong><strong><em>The Telegraph<\\/em><\\/strong><strong>, and Fast Company.<\\/strong><\\/p>\"}},\"180\":{\"type\":\"fiveUpImages\",\"enabled\":\"1\",\"fields\":{\"firstImage\":[\"174\"],\"secondImage\":[\"173\"],\"thirdImage\":[\"172\"],\"fourthImage\":[\"175\"],\"fifthImage\":[\"71\"]}},\"181\":{\"type\":\"fullWidthImage\",\"enabled\":\"1\",\"fields\":{\"image\":[\"177\"],\"caption\":\"\"}}},\"2\":[\"96\"],\"9\":\"center\"}}', '2017-08-30 22:44:56', '2017-08-30 22:44:56', 'c6596b3d-bc3f-4022-83e4-3b1d3696d978'),
 ('61', '4', '2', '75', 'en_us', '17', '', '{\"typeId\":\"2\",\"authorId\":\"1\",\"title\":\"Airbnb\",\"slug\":\"airbnb\",\"postDate\":1502508000,\"expiryDate\":null,\"enabled\":1,\"parentId\":null,\"fields\":{\"6\":\"#fa3517\",\"4\":\"<p><strong>The campaign that <em>\\u201c<\\/em><em>brought the house down<\\/em><em>\\u201d<\\/em>&nbsp;at <a href=\\\"http:\\/\\/bokeh.agency\\/projects\\/airbnb#entry:4:url\\\">Airbnb<\\/a>.<\\/strong><\\/p>\",\"8\":\"center\",\"3\":[\"182\"],\"5\":\"On November 17, 2016, Airbnb announced the largest product expansion in its history. Just five weeks earlier, Bokeh was asked to join its sprint to the finish line.\",\"10\":{\"146\":{\"type\":\"quote\",\"enabled\":\"1\",\"fields\":{\"quote\":\"\\u201cThis film brought the house down. I cannot imagine now having done this without it.\\u201d\",\"avatar\":[\"73\"],\"personsName\":\"Brian Chesky\",\"jobTitle\":\"CEO of Airbnb\"}},\"147\":{\"type\":\"text\",\"enabled\":\"1\",\"fields\":{\"copy\":\"<p><strong>Mission:<\\/strong><\\/p>\\r\\n<p>On November 17, 2016, Airbnb announced the largest product expansion in its history. Just five weeks earlier, Bokeh was asked to join its sprint to the finish line.<\\/p>\\r\\n<p>Working alongside engineering, brand, product marketing, art, and C-level teams, we developed a dizzying amount of content to educate users on new features, advertise and build awareness on social media, and, ultimately, to introduce the world to Airbnb Trips on-stage at Airbnb Open in Los Angeles.<\\/p>\"}},\"153\":{\"type\":\"video\",\"enabled\":\"1\",\"fields\":{\"videoUrl\":\"https:\\/\\/vimeo.com\\/193175968\",\"caption\":\"Welcome to the World of Trips | Aired During Airbnb Open 2016 Keynote\"}},\"154\":{\"type\":\"quote\",\"enabled\":\"1\",\"fields\":{\"quote\":\"Services:\",\"avatar\":[\"5\"],\"personsName\":\"Services: Concept, Branding (motion logomark) Film\\/Video, Animation, Digital Ads, Social Ads\",\"jobTitle\":\"\"}},\"148\":{\"type\":\"quote\",\"enabled\":\"1\",\"fields\":{\"quote\":\"Deliverables:\",\"avatar\":[\"57\"],\"personsName\":\"Sixteen animated and live-action functional films Airbnb Trips Reveal film and Future of Homes film Four 15-second digital ads New Airbnb Motion logo\",\"jobTitle\":\"\"}},\"178\":{\"type\":\"video\",\"enabled\":\"1\",\"fields\":{\"videoUrl\":\"https:\\/\\/vimeo.com\\/231786676\",\"caption\":\"Airbnb motion logo\"}},\"155\":{\"type\":\"text\",\"enabled\":\"1\",\"fields\":{\"copy\":\"<p><strong>Let\\u2019s get functional<\\/strong><\\/p>\\r\\n<p>We started by developing eight animated and live-action product marketing videos to introduce users to key features built into the new Airbnb app. Each video needed to be playable in both landscape and portrait mode. Double the work&hellip; double the fun.<\\/p>\"}},\"156\":{\"type\":\"fullWidthImage\",\"enabled\":\"1\",\"fields\":{\"image\":[\"150\"],\"caption\":\"\"}},\"157\":{\"type\":\"videoCarousel\",\"enabled\":\"1\",\"fields\":{\"video\":{\"158\":{\"type\":\"1\",\"fields\":{\"video\":\"https:\\/\\/vimeo.com\\/193177317\",\"caption\":\"Introducing Experiences\"}},\"159\":{\"type\":\"1\",\"fields\":{\"video\":\"https:\\/\\/vimeo.com\\/193177901\",\"caption\":\"Introducing Itinerary\"}},\"160\":{\"type\":\"1\",\"fields\":{\"video\":\"https:\\/\\/vimeo.com\\/193177150\",\"caption\":\"Introducing Co-hosting\"}},\"161\":{\"type\":\"1\",\"fields\":{\"video\":\"https:\\/\\/vimeo.com\\/193177011\",\"caption\":\"Introducing Social Impact Experiences\"}}}}},\"162\":{\"type\":\"text\",\"enabled\":\"1\",\"fields\":{\"copy\":\"<p><strong>Our <\\/strong><strong><em>Argo<\\/em><\\/strong><strong> moment<\\/strong><br><\\/p>\\r\\n<p>Meanwhile, Bokeh\\u2019s CEO, David, went undercover with an exuberant crew of filmmakers to old Havana, Cuba. With no time to obtain permits, we developed alibis to explain the excessive amount of camera gear. We got the greenlight thanks to some quick thinking and charming Spanglish. <\\/p>\"}},\"163\":{\"type\":\"video\",\"enabled\":\"1\",\"fields\":{\"videoUrl\":\"https:\\/\\/vimeo.com\\/193176889\",\"caption\":\"Staying Connected in Cuba\"}},\"164\":{\"type\":\"threeUpImages\",\"enabled\":\"1\",\"fields\":{\"firstImage\":[\"152\"],\"secondImage\":[\"21\"],\"thirdImage\":[\"72\"]}},\"165\":{\"type\":\"text\",\"enabled\":\"1\",\"fields\":{\"copy\":\"<p><strong>In the clutch<\\/strong><br><\\/p>\\r\\n<p>Two days before the Airbnb Open, Brian needed a Hail Mary. He asked Bokeh to develop two more product videos for his keynote presentation, including the anthem piece that would be used to officially announce the launch of Airbnb Trips.<\\/p>\"}},\"166\":{\"type\":\"video\",\"enabled\":\"1\",\"fields\":{\"videoUrl\":\"https:\\/\\/vimeo.com\\/193184792\",\"caption\":\"Airbnb Collections Teaser | Aired During AO 2016 Keynote\"}},\"167\":{\"type\":\"videoCarousel\",\"enabled\":\"1\",\"fields\":{\"video\":{\"168\":{\"type\":\"1\",\"fields\":{\"video\":\"https:\\/\\/vimeo.com\\/194444259\",\"caption\":\"Burlesque\"}},\"169\":{\"type\":\"1\",\"fields\":{\"video\":\"https:\\/\\/vimeo.com\\/193185940\",\"caption\":\"Samurai\"}},\"170\":{\"type\":\"1\",\"fields\":{\"video\":\"https:\\/\\/vimeo.com\\/193185835\",\"caption\":\"Runner\"}},\"171\":{\"type\":\"1\",\"fields\":{\"video\":\"https:\\/\\/vimeo.com\\/193186104\",\"caption\":\"Scenester\"}}}}},\"179\":{\"type\":\"text\",\"enabled\":\"1\",\"fields\":{\"copy\":\"<p><strong>The payoff<\\/strong><\\/p>\\r\\n<p>The assets were leveraged across a variety of channels from Airbnb Open to product landing pages, social and YouTube, email newsletters, and paid media. The functional videos amassed over <strong>11 million views in less than three weeks<\\/strong>. On Airbnb product pages, the <strong>video click-through-rate reached as high as 15 percent<\\/strong>. <\\/p>\\r\\n<p>We received coverage in the <strong><em>NYTimes<\\/em><\\/strong><strong>, Adweek, <\\/strong><strong><em>Travel + Leisure<\\/em><\\/strong><strong>, TechCrunch, Mashable, <\\/strong><strong><em>The Telegraph<\\/em><\\/strong><strong>, and Fast Company.<\\/strong><\\/p>\"}},\"180\":{\"type\":\"fiveUpImages\",\"enabled\":\"1\",\"fields\":{\"firstImage\":[\"174\"],\"secondImage\":[\"173\"],\"thirdImage\":[\"172\"],\"fourthImage\":[\"175\"],\"fifthImage\":[\"71\"]}},\"181\":{\"type\":\"fullWidthImage\",\"enabled\":\"1\",\"fields\":{\"image\":[\"177\"],\"caption\":\"\"}}},\"2\":[\"96\"],\"9\":\"center\"}}', '2017-08-30 23:05:54', '2017-08-30 23:05:54', '09f692d6-4cd8-4b6a-bdd5-d608c95222bb'),
 ('62', '2', '1', '75', 'en_us', '20', '', '{\"typeId\":null,\"authorId\":null,\"title\":\"Welcome\",\"slug\":\"homepage\",\"postDate\":1502679916,\"expiryDate\":null,\"enabled\":1,\"parentId\":null,\"fields\":{\"1\":\"<p>A creative partner for brands ready to move at the speed of inspiration.<\\/p>\",\"51\":\"We\'ve worked with some of the best teams in the world, and are proud to call these clients our partners and friends\",\"52\":{\"131\":{\"type\":\"clientLogo\",\"enabled\":\"1\",\"fields\":{\"client\":[\"120\"]}},\"132\":{\"type\":\"clientLogo\",\"enabled\":\"1\",\"fields\":{\"client\":[\"117\"]}},\"133\":{\"type\":\"clientLogo\",\"enabled\":\"1\",\"fields\":{\"client\":[\"121\"]}},\"134\":{\"type\":\"clientLogo\",\"enabled\":\"1\",\"fields\":{\"client\":[\"128\"]}},\"135\":{\"type\":\"clientLogo\",\"enabled\":\"1\",\"fields\":{\"client\":[\"127\"]}},\"136\":{\"type\":\"clientLogo\",\"enabled\":\"1\",\"fields\":{\"client\":[\"129\"]}},\"137\":{\"type\":\"clientLogo\",\"enabled\":\"1\",\"fields\":{\"client\":[\"122\"]}},\"138\":{\"type\":\"clientLogo\",\"enabled\":\"1\",\"fields\":{\"client\":[\"125\"]}},\"139\":{\"type\":\"clientLogo\",\"enabled\":\"1\",\"fields\":{\"client\":[\"126\"]}},\"140\":{\"type\":\"clientLogo\",\"enabled\":\"1\",\"fields\":{\"client\":[\"123\"]}},\"141\":{\"type\":\"clientLogo\",\"enabled\":\"1\",\"fields\":{\"client\":[\"118\"]}},\"142\":{\"type\":\"clientLogo\",\"enabled\":\"1\",\"fields\":{\"client\":[\"145\"]}},\"143\":{\"type\":\"clientLogo\",\"enabled\":\"1\",\"fields\":{\"client\":[\"124\"]}},\"144\":{\"type\":\"clientLogo\",\"enabled\":\"1\",\"fields\":{\"client\":[\"130\"]}}},\"6\":\"#f5ac16\",\"38\":[\"4\",\"77\",\"28\"],\"3\":[\"183\"],\"46\":{\"78\":{\"type\":\"offeredServices\",\"enabled\":\"1\",\"fields\":{\"serviceType\":\"Strategy\",\"service\":{\"79\":{\"type\":\"3\",\"fields\":{\"service\":\"Branding\"}},\"80\":{\"type\":\"3\",\"fields\":{\"service\":\"Content\"}},\"81\":{\"type\":\"3\",\"fields\":{\"service\":\"Social\"}},\"82\":{\"type\":\"3\",\"fields\":{\"service\":\"Digital\"}}}}},\"83\":{\"type\":\"offeredServices\",\"enabled\":\"1\",\"fields\":{\"serviceType\":\"Design\",\"service\":{\"84\":{\"type\":\"3\",\"fields\":{\"service\":\"Identity\"}},\"85\":{\"type\":\"3\",\"fields\":{\"service\":\"Style Guidelines\"}},\"86\":{\"type\":\"3\",\"fields\":{\"service\":\"Print\\/OOH\"}},\"87\":{\"type\":\"3\",\"fields\":{\"service\":\"UX\\/UI\"}}}}},\"88\":{\"type\":\"offeredServices\",\"enabled\":\"1\",\"fields\":{\"serviceType\":\"Content\",\"service\":{\"89\":{\"type\":\"3\",\"fields\":{\"service\":\"Film\\/Video\"}},\"90\":{\"type\":\"3\",\"fields\":{\"service\":\"Animation\"}},\"91\":{\"type\":\"3\",\"fields\":{\"service\":\"Product\\/Lifestyle Photography\"}},\"92\":{\"type\":\"3\",\"fields\":{\"service\":\"Copywriting\"}}}}}},\"50\":\"#000000\",\"40\":{\"93\":{\"type\":\"service\",\"enabled\":\"1\",\"fields\":{\"copy\":\"We believe that open-hearted collaboration allows us to be in the right place to tell the right story on the channels that matter most.\",\"color\":\"#915c64\",\"image\":[\"20\"],\"imageVerticalPosition\":\"top\",\"imageHorizontalPosition\":\"left\"}},\"94\":{\"type\":\"service\",\"enabled\":\"1\",\"fields\":{\"copy\":\"That a unique balance of hunger and humility enables our imagination to be boundless.\",\"color\":\"#293776\",\"image\":[\"59\"],\"imageVerticalPosition\":\"top\",\"imageHorizontalPosition\":\"left\"}},\"95\":{\"type\":\"service\",\"enabled\":\"1\",\"fields\":{\"copy\":\"Bold, honest, and always capable, our ideas empower brands to speak with creativity and heart.\",\"color\":\"#5632ff\",\"image\":[\"21\"],\"imageVerticalPosition\":\"top\",\"imageHorizontalPosition\":\"left\"}}},\"7\":[\"184\"]}}', '2017-09-03 23:56:13', '2017-09-03 23:56:13', '3c2e02de-998d-49d7-a20a-386ebaf73870'),
 ('63', '2', '1', '75', 'en_us', '21', '', '{\"typeId\":null,\"authorId\":null,\"title\":\"Welcome\",\"slug\":\"homepage\",\"postDate\":1502679916,\"expiryDate\":null,\"enabled\":1,\"parentId\":null,\"fields\":{\"1\":\"<p>A creative partner for brands ready to move at the speed of inspiration.<\\/p>\",\"51\":\"We\'ve worked with some of the best teams in the world, and are proud to call these clients our partners and friends\",\"52\":{\"131\":{\"type\":\"clientLogo\",\"enabled\":\"1\",\"fields\":{\"client\":[\"120\"]}},\"132\":{\"type\":\"clientLogo\",\"enabled\":\"1\",\"fields\":{\"client\":[\"117\"]}},\"133\":{\"type\":\"clientLogo\",\"enabled\":\"1\",\"fields\":{\"client\":[\"121\"]}},\"134\":{\"type\":\"clientLogo\",\"enabled\":\"1\",\"fields\":{\"client\":[\"128\"]}},\"135\":{\"type\":\"clientLogo\",\"enabled\":\"1\",\"fields\":{\"client\":[\"127\"]}},\"136\":{\"type\":\"clientLogo\",\"enabled\":\"1\",\"fields\":{\"client\":[\"129\"]}},\"137\":{\"type\":\"clientLogo\",\"enabled\":\"1\",\"fields\":{\"client\":[\"122\"]}},\"138\":{\"type\":\"clientLogo\",\"enabled\":\"1\",\"fields\":{\"client\":[\"125\"]}},\"139\":{\"type\":\"clientLogo\",\"enabled\":\"1\",\"fields\":{\"client\":[\"126\"]}},\"140\":{\"type\":\"clientLogo\",\"enabled\":\"1\",\"fields\":{\"client\":[\"123\"]}},\"141\":{\"type\":\"clientLogo\",\"enabled\":\"1\",\"fields\":{\"client\":[\"118\"]}},\"142\":{\"type\":\"clientLogo\",\"enabled\":\"1\",\"fields\":{\"client\":[\"145\"]}},\"143\":{\"type\":\"clientLogo\",\"enabled\":\"1\",\"fields\":{\"client\":[\"124\"]}},\"144\":{\"type\":\"clientLogo\",\"enabled\":\"1\",\"fields\":{\"client\":[\"130\"]}}},\"6\":\"#e53e28\",\"38\":[\"4\",\"77\",\"28\"],\"3\":[\"183\"],\"46\":{\"78\":{\"type\":\"offeredServices\",\"enabled\":\"1\",\"fields\":{\"serviceType\":\"Strategy\",\"service\":{\"79\":{\"type\":\"3\",\"fields\":{\"service\":\"Branding\"}},\"80\":{\"type\":\"3\",\"fields\":{\"service\":\"Content\"}},\"81\":{\"type\":\"3\",\"fields\":{\"service\":\"Social\"}},\"82\":{\"type\":\"3\",\"fields\":{\"service\":\"Digital\"}}}}},\"83\":{\"type\":\"offeredServices\",\"enabled\":\"1\",\"fields\":{\"serviceType\":\"Design\",\"service\":{\"84\":{\"type\":\"3\",\"fields\":{\"service\":\"Identity\"}},\"85\":{\"type\":\"3\",\"fields\":{\"service\":\"Style Guidelines\"}},\"86\":{\"type\":\"3\",\"fields\":{\"service\":\"Print\\/OOH\"}},\"87\":{\"type\":\"3\",\"fields\":{\"service\":\"UX\\/UI\"}}}}},\"88\":{\"type\":\"offeredServices\",\"enabled\":\"1\",\"fields\":{\"serviceType\":\"Content\",\"service\":{\"89\":{\"type\":\"3\",\"fields\":{\"service\":\"Film\\/Video\"}},\"90\":{\"type\":\"3\",\"fields\":{\"service\":\"Animation\"}},\"91\":{\"type\":\"3\",\"fields\":{\"service\":\"Product\\/Lifestyle Photography\"}},\"92\":{\"type\":\"3\",\"fields\":{\"service\":\"Copywriting\"}}}}}},\"50\":\"#000000\",\"40\":{\"93\":{\"type\":\"service\",\"enabled\":\"1\",\"fields\":{\"copy\":\"We believe that open-hearted collaboration allows us to be in the right place to tell the right story on the channels that matter most.\",\"color\":\"#915c64\",\"image\":[\"20\"],\"imageVerticalPosition\":\"top\",\"imageHorizontalPosition\":\"left\"}},\"94\":{\"type\":\"service\",\"enabled\":\"1\",\"fields\":{\"copy\":\"That a unique balance of hunger and humility enables our imagination to be boundless.\",\"color\":\"#293776\",\"image\":[\"59\"],\"imageVerticalPosition\":\"top\",\"imageHorizontalPosition\":\"left\"}},\"95\":{\"type\":\"service\",\"enabled\":\"1\",\"fields\":{\"copy\":\"Bold, honest, and always capable, our ideas empower brands to speak with creativity and heart.\",\"color\":\"#5632ff\",\"image\":[\"21\"],\"imageVerticalPosition\":\"top\",\"imageHorizontalPosition\":\"left\"}}},\"7\":[\"184\"]}}', '2017-09-03 23:58:41', '2017-09-03 23:58:41', '91e5698f-ba70-4c98-ae1c-823046719562'),
 ('64', '2', '1', '75', 'en_us', '22', '', '{\"typeId\":null,\"authorId\":null,\"title\":\"Welcome\",\"slug\":\"homepage\",\"postDate\":1502679916,\"expiryDate\":null,\"enabled\":1,\"parentId\":null,\"fields\":{\"1\":\"<p>A creative partner for brands ready to move at the speed of inspiration.<\\/p>\",\"51\":\"We\'ve worked with some of the best teams in the world, and are proud to call these clients our partners and friends\",\"52\":{\"131\":{\"type\":\"clientLogo\",\"enabled\":\"1\",\"fields\":{\"client\":[\"120\"]}},\"132\":{\"type\":\"clientLogo\",\"enabled\":\"1\",\"fields\":{\"client\":[\"117\"]}},\"133\":{\"type\":\"clientLogo\",\"enabled\":\"1\",\"fields\":{\"client\":[\"121\"]}},\"134\":{\"type\":\"clientLogo\",\"enabled\":\"1\",\"fields\":{\"client\":[\"128\"]}},\"135\":{\"type\":\"clientLogo\",\"enabled\":\"1\",\"fields\":{\"client\":[\"127\"]}},\"136\":{\"type\":\"clientLogo\",\"enabled\":\"1\",\"fields\":{\"client\":[\"129\"]}},\"137\":{\"type\":\"clientLogo\",\"enabled\":\"1\",\"fields\":{\"client\":[\"122\"]}},\"138\":{\"type\":\"clientLogo\",\"enabled\":\"1\",\"fields\":{\"client\":[\"125\"]}},\"139\":{\"type\":\"clientLogo\",\"enabled\":\"1\",\"fields\":{\"client\":[\"126\"]}},\"140\":{\"type\":\"clientLogo\",\"enabled\":\"1\",\"fields\":{\"client\":[\"123\"]}},\"141\":{\"type\":\"clientLogo\",\"enabled\":\"1\",\"fields\":{\"client\":[\"118\"]}},\"142\":{\"type\":\"clientLogo\",\"enabled\":\"1\",\"fields\":{\"client\":[\"145\"]}},\"143\":{\"type\":\"clientLogo\",\"enabled\":\"1\",\"fields\":{\"client\":[\"124\"]}},\"144\":{\"type\":\"clientLogo\",\"enabled\":\"1\",\"fields\":{\"client\":[\"130\"]}}},\"6\":\"#59d8d8\",\"38\":[\"4\",\"77\",\"28\"],\"3\":[\"183\"],\"46\":{\"78\":{\"type\":\"offeredServices\",\"enabled\":\"1\",\"fields\":{\"serviceType\":\"Strategy\",\"service\":{\"79\":{\"type\":\"3\",\"fields\":{\"service\":\"Branding\"}},\"80\":{\"type\":\"3\",\"fields\":{\"service\":\"Content\"}},\"81\":{\"type\":\"3\",\"fields\":{\"service\":\"Social\"}},\"82\":{\"type\":\"3\",\"fields\":{\"service\":\"Digital\"}}}}},\"83\":{\"type\":\"offeredServices\",\"enabled\":\"1\",\"fields\":{\"serviceType\":\"Design\",\"service\":{\"84\":{\"type\":\"3\",\"fields\":{\"service\":\"Identity\"}},\"85\":{\"type\":\"3\",\"fields\":{\"service\":\"Style Guidelines\"}},\"86\":{\"type\":\"3\",\"fields\":{\"service\":\"Print\\/OOH\"}},\"87\":{\"type\":\"3\",\"fields\":{\"service\":\"UX\\/UI\"}}}}},\"88\":{\"type\":\"offeredServices\",\"enabled\":\"1\",\"fields\":{\"serviceType\":\"Content\",\"service\":{\"89\":{\"type\":\"3\",\"fields\":{\"service\":\"Film\\/Video\"}},\"90\":{\"type\":\"3\",\"fields\":{\"service\":\"Animation\"}},\"91\":{\"type\":\"3\",\"fields\":{\"service\":\"Product\\/Lifestyle Photography\"}},\"92\":{\"type\":\"3\",\"fields\":{\"service\":\"Copywriting\"}}}}}},\"50\":\"#000000\",\"40\":{\"93\":{\"type\":\"service\",\"enabled\":\"1\",\"fields\":{\"copy\":\"We believe that open-hearted collaboration allows us to be in the right place to tell the right story on the channels that matter most.\",\"color\":\"#915c64\",\"image\":[\"20\"],\"imageVerticalPosition\":\"top\",\"imageHorizontalPosition\":\"left\"}},\"94\":{\"type\":\"service\",\"enabled\":\"1\",\"fields\":{\"copy\":\"That a unique balance of hunger and humility enables our imagination to be boundless.\",\"color\":\"#293776\",\"image\":[\"59\"],\"imageVerticalPosition\":\"top\",\"imageHorizontalPosition\":\"left\"}},\"95\":{\"type\":\"service\",\"enabled\":\"1\",\"fields\":{\"copy\":\"Bold, honest, and always capable, our ideas empower brands to speak with creativity and heart.\",\"color\":\"#5632ff\",\"image\":[\"21\"],\"imageVerticalPosition\":\"top\",\"imageHorizontalPosition\":\"left\"}}},\"7\":[\"184\"]}}', '2017-09-04 00:00:23', '2017-09-04 00:00:23', 'c29eb60b-92c4-4416-b366-f189351431c2'),
 ('65', '77', '2', '75', 'en_us', '6', '', '{\"typeId\":\"2\",\"authorId\":\"75\",\"title\":\"Instagram\",\"slug\":\"instagram\",\"postDate\":1503364800,\"expiryDate\":null,\"enabled\":1,\"parentId\":null,\"fields\":{\"6\":\"#6ed0f0\",\"4\":\"<p>We backpacked for four months around the world to shoot a series for <a href=\\\"http:\\/\\/bokeh.agency\\/projects\\/instagram#entry:77:url\\\"><\\/a><a href=\\\"http:\\/\\/bokeh.agency\\/projects\\/instagram#entry:77:url\\\">Instagram<\\/a>.<\\/p>\",\"8\":\"left\",\"3\":[\"185\"],\"5\":\"Intro Paraggraph\",\"10\":\"\",\"2\":\"\",\"9\":\"top\"}}', '2017-09-04 00:03:54', '2017-09-04 00:03:54', '3e04cde7-d524-41b9-8ce1-e6cf6e519aff'),
 ('66', '77', '2', '75', 'en_us', '7', '', '{\"typeId\":\"2\",\"authorId\":\"75\",\"title\":\"Instagram\",\"slug\":\"instagram\",\"postDate\":1503364800,\"expiryDate\":null,\"enabled\":1,\"parentId\":null,\"fields\":{\"6\":\"#6ed0f0\",\"4\":\"<p>We backpacked for four months around the world to shoot a series for <a href=\\\"http:\\/\\/bokeh.agency\\/projects\\/instagram#entry:77:url\\\"><\\/a><a href=\\\"http:\\/\\/bokeh.agency\\/projects\\/instagram#entry:77:url\\\">Instagram<\\/a>.<\\/p>\",\"8\":\"left\",\"3\":[\"29\"],\"5\":\"Intro Paraggraph\",\"10\":\"\",\"2\":\"\",\"9\":\"top\"}}', '2017-09-04 00:09:05', '2017-09-04 00:09:05', '88f06681-893e-4ab5-94f4-e699ba454233'),
 ('67', '2', '1', '75', 'en_us', '23', '', '{\"typeId\":null,\"authorId\":null,\"title\":\"Welcome\",\"slug\":\"homepage\",\"postDate\":1502679916,\"expiryDate\":null,\"enabled\":1,\"parentId\":null,\"fields\":{\"1\":\"<p>A creative partner for brands ready to move at the speed of inspiration.<\\/p>\",\"51\":\"We\'ve worked with some of the best teams in the world, and are proud to call these clients our partners and friends\",\"52\":{\"131\":{\"type\":\"clientLogo\",\"enabled\":\"1\",\"fields\":{\"client\":[\"120\"]}},\"132\":{\"type\":\"clientLogo\",\"enabled\":\"1\",\"fields\":{\"client\":[\"117\"]}},\"133\":{\"type\":\"clientLogo\",\"enabled\":\"1\",\"fields\":{\"client\":[\"121\"]}},\"134\":{\"type\":\"clientLogo\",\"enabled\":\"1\",\"fields\":{\"client\":[\"128\"]}},\"135\":{\"type\":\"clientLogo\",\"enabled\":\"1\",\"fields\":{\"client\":[\"127\"]}},\"136\":{\"type\":\"clientLogo\",\"enabled\":\"1\",\"fields\":{\"client\":[\"129\"]}},\"137\":{\"type\":\"clientLogo\",\"enabled\":\"1\",\"fields\":{\"client\":[\"122\"]}},\"138\":{\"type\":\"clientLogo\",\"enabled\":\"1\",\"fields\":{\"client\":[\"125\"]}},\"139\":{\"type\":\"clientLogo\",\"enabled\":\"1\",\"fields\":{\"client\":[\"126\"]}},\"140\":{\"type\":\"clientLogo\",\"enabled\":\"1\",\"fields\":{\"client\":[\"123\"]}},\"141\":{\"type\":\"clientLogo\",\"enabled\":\"1\",\"fields\":{\"client\":[\"118\"]}},\"142\":{\"type\":\"clientLogo\",\"enabled\":\"1\",\"fields\":{\"client\":[\"145\"]}},\"143\":{\"type\":\"clientLogo\",\"enabled\":\"1\",\"fields\":{\"client\":[\"124\"]}},\"144\":{\"type\":\"clientLogo\",\"enabled\":\"1\",\"fields\":{\"client\":[\"130\"]}}},\"6\":\"#59d8d8\",\"38\":[\"4\",\"77\",\"28\"],\"3\":[\"183\"],\"46\":{\"78\":{\"type\":\"offeredServices\",\"enabled\":\"1\",\"fields\":{\"serviceType\":\"Strategy\",\"service\":{\"79\":{\"type\":\"3\",\"fields\":{\"service\":\"Branding\"}},\"80\":{\"type\":\"3\",\"fields\":{\"service\":\"Content\"}},\"81\":{\"type\":\"3\",\"fields\":{\"service\":\"Social\"}},\"82\":{\"type\":\"3\",\"fields\":{\"service\":\"Digital\"}}}}},\"83\":{\"type\":\"offeredServices\",\"enabled\":\"1\",\"fields\":{\"serviceType\":\"Design\",\"service\":{\"84\":{\"type\":\"3\",\"fields\":{\"service\":\"Identity\"}},\"85\":{\"type\":\"3\",\"fields\":{\"service\":\"Style Guidelines\"}},\"86\":{\"type\":\"3\",\"fields\":{\"service\":\"Print\\/OOH\"}},\"87\":{\"type\":\"3\",\"fields\":{\"service\":\"UX\\/UI\"}}}}},\"88\":{\"type\":\"offeredServices\",\"enabled\":\"1\",\"fields\":{\"serviceType\":\"Content\",\"service\":{\"89\":{\"type\":\"3\",\"fields\":{\"service\":\"Film\\/Video\"}},\"90\":{\"type\":\"3\",\"fields\":{\"service\":\"Animation\"}},\"91\":{\"type\":\"3\",\"fields\":{\"service\":\"Product\\/Lifestyle Photography\"}},\"92\":{\"type\":\"3\",\"fields\":{\"service\":\"Copywriting\"}}}}}},\"50\":\"#000000\",\"40\":{\"93\":{\"type\":\"service\",\"enabled\":\"1\",\"fields\":{\"copy\":\"We believe that open-hearted collaboration allows us to be in the right place to tell the right story on the channels that matter most.\",\"color\":\"#915c64\",\"image\":[\"20\"],\"imageVerticalPosition\":\"top\",\"imageHorizontalPosition\":\"left\"}},\"94\":{\"type\":\"service\",\"enabled\":\"1\",\"fields\":{\"copy\":\"That a unique balance of hunger and humility enables our imagination to be boundless.\",\"color\":\"#293776\",\"image\":[\"59\"],\"imageVerticalPosition\":\"top\",\"imageHorizontalPosition\":\"left\"}},\"95\":{\"type\":\"service\",\"enabled\":\"1\",\"fields\":{\"copy\":\"Bold, honest, and always capable, our ideas empower brands to speak with creativity and heart.\",\"color\":\"#5632ff\",\"image\":[\"21\"],\"imageVerticalPosition\":\"top\",\"imageHorizontalPosition\":\"left\"}}},\"7\":[\"186\"]}}', '2017-09-04 00:24:09', '2017-09-04 00:24:09', '3254c653-ff83-4376-9bfa-1f9b4fc9b838'),
 ('68', '28', '2', '75', 'en_us', '19', '', '{\"typeId\":\"2\",\"authorId\":\"1\",\"title\":\"Philz Coffee\",\"slug\":\"philz-coffee\",\"postDate\":1502594280,\"expiryDate\":null,\"enabled\":1,\"parentId\":null,\"fields\":{\"6\":\"#6ac1c5\",\"4\":\"<p>We cold called <a href=\\\"http:\\/\\/bokeh.agency\\/projects\\/philz-coffee#entry:28:url\\\">Philz Coffee<\\/a> to complain about their logo, and they let us do a rebrand.<\\/p>\",\"8\":\"center\",\"3\":[\"187\"],\"5\":\"This is an intro paragraph\",\"10\":{\"32\":{\"type\":\"text\",\"enabled\":\"1\",\"fields\":{\"copy\":\"<h2>Heading Two<\\/h2>\\r\\n<p>Topping toffee bonbon gingerbread souffl\\u00e9. Tootsie roll cupcake gummi bears drag\\u00e9e chocolate. Liquorice chocolate bar wafer donut souffl\\u00e9. Gummies dessert croissant. Bonbon cake marshmallow liquorice. Cotton candy gummies cupcake sweet. Donut dessert brownie croissant sweet.<\\/p>\"}},\"35\":{\"type\":\"inlineImage\",\"enabled\":\"1\",\"fields\":{\"image\":[\"56\"],\"caption\":\"\"}},\"33\":{\"type\":\"quote\",\"enabled\":\"1\",\"fields\":{\"quote\":\"Jelly beans apple pie pie ice cream tiramisu jelly-o chupa chups tootsie roll. Jujubes biscuit brownie carrot cake. Lollipop tart marzipan pastry sugar plum.\",\"avatar\":[\"57\"],\"personsName\":\"John Doe\",\"jobTitle\":\"Coffee Lover\"}},\"34\":{\"type\":\"video\",\"enabled\":\"1\",\"fields\":{\"videoUrl\":\"https:\\/\\/www.youtube.com\\/watch?v=wxLUj1Mrars\",\"caption\":\"Caption\"}},\"50\":{\"type\":\"text\",\"enabled\":\"1\",\"fields\":{\"copy\":\"<p>Gingerbread sweet roll danish marshmallow lemon drops cake halvah chupa chups cake. Macaroon tart liquorice cake.<a href=\\\"\\/\\/google.ca\\\">This is a link<\\/a>. Biscuit pastry cake muffin chocolate bar. Gummies bear claw bonbon candy canes danish powder jelly wafer. Jelly pie gingerbread. Jelly brownie pudding gummies chocolate cake cupcake brownie danish gummies. Liquorice gingerbread souffl\\u00e9.<\\/p>\"}},\"36\":{\"type\":\"fullWidthImage\",\"enabled\":\"1\",\"fields\":{\"image\":[\"57\"],\"caption\":\"Coffee Beanz\"}},\"51\":{\"type\":\"text\",\"enabled\":\"1\",\"fields\":{\"copy\":\"<p>Sugar plum croissant drag\\u00e9e oat cake pudding chocolate jelly-o cake cupcake. Pudding bonbon lemon drops chupa chups. Drag\\u00e9e jelly gummi bears gummies donut gummies. Jujubes cotton candy apple pie muffin. Sweet liquorice cake gummies bear claw. Marzipan tootsie roll marzipan muffin toffee gummi bears marzipan cake jelly beans. Donut chupa chups cake topping sesame snaps dessert biscuit brownie. Croissant carrot cake topping pudding powder donut. Tiramisu cupcake souffl\\u00e9 biscuit cake chocolate bar drag\\u00e9e danish chocolate cake. Pudding souffl\\u00e9 bonbon bear claw souffl\\u00e9 cotton candy tart.<\\/p>\"}},\"37\":{\"type\":\"twoUpImages\",\"enabled\":\"1\",\"fields\":{\"firstImage\":[\"29\"],\"secondImage\":[\"29\"]}},\"52\":{\"type\":\"text\",\"enabled\":\"1\",\"fields\":{\"copy\":\"<p>Souffl\\u00e9 macaroon cake donut cotton candy jelly bear claw. Topping toffee cotton candy macaroon danish sugar plum carrot cake. Pudding powder biscuit. Liquorice toffee cupcake macaroon sesame snaps jujubes tiramisu. Candy canes powder apple pie souffl\\u00e9 lollipop oat cake. Sugar plum cheesecake chocolate. Liquorice sweet roll souffl\\u00e9 chocolate cake bear claw sweet roll.<\\/p>\"}},\"38\":{\"type\":\"threeUpImages\",\"enabled\":\"1\",\"fields\":{\"firstImage\":[\"72\"],\"secondImage\":[\"19\"],\"thirdImage\":[\"19\"]}},\"53\":{\"type\":\"text\",\"enabled\":\"1\",\"fields\":{\"copy\":\"<h1>Heading One<\\/h1>\\r\\n<p>Candy canes souffl\\u00e9 apple pie sweet roll. Bear claw halvah jelly beans pie danish jelly ice cream. Dessert cookie macaroon tootsie roll drag\\u00e9e. Sweet roll pastry muffin marzipan liquorice chocolate ice cream oat cake sweet. Tart tart fruitcake. Gingerbread chocolate bar sweet roll cotton candy cookie donut oat cake halvah. Chocolate sesame snaps apple pie sweet tart cookie. Candy canes bonbon candy icing drag\\u00e9e cake chocolate danish pastry. Liquorice croissant lollipop chocolate macaroon sweet.<\\/p>\"}},\"39\":{\"type\":\"fiveUpImages\",\"enabled\":\"1\",\"fields\":{\"firstImage\":[\"71\"],\"secondImage\":[\"74\"],\"thirdImage\":[\"70\"],\"fourthImage\":[\"74\"],\"fifthImage\":[\"71\"]}},\"54\":{\"type\":\"text\",\"enabled\":\"1\",\"fields\":{\"copy\":\"<p>Caramels lollipop oat cake. Chupa chups candy gummies ice cream jujubes carrot cake. Powder halvah candy canes. Fruitcake pudding pastry brownie tart. Souffl\\u00e9 caramels tiramisu wafer marshmallow carrot cake. Bonbon topping souffl\\u00e9 caramels. Topping sugar plum sesame snaps lollipop wafer carrot cake chocolate. Cake chocolate bar cake sweet. Apple pie brownie macaroon tiramisu tart powder sweet roll bonbon. Gummies biscuit candy canes sugar plum cupcake drag\\u00e9e toffee muffin topping.<\\/p>\"}},\"40\":{\"type\":\"videoCarousel\",\"enabled\":\"1\",\"fields\":{\"video\":{\"41\":{\"type\":\"1\",\"fields\":{\"video\":\"https:\\/\\/vimeo.com\\/230046783\",\"caption\":\"\"}},\"42\":{\"type\":\"1\",\"fields\":{\"video\":\"https:\\/\\/vimeo.com\\/124346309\",\"caption\":\"\"}},\"43\":{\"type\":\"1\",\"fields\":{\"video\":\"https:\\/\\/vimeo.com\\/230046783\",\"caption\":\"\"}},\"44\":{\"type\":\"1\",\"fields\":{\"video\":\"https:\\/\\/vimeo.com\\/124346309\",\"caption\":\"\"}}}}},\"55\":{\"type\":\"text\",\"enabled\":\"1\",\"fields\":{\"copy\":\"<p>Cheesecake cupcake lollipop muffin. Cheesecake icing wafer jujubes lollipop muffin sweet chocolate bar drag\\u00e9e. Cake chupa chups chocolate muffin jelly bear claw. Tart jelly toffee pastry cake. Icing ice cream bear claw. Caramels souffl\\u00e9 bonbon chocolate marshmallow. Icing carrot cake jujubes dessert cookie.<\\/p>\"}},\"64\":{\"type\":\"imageCarousel\",\"enabled\":\"1\",\"fields\":{\"image\":{\"65\":{\"type\":\"2\",\"fields\":{\"image\":[\"58\"],\"caption\":\"\"}},\"66\":{\"type\":\"2\",\"fields\":{\"image\":[\"59\"],\"caption\":\"\"}},\"67\":{\"type\":\"2\",\"fields\":{\"image\":[\"60\"],\"caption\":\"\"}},\"68\":{\"type\":\"2\",\"fields\":{\"image\":[\"61\"],\"caption\":\"\"}},\"69\":{\"type\":\"2\",\"fields\":{\"image\":[\"62\"],\"caption\":\"\"}}}}}},\"2\":\"\",\"9\":\"center\"}}', '2017-09-04 00:26:17', '2017-09-04 00:26:17', '1bb4dfdd-2955-4abb-a416-256ca7cb4b5a'),
 ('69', '28', '2', '75', 'en_us', '20', '', '{\"typeId\":\"2\",\"authorId\":\"1\",\"title\":\"Philz Coffee\",\"slug\":\"philz-coffee\",\"postDate\":1502594280,\"expiryDate\":null,\"enabled\":1,\"parentId\":null,\"fields\":{\"6\":\"#995b63\",\"4\":\"<p>We cold called <a href=\\\"http:\\/\\/bokeh.agency\\/projects\\/philz-coffee#entry:28:url\\\">Philz Coffee<\\/a> to complain about their logo, and they let us do a rebrand.<\\/p>\",\"8\":\"center\",\"3\":[\"187\"],\"5\":\"This is an intro paragraph\",\"10\":{\"32\":{\"type\":\"text\",\"enabled\":\"1\",\"fields\":{\"copy\":\"<h2>Heading Two<\\/h2>\\r\\n<p>Topping toffee bonbon gingerbread souffl\\u00e9. Tootsie roll cupcake gummi bears drag\\u00e9e chocolate. Liquorice chocolate bar wafer donut souffl\\u00e9. Gummies dessert croissant. Bonbon cake marshmallow liquorice. Cotton candy gummies cupcake sweet. Donut dessert brownie croissant sweet.<\\/p>\"}},\"35\":{\"type\":\"inlineImage\",\"enabled\":\"1\",\"fields\":{\"image\":[\"56\"],\"caption\":\"\"}},\"33\":{\"type\":\"quote\",\"enabled\":\"1\",\"fields\":{\"quote\":\"Jelly beans apple pie pie ice cream tiramisu jelly-o chupa chups tootsie roll. Jujubes biscuit brownie carrot cake. Lollipop tart marzipan pastry sugar plum.\",\"avatar\":[\"57\"],\"personsName\":\"John Doe\",\"jobTitle\":\"Coffee Lover\"}},\"34\":{\"type\":\"video\",\"enabled\":\"1\",\"fields\":{\"videoUrl\":\"https:\\/\\/www.youtube.com\\/watch?v=wxLUj1Mrars\",\"caption\":\"Caption\"}},\"50\":{\"type\":\"text\",\"enabled\":\"1\",\"fields\":{\"copy\":\"<p>Gingerbread sweet roll danish marshmallow lemon drops cake halvah chupa chups cake. Macaroon tart liquorice cake.<a href=\\\"\\/\\/google.ca\\\">This is a link<\\/a>. Biscuit pastry cake muffin chocolate bar. Gummies bear claw bonbon candy canes danish powder jelly wafer. Jelly pie gingerbread. Jelly brownie pudding gummies chocolate cake cupcake brownie danish gummies. Liquorice gingerbread souffl\\u00e9.<\\/p>\"}},\"36\":{\"type\":\"fullWidthImage\",\"enabled\":\"1\",\"fields\":{\"image\":[\"57\"],\"caption\":\"Coffee Beanz\"}},\"51\":{\"type\":\"text\",\"enabled\":\"1\",\"fields\":{\"copy\":\"<p>Sugar plum croissant drag\\u00e9e oat cake pudding chocolate jelly-o cake cupcake. Pudding bonbon lemon drops chupa chups. Drag\\u00e9e jelly gummi bears gummies donut gummies. Jujubes cotton candy apple pie muffin. Sweet liquorice cake gummies bear claw. Marzipan tootsie roll marzipan muffin toffee gummi bears marzipan cake jelly beans. Donut chupa chups cake topping sesame snaps dessert biscuit brownie. Croissant carrot cake topping pudding powder donut. Tiramisu cupcake souffl\\u00e9 biscuit cake chocolate bar drag\\u00e9e danish chocolate cake. Pudding souffl\\u00e9 bonbon bear claw souffl\\u00e9 cotton candy tart.<\\/p>\"}},\"37\":{\"type\":\"twoUpImages\",\"enabled\":\"1\",\"fields\":{\"firstImage\":[\"29\"],\"secondImage\":[\"29\"]}},\"52\":{\"type\":\"text\",\"enabled\":\"1\",\"fields\":{\"copy\":\"<p>Souffl\\u00e9 macaroon cake donut cotton candy jelly bear claw. Topping toffee cotton candy macaroon danish sugar plum carrot cake. Pudding powder biscuit. Liquorice toffee cupcake macaroon sesame snaps jujubes tiramisu. Candy canes powder apple pie souffl\\u00e9 lollipop oat cake. Sugar plum cheesecake chocolate. Liquorice sweet roll souffl\\u00e9 chocolate cake bear claw sweet roll.<\\/p>\"}},\"38\":{\"type\":\"threeUpImages\",\"enabled\":\"1\",\"fields\":{\"firstImage\":[\"72\"],\"secondImage\":[\"19\"],\"thirdImage\":[\"19\"]}},\"53\":{\"type\":\"text\",\"enabled\":\"1\",\"fields\":{\"copy\":\"<h1>Heading One<\\/h1>\\r\\n<p>Candy canes souffl\\u00e9 apple pie sweet roll. Bear claw halvah jelly beans pie danish jelly ice cream. Dessert cookie macaroon tootsie roll drag\\u00e9e. Sweet roll pastry muffin marzipan liquorice chocolate ice cream oat cake sweet. Tart tart fruitcake. Gingerbread chocolate bar sweet roll cotton candy cookie donut oat cake halvah. Chocolate sesame snaps apple pie sweet tart cookie. Candy canes bonbon candy icing drag\\u00e9e cake chocolate danish pastry. Liquorice croissant lollipop chocolate macaroon sweet.<\\/p>\"}},\"39\":{\"type\":\"fiveUpImages\",\"enabled\":\"1\",\"fields\":{\"firstImage\":[\"71\"],\"secondImage\":[\"74\"],\"thirdImage\":[\"70\"],\"fourthImage\":[\"74\"],\"fifthImage\":[\"71\"]}},\"54\":{\"type\":\"text\",\"enabled\":\"1\",\"fields\":{\"copy\":\"<p>Caramels lollipop oat cake. Chupa chups candy gummies ice cream jujubes carrot cake. Powder halvah candy canes. Fruitcake pudding pastry brownie tart. Souffl\\u00e9 caramels tiramisu wafer marshmallow carrot cake. Bonbon topping souffl\\u00e9 caramels. Topping sugar plum sesame snaps lollipop wafer carrot cake chocolate. Cake chocolate bar cake sweet. Apple pie brownie macaroon tiramisu tart powder sweet roll bonbon. Gummies biscuit candy canes sugar plum cupcake drag\\u00e9e toffee muffin topping.<\\/p>\"}},\"40\":{\"type\":\"videoCarousel\",\"enabled\":\"1\",\"fields\":{\"video\":{\"41\":{\"type\":\"1\",\"fields\":{\"video\":\"https:\\/\\/vimeo.com\\/230046783\",\"caption\":\"\"}},\"42\":{\"type\":\"1\",\"fields\":{\"video\":\"https:\\/\\/vimeo.com\\/124346309\",\"caption\":\"\"}},\"43\":{\"type\":\"1\",\"fields\":{\"video\":\"https:\\/\\/vimeo.com\\/230046783\",\"caption\":\"\"}},\"44\":{\"type\":\"1\",\"fields\":{\"video\":\"https:\\/\\/vimeo.com\\/124346309\",\"caption\":\"\"}}}}},\"55\":{\"type\":\"text\",\"enabled\":\"1\",\"fields\":{\"copy\":\"<p>Cheesecake cupcake lollipop muffin. Cheesecake icing wafer jujubes lollipop muffin sweet chocolate bar drag\\u00e9e. Cake chupa chups chocolate muffin jelly bear claw. Tart jelly toffee pastry cake. Icing ice cream bear claw. Caramels souffl\\u00e9 bonbon chocolate marshmallow. Icing carrot cake jujubes dessert cookie.<\\/p>\"}},\"64\":{\"type\":\"imageCarousel\",\"enabled\":\"1\",\"fields\":{\"image\":{\"65\":{\"type\":\"2\",\"fields\":{\"image\":[\"58\"],\"caption\":\"\"}},\"66\":{\"type\":\"2\",\"fields\":{\"image\":[\"59\"],\"caption\":\"\"}},\"67\":{\"type\":\"2\",\"fields\":{\"image\":[\"60\"],\"caption\":\"\"}},\"68\":{\"type\":\"2\",\"fields\":{\"image\":[\"61\"],\"caption\":\"\"}},\"69\":{\"type\":\"2\",\"fields\":{\"image\":[\"62\"],\"caption\":\"\"}}}}}},\"2\":\"\",\"9\":\"center\"}}', '2017-09-04 00:28:00', '2017-09-04 00:28:00', '843b2d61-5a14-41e0-9de4-25bf2f384402'),
 ('70', '2', '1', '75', 'en_us', '24', '', '{\"typeId\":null,\"authorId\":null,\"title\":\"Welcome\",\"slug\":\"homepage\",\"postDate\":1502679916,\"expiryDate\":null,\"enabled\":1,\"parentId\":null,\"fields\":{\"1\":\"<p>A creative partner for brands ready to move at the speed of inspiration.<\\/p>\",\"51\":\"We\'ve worked with some of the best teams in the world, and are proud to call these clients our partners and friends\",\"52\":{\"131\":{\"type\":\"clientLogo\",\"enabled\":\"1\",\"fields\":{\"client\":[\"120\"]}},\"132\":{\"type\":\"clientLogo\",\"enabled\":\"1\",\"fields\":{\"client\":[\"117\"]}},\"133\":{\"type\":\"clientLogo\",\"enabled\":\"1\",\"fields\":{\"client\":[\"121\"]}},\"134\":{\"type\":\"clientLogo\",\"enabled\":\"1\",\"fields\":{\"client\":[\"128\"]}},\"135\":{\"type\":\"clientLogo\",\"enabled\":\"1\",\"fields\":{\"client\":[\"127\"]}},\"136\":{\"type\":\"clientLogo\",\"enabled\":\"1\",\"fields\":{\"client\":[\"129\"]}},\"137\":{\"type\":\"clientLogo\",\"enabled\":\"1\",\"fields\":{\"client\":[\"122\"]}},\"138\":{\"type\":\"clientLogo\",\"enabled\":\"1\",\"fields\":{\"client\":[\"125\"]}},\"139\":{\"type\":\"clientLogo\",\"enabled\":\"1\",\"fields\":{\"client\":[\"126\"]}},\"140\":{\"type\":\"clientLogo\",\"enabled\":\"1\",\"fields\":{\"client\":[\"123\"]}},\"141\":{\"type\":\"clientLogo\",\"enabled\":\"1\",\"fields\":{\"client\":[\"118\"]}},\"142\":{\"type\":\"clientLogo\",\"enabled\":\"1\",\"fields\":{\"client\":[\"145\"]}},\"143\":{\"type\":\"clientLogo\",\"enabled\":\"1\",\"fields\":{\"client\":[\"124\"]}},\"144\":{\"type\":\"clientLogo\",\"enabled\":\"1\",\"fields\":{\"client\":[\"130\"]}}},\"6\":\"#fab300\",\"38\":[\"4\",\"77\",\"28\"],\"3\":[\"183\"],\"46\":{\"78\":{\"type\":\"offeredServices\",\"enabled\":\"1\",\"fields\":{\"serviceType\":\"Strategy\",\"service\":{\"79\":{\"type\":\"3\",\"fields\":{\"service\":\"Branding\"}},\"80\":{\"type\":\"3\",\"fields\":{\"service\":\"Content\"}},\"81\":{\"type\":\"3\",\"fields\":{\"service\":\"Social\"}},\"82\":{\"type\":\"3\",\"fields\":{\"service\":\"Digital\"}}}}},\"83\":{\"type\":\"offeredServices\",\"enabled\":\"1\",\"fields\":{\"serviceType\":\"Design\",\"service\":{\"84\":{\"type\":\"3\",\"fields\":{\"service\":\"Identity\"}},\"85\":{\"type\":\"3\",\"fields\":{\"service\":\"Style Guidelines\"}},\"86\":{\"type\":\"3\",\"fields\":{\"service\":\"Print\\/OOH\"}},\"87\":{\"type\":\"3\",\"fields\":{\"service\":\"UX\\/UI\"}}}}},\"88\":{\"type\":\"offeredServices\",\"enabled\":\"1\",\"fields\":{\"serviceType\":\"Content\",\"service\":{\"89\":{\"type\":\"3\",\"fields\":{\"service\":\"Film\\/Video\"}},\"90\":{\"type\":\"3\",\"fields\":{\"service\":\"Animation\"}},\"91\":{\"type\":\"3\",\"fields\":{\"service\":\"Product\\/Lifestyle Photography\"}},\"92\":{\"type\":\"3\",\"fields\":{\"service\":\"Copywriting\"}}}}}},\"50\":\"#000000\",\"40\":{\"93\":{\"type\":\"service\",\"enabled\":\"1\",\"fields\":{\"copy\":\"We believe that open-hearted collaboration allows us to be in the right place to tell the right story on the channels that matter most.\",\"color\":\"#915c64\",\"image\":[\"20\"],\"imageVerticalPosition\":\"top\",\"imageHorizontalPosition\":\"left\"}},\"94\":{\"type\":\"service\",\"enabled\":\"1\",\"fields\":{\"copy\":\"That a unique balance of hunger and humility enables our imagination to be boundless.\",\"color\":\"#293776\",\"image\":[\"59\"],\"imageVerticalPosition\":\"top\",\"imageHorizontalPosition\":\"left\"}},\"95\":{\"type\":\"service\",\"enabled\":\"1\",\"fields\":{\"copy\":\"Bold, honest, and always capable, our ideas empower brands to speak with creativity and heart.\",\"color\":\"#5632ff\",\"image\":[\"21\"],\"imageVerticalPosition\":\"top\",\"imageHorizontalPosition\":\"left\"}}},\"7\":[\"186\"]}}', '2017-09-04 00:28:29', '2017-09-04 00:28:29', '6becca05-6d20-4a8b-8aea-612efd9b77f4'),
 ('71', '2', '1', '75', 'en_us', '25', '', '{\"typeId\":null,\"authorId\":null,\"title\":\"Welcome\",\"slug\":\"homepage\",\"postDate\":1502679916,\"expiryDate\":null,\"enabled\":1,\"parentId\":null,\"fields\":{\"1\":\"<p>A creative partner for brands ready to move at the speed of inspiration.<\\/p>\",\"51\":\"We\'ve worked with some of the best teams in the world, and are proud to call these clients our partners and friends\",\"52\":{\"131\":{\"type\":\"clientLogo\",\"enabled\":\"1\",\"fields\":{\"client\":[\"120\"]}},\"132\":{\"type\":\"clientLogo\",\"enabled\":\"1\",\"fields\":{\"client\":[\"117\"]}},\"133\":{\"type\":\"clientLogo\",\"enabled\":\"1\",\"fields\":{\"client\":[\"121\"]}},\"134\":{\"type\":\"clientLogo\",\"enabled\":\"1\",\"fields\":{\"client\":[\"128\"]}},\"135\":{\"type\":\"clientLogo\",\"enabled\":\"1\",\"fields\":{\"client\":[\"127\"]}},\"136\":{\"type\":\"clientLogo\",\"enabled\":\"1\",\"fields\":{\"client\":[\"129\"]}},\"137\":{\"type\":\"clientLogo\",\"enabled\":\"1\",\"fields\":{\"client\":[\"122\"]}},\"138\":{\"type\":\"clientLogo\",\"enabled\":\"1\",\"fields\":{\"client\":[\"125\"]}},\"139\":{\"type\":\"clientLogo\",\"enabled\":\"1\",\"fields\":{\"client\":[\"126\"]}},\"140\":{\"type\":\"clientLogo\",\"enabled\":\"1\",\"fields\":{\"client\":[\"123\"]}},\"141\":{\"type\":\"clientLogo\",\"enabled\":\"1\",\"fields\":{\"client\":[\"118\"]}},\"142\":{\"type\":\"clientLogo\",\"enabled\":\"1\",\"fields\":{\"client\":[\"145\"]}},\"143\":{\"type\":\"clientLogo\",\"enabled\":\"1\",\"fields\":{\"client\":[\"124\"]}},\"144\":{\"type\":\"clientLogo\",\"enabled\":\"1\",\"fields\":{\"client\":[\"130\"]}}},\"6\":\"#fab300\",\"38\":[\"4\",\"77\",\"28\"],\"3\":\"\",\"46\":{\"78\":{\"type\":\"offeredServices\",\"enabled\":\"1\",\"fields\":{\"serviceType\":\"Strategy\",\"service\":{\"79\":{\"type\":\"3\",\"fields\":{\"service\":\"Branding\"}},\"80\":{\"type\":\"3\",\"fields\":{\"service\":\"Content\"}},\"81\":{\"type\":\"3\",\"fields\":{\"service\":\"Social\"}},\"82\":{\"type\":\"3\",\"fields\":{\"service\":\"Digital\"}}}}},\"83\":{\"type\":\"offeredServices\",\"enabled\":\"1\",\"fields\":{\"serviceType\":\"Design\",\"service\":{\"84\":{\"type\":\"3\",\"fields\":{\"service\":\"Identity\"}},\"85\":{\"type\":\"3\",\"fields\":{\"service\":\"Style Guidelines\"}},\"86\":{\"type\":\"3\",\"fields\":{\"service\":\"Print\\/OOH\"}},\"87\":{\"type\":\"3\",\"fields\":{\"service\":\"UX\\/UI\"}}}}},\"88\":{\"type\":\"offeredServices\",\"enabled\":\"1\",\"fields\":{\"serviceType\":\"Content\",\"service\":{\"89\":{\"type\":\"3\",\"fields\":{\"service\":\"Film\\/Video\"}},\"90\":{\"type\":\"3\",\"fields\":{\"service\":\"Animation\"}},\"91\":{\"type\":\"3\",\"fields\":{\"service\":\"Product\\/Lifestyle Photography\"}},\"92\":{\"type\":\"3\",\"fields\":{\"service\":\"Copywriting\"}}}}}},\"50\":\"#000000\",\"40\":{\"93\":{\"type\":\"service\",\"enabled\":\"1\",\"fields\":{\"copy\":\"We believe that open-hearted collaboration allows us to be in the right place to tell the right story on the channels that matter most.\",\"color\":\"#915c64\",\"image\":[\"20\"],\"imageVerticalPosition\":\"top\",\"imageHorizontalPosition\":\"left\"}},\"94\":{\"type\":\"service\",\"enabled\":\"1\",\"fields\":{\"copy\":\"That a unique balance of hunger and humility enables our imagination to be boundless.\",\"color\":\"#293776\",\"image\":[\"59\"],\"imageVerticalPosition\":\"top\",\"imageHorizontalPosition\":\"left\"}},\"95\":{\"type\":\"service\",\"enabled\":\"1\",\"fields\":{\"copy\":\"Bold, honest, and always capable, our ideas empower brands to speak with creativity and heart.\",\"color\":\"#5632ff\",\"image\":[\"21\"],\"imageVerticalPosition\":\"top\",\"imageHorizontalPosition\":\"left\"}}},\"7\":[\"186\"]}}', '2017-09-04 00:28:39', '2017-09-04 00:28:39', '1e32671a-a393-4929-bc06-2fe810c6350f'),
 ('72', '4', '2', '75', 'en_us', '18', '', '{\"typeId\":\"2\",\"authorId\":\"1\",\"title\":\"Airbnb\",\"slug\":\"airbnb\",\"postDate\":1502508000,\"expiryDate\":null,\"enabled\":1,\"parentId\":null,\"fields\":{\"6\":\"#fa3517\",\"4\":\"<p><strong>The campaign that <em>\\u201c<\\/em><em>brought the house down<\\/em><em>\\u201d<\\/em>&nbsp;at <a href=\\\"http:\\/\\/bokeh.agency\\/projects\\/airbnb#entry:4:url\\\">Airbnb<\\/a>.<\\/strong><\\/p>\",\"8\":\"center\",\"3\":[\"182\"],\"5\":\"On November 17, 2016, Airbnb announced the largest product expansion in its history. Just five weeks earlier, Bokeh was asked to join its sprint to the finish line.\",\"10\":{\"146\":{\"type\":\"quote\",\"enabled\":\"1\",\"fields\":{\"quote\":\"\\u201cThis film brought the house down. I cannot imagine now having done this without it.\\u201d\",\"avatar\":[\"73\"],\"personsName\":\"Brian Chesky\",\"jobTitle\":\"CEO of Airbnb\"}},\"147\":{\"type\":\"text\",\"enabled\":\"1\",\"fields\":{\"copy\":\"<p><strong>Mission:<\\/strong><\\/p>\\r\\n<p>On November 17, 2016, Airbnb announced the largest product expansion in its history. Just five weeks earlier, Bokeh was asked to join its sprint to the finish line.<\\/p>\\r\\n<p>Working alongside engineering, brand, product marketing, art, and C-level teams, we developed a dizzying amount of content to educate users on new features, advertise and build awareness on social media, and, ultimately, to introduce the world to Airbnb Trips on-stage at Airbnb Open in Los Angeles.<\\/p>\"}},\"153\":{\"type\":\"video\",\"enabled\":\"1\",\"fields\":{\"videoUrl\":\"https:\\/\\/vimeo.com\\/193175968\",\"caption\":\"Welcome to the World of Trips | Aired During Airbnb Open 2016 Keynote\"}},\"154\":{\"type\":\"quote\",\"enabled\":\"1\",\"fields\":{\"quote\":\"Services:\",\"avatar\":[\"5\"],\"personsName\":\"Services: Concept, Branding (motion logomark) Film\\/Video, Animation, Digital Ads, Social Ads\",\"jobTitle\":\"\"}},\"148\":{\"type\":\"quote\",\"enabled\":\"1\",\"fields\":{\"quote\":\"Deliverables:\",\"avatar\":[\"57\"],\"personsName\":\"Sixteen animated and live-action functional films Airbnb Trips Reveal film and Future of Homes film Four 15-second digital ads New Airbnb Motion logo\",\"jobTitle\":\"\"}},\"178\":{\"type\":\"video\",\"enabled\":\"1\",\"fields\":{\"videoUrl\":\"https:\\/\\/vimeo.com\\/231786676\",\"caption\":\"Airbnb motion logo\"}},\"155\":{\"type\":\"text\",\"enabled\":\"1\",\"fields\":{\"copy\":\"<p><strong>Let\\u2019s get functional<\\/strong><\\/p>\\r\\n<p>We started by developing eight animated and live-action product marketing videos to introduce users to key features built into the new Airbnb app. Each video needed to be playable in both landscape and portrait mode. Double the work&hellip; double the fun.<\\/p>\"}},\"156\":{\"type\":\"fullWidthImage\",\"enabled\":\"1\",\"fields\":{\"image\":[\"150\"],\"caption\":\"\"}},\"157\":{\"type\":\"videoCarousel\",\"enabled\":\"1\",\"fields\":{\"video\":{\"158\":{\"type\":\"1\",\"fields\":{\"video\":\"https:\\/\\/vimeo.com\\/193177317\",\"caption\":\"Introducing Experiences\"}},\"159\":{\"type\":\"1\",\"fields\":{\"video\":\"https:\\/\\/vimeo.com\\/193177901\",\"caption\":\"Introducing Itinerary\"}},\"160\":{\"type\":\"1\",\"fields\":{\"video\":\"https:\\/\\/vimeo.com\\/193177150\",\"caption\":\"Introducing Co-hosting\"}},\"161\":{\"type\":\"1\",\"fields\":{\"video\":\"https:\\/\\/vimeo.com\\/193177011\",\"caption\":\"Introducing Social Impact Experiences\"}}}}},\"162\":{\"type\":\"text\",\"enabled\":\"1\",\"fields\":{\"copy\":\"<p><strong>Our <\\/strong><strong><em>Argo<\\/em><\\/strong><strong> moment<\\/strong><br><\\/p>\\r\\n<p>Meanwhile, Bokeh\\u2019s CEO, David, went undercover with an exuberant crew of filmmakers to old Havana, Cuba. With no time to obtain permits, we developed alibis to explain the excessive amount of camera gear. We got the greenlight thanks to some quick thinking and charming Spanglish. <\\/p>\"}},\"163\":{\"type\":\"video\",\"enabled\":\"1\",\"fields\":{\"videoUrl\":\"https:\\/\\/vimeo.com\\/193176889\",\"caption\":\"Staying Connected in Cuba\"}},\"164\":{\"type\":\"threeUpImages\",\"enabled\":\"1\",\"fields\":{\"firstImage\":[\"152\"],\"secondImage\":[\"21\"],\"thirdImage\":[\"72\"]}},\"165\":{\"type\":\"text\",\"enabled\":\"1\",\"fields\":{\"copy\":\"<p><strong>In the clutch<\\/strong><br><\\/p>\\r\\n<p>Two days before the Airbnb Open, Brian needed a Hail Mary. He asked Bokeh to develop two more product videos for his keynote presentation, including the anthem piece that would be used to officially announce the launch of Airbnb Trips.<\\/p>\"}},\"166\":{\"type\":\"video\",\"enabled\":\"1\",\"fields\":{\"videoUrl\":\"https:\\/\\/vimeo.com\\/193184792\",\"caption\":\"Airbnb Collections Teaser | Aired During AO 2016 Keynote\"}},\"167\":{\"type\":\"videoCarousel\",\"enabled\":\"1\",\"fields\":{\"video\":{\"168\":{\"type\":\"1\",\"fields\":{\"video\":\"https:\\/\\/vimeo.com\\/194444259\",\"caption\":\"Burlesque\"}},\"169\":{\"type\":\"1\",\"fields\":{\"video\":\"https:\\/\\/vimeo.com\\/193185940\",\"caption\":\"Samurai\"}},\"170\":{\"type\":\"1\",\"fields\":{\"video\":\"https:\\/\\/vimeo.com\\/193185835\",\"caption\":\"Runner\"}},\"171\":{\"type\":\"1\",\"fields\":{\"video\":\"https:\\/\\/vimeo.com\\/193186104\",\"caption\":\"Scenester\"}}}}},\"179\":{\"type\":\"text\",\"enabled\":\"1\",\"fields\":{\"copy\":\"<p><strong>The payoff<\\/strong><\\/p>\\r\\n<p>The assets were leveraged across a variety of channels from Airbnb Open to product landing pages, social and YouTube, email newsletters, and paid media. The functional videos amassed over <strong>11 million views in less than three weeks<\\/strong>. On Airbnb product pages, the <strong>video click-through-rate reached as high as 15 percent<\\/strong>. <\\/p>\\r\\n<p>We received coverage in the <strong><em>NYTimes<\\/em><\\/strong><strong>, Adweek, <\\/strong><strong><em>Travel + Leisure<\\/em><\\/strong><strong>, TechCrunch, Mashable, <\\/strong><strong><em>The Telegraph<\\/em><\\/strong><strong>, and Fast Company.<\\/strong><\\/p>\"}},\"180\":{\"type\":\"fiveUpImages\",\"enabled\":\"1\",\"fields\":{\"firstImage\":[\"174\"],\"secondImage\":[\"173\"],\"thirdImage\":[\"172\"],\"fourthImage\":[\"175\"],\"fifthImage\":[\"71\"]}},\"181\":{\"type\":\"fullWidthImage\",\"enabled\":\"1\",\"fields\":{\"image\":[\"177\"],\"caption\":\"\"}}},\"2\":[\"96\"],\"9\":\"center\"}}', '2017-09-04 00:28:56', '2017-09-04 00:28:56', '7a8bc874-f86a-4426-b06e-302340017357'),
 ('73', '4', '2', '75', 'en_us', '19', '', '{\"typeId\":\"2\",\"authorId\":\"1\",\"title\":\"Airbnb\",\"slug\":\"airbnb\",\"postDate\":1502508000,\"expiryDate\":null,\"enabled\":1,\"parentId\":null,\"fields\":{\"6\":\"#fa3517\",\"4\":\"<p><strong>The campaign that <em>\\u201c<\\/em><em>brought the house down<\\/em><em>\\u201d<\\/em>&nbsp;at <a href=\\\"http:\\/\\/bokeh.agency\\/projects\\/airbnb#entry:4:url\\\">Airbnb<\\/a>.<\\/strong><\\/p>\",\"8\":\"center\",\"3\":[\"182\"],\"5\":\"On November 17, 2016, Airbnb announced the largest product expansion in its history. Just five weeks earlier, Bokeh was asked to join its sprint to the finish line.\",\"10\":{\"146\":{\"type\":\"quote\",\"enabled\":\"1\",\"fields\":{\"quote\":\"\\u201cThis film brought the house down. I cannot imagine now having done this without it.\\u201d\",\"avatar\":[\"73\"],\"personsName\":\"Brian Chesky\",\"jobTitle\":\"CEO of Airbnb\"}},\"147\":{\"type\":\"text\",\"enabled\":\"1\",\"fields\":{\"copy\":\"<p><strong>Mission:<\\/strong><\\/p>\\r\\n<p>On November 17, 2016, Airbnb announced the largest product expansion in its history. Just five weeks earlier, Bokeh was asked to join its sprint to the finish line.<\\/p>\\r\\n<p>Working alongside engineering, brand, product marketing, art, and C-level teams, we developed a dizzying amount of content to educate users on new features, advertise and build awareness on social media, and, ultimately, to introduce the world to Airbnb Trips on-stage at Airbnb Open in Los Angeles.<\\/p>\"}},\"153\":{\"type\":\"video\",\"enabled\":\"1\",\"fields\":{\"videoUrl\":\"https:\\/\\/vimeo.com\\/193175968\",\"caption\":\"Welcome to the World of Trips | Aired During Airbnb Open 2016 Keynote\"}},\"154\":{\"type\":\"quote\",\"enabled\":\"1\",\"fields\":{\"quote\":\"Services:\",\"avatar\":[\"5\"],\"personsName\":\"Services: Concept, Branding (motion logomark) Film\\/Video, Animation, Digital Ads, Social Ads\",\"jobTitle\":\"\"}},\"148\":{\"type\":\"quote\",\"enabled\":\"1\",\"fields\":{\"quote\":\"Deliverables:\",\"avatar\":[\"57\"],\"personsName\":\"Sixteen animated and live-action functional films Airbnb Trips Reveal film and Future of Homes film Four 15-second digital ads New Airbnb Motion logo\",\"jobTitle\":\"\"}},\"178\":{\"type\":\"video\",\"enabled\":\"1\",\"fields\":{\"videoUrl\":\"https:\\/\\/vimeo.com\\/231786676\",\"caption\":\"Airbnb motion logo\"}},\"155\":{\"type\":\"text\",\"enabled\":\"1\",\"fields\":{\"copy\":\"<p><strong>Let\\u2019s get functional<\\/strong><\\/p>\\r\\n<p>We started by developing eight animated and live-action product marketing videos to introduce users to key features built into the new Airbnb app. Each video needed to be playable in both landscape and portrait mode. Double the work&hellip; double the fun.<\\/p>\"}},\"156\":{\"type\":\"fullWidthImage\",\"enabled\":\"1\",\"fields\":{\"image\":[\"150\"],\"caption\":\"\"}},\"157\":{\"type\":\"videoCarousel\",\"enabled\":\"1\",\"fields\":{\"video\":{\"158\":{\"type\":\"1\",\"fields\":{\"video\":\"https:\\/\\/vimeo.com\\/193177317\",\"caption\":\"Introducing Experiences\"}},\"159\":{\"type\":\"1\",\"fields\":{\"video\":\"https:\\/\\/vimeo.com\\/193177901\",\"caption\":\"Introducing Itinerary\"}},\"160\":{\"type\":\"1\",\"fields\":{\"video\":\"https:\\/\\/vimeo.com\\/193177150\",\"caption\":\"Introducing Co-hosting\"}},\"161\":{\"type\":\"1\",\"fields\":{\"video\":\"https:\\/\\/vimeo.com\\/193177011\",\"caption\":\"Introducing Social Impact Experiences\"}}}}},\"162\":{\"type\":\"text\",\"enabled\":\"1\",\"fields\":{\"copy\":\"<p><strong>Our <\\/strong><strong><em>Argo<\\/em><\\/strong><strong> moment<\\/strong><br><\\/p>\\r\\n<p>Meanwhile, Bokeh\\u2019s CEO, David, went undercover with an exuberant crew of filmmakers to old Havana, Cuba. With no time to obtain permits, we developed alibis to explain the excessive amount of camera gear. We got the greenlight thanks to some quick thinking and charming Spanglish. <\\/p>\"}},\"163\":{\"type\":\"video\",\"enabled\":\"1\",\"fields\":{\"videoUrl\":\"https:\\/\\/vimeo.com\\/193176889\",\"caption\":\"Staying Connected in Cuba\"}},\"164\":{\"type\":\"threeUpImages\",\"enabled\":\"1\",\"fields\":{\"firstImage\":[\"152\"],\"secondImage\":[\"21\"],\"thirdImage\":[\"72\"]}},\"165\":{\"type\":\"text\",\"enabled\":\"1\",\"fields\":{\"copy\":\"<p><strong>In the clutch<\\/strong><br><\\/p>\\r\\n<p>Two days before the Airbnb Open, Brian needed a Hail Mary. He asked Bokeh to develop two more product videos for his keynote presentation, including the anthem piece that would be used to officially announce the launch of Airbnb Trips.<\\/p>\"}},\"166\":{\"type\":\"video\",\"enabled\":\"1\",\"fields\":{\"videoUrl\":\"https:\\/\\/vimeo.com\\/193184792\",\"caption\":\"Airbnb Collections Teaser | Aired During AO 2016 Keynote\"}},\"167\":{\"type\":\"videoCarousel\",\"enabled\":\"1\",\"fields\":{\"video\":{\"168\":{\"type\":\"1\",\"fields\":{\"video\":\"https:\\/\\/vimeo.com\\/194444259\",\"caption\":\"Burlesque\"}},\"169\":{\"type\":\"1\",\"fields\":{\"video\":\"https:\\/\\/vimeo.com\\/193185940\",\"caption\":\"Samurai\"}},\"170\":{\"type\":\"1\",\"fields\":{\"video\":\"https:\\/\\/vimeo.com\\/193185835\",\"caption\":\"Runner\"}},\"171\":{\"type\":\"1\",\"fields\":{\"video\":\"https:\\/\\/vimeo.com\\/193186104\",\"caption\":\"Scenester\"}}}}},\"179\":{\"type\":\"text\",\"enabled\":\"1\",\"fields\":{\"copy\":\"<p><strong>The payoff<\\/strong><\\/p>\\r\\n<p>The assets were leveraged across a variety of channels from Airbnb Open to product landing pages, social and YouTube, email newsletters, and paid media. The functional videos amassed over <strong>11 million views in less than three weeks<\\/strong>. On Airbnb product pages, the <strong>video click-through-rate reached as high as 15 percent<\\/strong>. <\\/p>\\r\\n<p>We received coverage in the <strong><em>NYTimes<\\/em><\\/strong><strong>, Adweek, <\\/strong><strong><em>Travel + Leisure<\\/em><\\/strong><strong>, TechCrunch, Mashable, <\\/strong><strong><em>The Telegraph<\\/em><\\/strong><strong>, and Fast Company.<\\/strong><\\/p>\"}},\"180\":{\"type\":\"fiveUpImages\",\"enabled\":\"1\",\"fields\":{\"firstImage\":[\"174\"],\"secondImage\":[\"173\"],\"thirdImage\":[\"172\"],\"fourthImage\":[\"175\"],\"fifthImage\":[\"71\"]}},\"181\":{\"type\":\"fullWidthImage\",\"enabled\":\"1\",\"fields\":{\"image\":[\"177\"],\"caption\":\"\"}}},\"2\":[\"96\"],\"9\":\"center\"}}', '2017-09-04 00:29:06', '2017-09-04 00:29:06', 'e651645b-c753-421b-9f08-aaef19b7b5ca'),
 ('74', '77', '2', '75', 'en_us', '8', '', '{\"typeId\":\"2\",\"authorId\":\"75\",\"title\":\"Instagram\",\"slug\":\"instagram\",\"postDate\":1503364800,\"expiryDate\":null,\"enabled\":1,\"parentId\":null,\"fields\":{\"6\":\"#59d8d8\",\"4\":\"<p>We backpacked for four months around the world to shoot a series for <a href=\\\"http:\\/\\/bokeh.agency\\/projects\\/instagram#entry:77:url\\\"><\\/a><a href=\\\"http:\\/\\/bokeh.agency\\/projects\\/instagram#entry:77:url\\\">Instagram<\\/a>.<\\/p>\",\"8\":\"left\",\"3\":[\"29\"],\"5\":\"Intro Paraggraph\",\"10\":\"\",\"2\":\"\",\"9\":\"top\"}}', '2017-09-04 00:29:30', '2017-09-04 00:29:30', '27fb1b41-9cc1-40c8-9e7f-2ba3e1563add'),
 ('75', '2', '1', '75', 'en_us', '26', '', '{\"typeId\":null,\"authorId\":null,\"title\":\"Welcome\",\"slug\":\"homepage\",\"postDate\":1502679916,\"expiryDate\":null,\"enabled\":1,\"parentId\":null,\"fields\":{\"1\":\"<p>A creative partner for brands ready to move at the speed of inspiration.<\\/p>\",\"51\":\"We\'ve worked with some of the best teams in the world, and are proud to call these clients our partners and friends\",\"52\":{\"131\":{\"type\":\"clientLogo\",\"enabled\":\"1\",\"fields\":{\"client\":[\"120\"]}},\"132\":{\"type\":\"clientLogo\",\"enabled\":\"1\",\"fields\":{\"client\":[\"117\"]}},\"133\":{\"type\":\"clientLogo\",\"enabled\":\"1\",\"fields\":{\"client\":[\"121\"]}},\"134\":{\"type\":\"clientLogo\",\"enabled\":\"1\",\"fields\":{\"client\":[\"128\"]}},\"135\":{\"type\":\"clientLogo\",\"enabled\":\"1\",\"fields\":{\"client\":[\"127\"]}},\"136\":{\"type\":\"clientLogo\",\"enabled\":\"1\",\"fields\":{\"client\":[\"129\"]}},\"137\":{\"type\":\"clientLogo\",\"enabled\":\"1\",\"fields\":{\"client\":[\"122\"]}},\"138\":{\"type\":\"clientLogo\",\"enabled\":\"1\",\"fields\":{\"client\":[\"125\"]}},\"139\":{\"type\":\"clientLogo\",\"enabled\":\"1\",\"fields\":{\"client\":[\"126\"]}},\"140\":{\"type\":\"clientLogo\",\"enabled\":\"1\",\"fields\":{\"client\":[\"123\"]}},\"141\":{\"type\":\"clientLogo\",\"enabled\":\"1\",\"fields\":{\"client\":[\"118\"]}},\"142\":{\"type\":\"clientLogo\",\"enabled\":\"1\",\"fields\":{\"client\":[\"145\"]}},\"143\":{\"type\":\"clientLogo\",\"enabled\":\"1\",\"fields\":{\"client\":[\"124\"]}},\"144\":{\"type\":\"clientLogo\",\"enabled\":\"1\",\"fields\":{\"client\":[\"130\"]}}},\"6\":\"#fab300\",\"38\":[\"4\",\"77\",\"28\"],\"3\":\"\",\"46\":{\"78\":{\"type\":\"offeredServices\",\"enabled\":\"1\",\"fields\":{\"serviceType\":\"Strategy\",\"service\":{\"79\":{\"type\":\"3\",\"fields\":{\"service\":\"Branding\"}},\"80\":{\"type\":\"3\",\"fields\":{\"service\":\"Content\"}},\"81\":{\"type\":\"3\",\"fields\":{\"service\":\"Social\"}},\"82\":{\"type\":\"3\",\"fields\":{\"service\":\"Digital\"}}}}},\"83\":{\"type\":\"offeredServices\",\"enabled\":\"1\",\"fields\":{\"serviceType\":\"Design\",\"service\":{\"84\":{\"type\":\"3\",\"fields\":{\"service\":\"Identity\"}},\"85\":{\"type\":\"3\",\"fields\":{\"service\":\"Style Guidelines\"}},\"86\":{\"type\":\"3\",\"fields\":{\"service\":\"Print\\/OOH\"}},\"87\":{\"type\":\"3\",\"fields\":{\"service\":\"UX\\/UI\"}}}}},\"88\":{\"type\":\"offeredServices\",\"enabled\":\"1\",\"fields\":{\"serviceType\":\"Content\",\"service\":{\"89\":{\"type\":\"3\",\"fields\":{\"service\":\"Film\\/Video\"}},\"90\":{\"type\":\"3\",\"fields\":{\"service\":\"Animation\"}},\"91\":{\"type\":\"3\",\"fields\":{\"service\":\"Product\\/Lifestyle Photography\"}},\"92\":{\"type\":\"3\",\"fields\":{\"service\":\"Copywriting\"}}}}}},\"50\":\"#000000\",\"40\":{\"93\":{\"type\":\"service\",\"enabled\":\"1\",\"fields\":{\"copy\":\"We believe that open-hearted collaboration allows us to be in the right place to tell the right story on the channels that matter most.\",\"color\":\"#915c64\",\"image\":[\"183\"],\"imageVerticalPosition\":\"top\",\"imageHorizontalPosition\":\"left\"}},\"94\":{\"type\":\"service\",\"enabled\":\"1\",\"fields\":{\"copy\":\"That a unique balance of hunger and humility enables our imagination to be boundless.\",\"color\":\"#293776\",\"image\":[\"59\"],\"imageVerticalPosition\":\"top\",\"imageHorizontalPosition\":\"left\"}},\"95\":{\"type\":\"service\",\"enabled\":\"1\",\"fields\":{\"copy\":\"Bold, honest, and always capable, our ideas empower brands to speak with creativity and heart.\",\"color\":\"#5632ff\",\"image\":[\"21\"],\"imageVerticalPosition\":\"top\",\"imageHorizontalPosition\":\"left\"}}},\"7\":[\"186\"]}}', '2017-09-04 00:33:30', '2017-09-04 00:33:30', '6a2c5929-4fca-4123-9381-0e3618cab7fb'),
 ('76', '77', '2', '75', 'en_us', '9', '', '{\"typeId\":\"2\",\"authorId\":\"75\",\"title\":\"Instagram\",\"slug\":\"instagram\",\"postDate\":1503364800,\"expiryDate\":null,\"enabled\":1,\"parentId\":null,\"fields\":{\"6\":\"#59d8d8\",\"4\":\"<p>We backpacked for four months around the world to shoot a series for <a href=\\\"http:\\/\\/bokeh.agency\\/projects\\/instagram#entry:77:url\\\"><\\/a><a href=\\\"http:\\/\\/bokeh.agency\\/projects\\/instagram#entry:77:url\\\">Instagram<\\/a>.<\\/p>\",\"8\":\"left\",\"3\":[\"189\"],\"5\":\"Intro Paraggraph\",\"10\":\"\",\"2\":\"\",\"9\":\"top\"}}', '2017-09-04 00:36:46', '2017-09-04 00:36:46', 'd22a3704-5ab5-4fa4-8f51-524f67eb7bc9'),
 ('77', '28', '2', '75', 'en_us', '21', '', '{\"typeId\":\"2\",\"authorId\":\"1\",\"title\":\"Philz Coffee\",\"slug\":\"philz-coffee\",\"postDate\":1502594280,\"expiryDate\":null,\"enabled\":1,\"parentId\":null,\"fields\":{\"6\":\"#995b63\",\"4\":\"<p>We cold called <a href=\\\"http:\\/\\/bokeh.agency\\/projects\\/philz-coffee#entry:28:url\\\">Philz Coffee<\\/a> to complain about their logo, and they let us do a rebrand.<\\/p>\",\"8\":\"center\",\"3\":[\"70\"],\"5\":\"This is an intro paragraph\",\"10\":{\"32\":{\"type\":\"text\",\"enabled\":\"1\",\"fields\":{\"copy\":\"<h2>Heading Two<\\/h2>\\r\\n<p>Topping toffee bonbon gingerbread souffl\\u00e9. Tootsie roll cupcake gummi bears drag\\u00e9e chocolate. Liquorice chocolate bar wafer donut souffl\\u00e9. Gummies dessert croissant. Bonbon cake marshmallow liquorice. Cotton candy gummies cupcake sweet. Donut dessert brownie croissant sweet.<\\/p>\"}},\"35\":{\"type\":\"inlineImage\",\"enabled\":\"1\",\"fields\":{\"image\":[\"56\"],\"caption\":\"\"}},\"33\":{\"type\":\"quote\",\"enabled\":\"1\",\"fields\":{\"quote\":\"Jelly beans apple pie pie ice cream tiramisu jelly-o chupa chups tootsie roll. Jujubes biscuit brownie carrot cake. Lollipop tart marzipan pastry sugar plum.\",\"avatar\":[\"57\"],\"personsName\":\"John Doe\",\"jobTitle\":\"Coffee Lover\"}},\"34\":{\"type\":\"video\",\"enabled\":\"1\",\"fields\":{\"videoUrl\":\"https:\\/\\/www.youtube.com\\/watch?v=wxLUj1Mrars\",\"caption\":\"Caption\"}},\"50\":{\"type\":\"text\",\"enabled\":\"1\",\"fields\":{\"copy\":\"<p>Gingerbread sweet roll danish marshmallow lemon drops cake halvah chupa chups cake. Macaroon tart liquorice cake.<a href=\\\"\\/\\/google.ca\\\">This is a link<\\/a>. Biscuit pastry cake muffin chocolate bar. Gummies bear claw bonbon candy canes danish powder jelly wafer. Jelly pie gingerbread. Jelly brownie pudding gummies chocolate cake cupcake brownie danish gummies. Liquorice gingerbread souffl\\u00e9.<\\/p>\"}},\"36\":{\"type\":\"fullWidthImage\",\"enabled\":\"1\",\"fields\":{\"image\":[\"57\"],\"caption\":\"Coffee Beanz\"}},\"51\":{\"type\":\"text\",\"enabled\":\"1\",\"fields\":{\"copy\":\"<p>Sugar plum croissant drag\\u00e9e oat cake pudding chocolate jelly-o cake cupcake. Pudding bonbon lemon drops chupa chups. Drag\\u00e9e jelly gummi bears gummies donut gummies. Jujubes cotton candy apple pie muffin. Sweet liquorice cake gummies bear claw. Marzipan tootsie roll marzipan muffin toffee gummi bears marzipan cake jelly beans. Donut chupa chups cake topping sesame snaps dessert biscuit brownie. Croissant carrot cake topping pudding powder donut. Tiramisu cupcake souffl\\u00e9 biscuit cake chocolate bar drag\\u00e9e danish chocolate cake. Pudding souffl\\u00e9 bonbon bear claw souffl\\u00e9 cotton candy tart.<\\/p>\"}},\"37\":{\"type\":\"twoUpImages\",\"enabled\":\"1\",\"fields\":{\"firstImage\":[\"29\"],\"secondImage\":[\"29\"]}},\"52\":{\"type\":\"text\",\"enabled\":\"1\",\"fields\":{\"copy\":\"<p>Souffl\\u00e9 macaroon cake donut cotton candy jelly bear claw. Topping toffee cotton candy macaroon danish sugar plum carrot cake. Pudding powder biscuit. Liquorice toffee cupcake macaroon sesame snaps jujubes tiramisu. Candy canes powder apple pie souffl\\u00e9 lollipop oat cake. Sugar plum cheesecake chocolate. Liquorice sweet roll souffl\\u00e9 chocolate cake bear claw sweet roll.<\\/p>\"}},\"38\":{\"type\":\"threeUpImages\",\"enabled\":\"1\",\"fields\":{\"firstImage\":[\"72\"],\"secondImage\":[\"19\"],\"thirdImage\":[\"19\"]}},\"53\":{\"type\":\"text\",\"enabled\":\"1\",\"fields\":{\"copy\":\"<h1>Heading One<\\/h1>\\r\\n<p>Candy canes souffl\\u00e9 apple pie sweet roll. Bear claw halvah jelly beans pie danish jelly ice cream. Dessert cookie macaroon tootsie roll drag\\u00e9e. Sweet roll pastry muffin marzipan liquorice chocolate ice cream oat cake sweet. Tart tart fruitcake. Gingerbread chocolate bar sweet roll cotton candy cookie donut oat cake halvah. Chocolate sesame snaps apple pie sweet tart cookie. Candy canes bonbon candy icing drag\\u00e9e cake chocolate danish pastry. Liquorice croissant lollipop chocolate macaroon sweet.<\\/p>\"}},\"39\":{\"type\":\"fiveUpImages\",\"enabled\":\"1\",\"fields\":{\"firstImage\":[\"71\"],\"secondImage\":[\"74\"],\"thirdImage\":[\"70\"],\"fourthImage\":[\"74\"],\"fifthImage\":[\"71\"]}},\"54\":{\"type\":\"text\",\"enabled\":\"1\",\"fields\":{\"copy\":\"<p>Caramels lollipop oat cake. Chupa chups candy gummies ice cream jujubes carrot cake. Powder halvah candy canes. Fruitcake pudding pastry brownie tart. Souffl\\u00e9 caramels tiramisu wafer marshmallow carrot cake. Bonbon topping souffl\\u00e9 caramels. Topping sugar plum sesame snaps lollipop wafer carrot cake chocolate. Cake chocolate bar cake sweet. Apple pie brownie macaroon tiramisu tart powder sweet roll bonbon. Gummies biscuit candy canes sugar plum cupcake drag\\u00e9e toffee muffin topping.<\\/p>\"}},\"40\":{\"type\":\"videoCarousel\",\"enabled\":\"1\",\"fields\":{\"video\":{\"41\":{\"type\":\"1\",\"fields\":{\"video\":\"https:\\/\\/vimeo.com\\/230046783\",\"caption\":\"\"}},\"42\":{\"type\":\"1\",\"fields\":{\"video\":\"https:\\/\\/vimeo.com\\/124346309\",\"caption\":\"\"}},\"43\":{\"type\":\"1\",\"fields\":{\"video\":\"https:\\/\\/vimeo.com\\/230046783\",\"caption\":\"\"}},\"44\":{\"type\":\"1\",\"fields\":{\"video\":\"https:\\/\\/vimeo.com\\/124346309\",\"caption\":\"\"}}}}},\"55\":{\"type\":\"text\",\"enabled\":\"1\",\"fields\":{\"copy\":\"<p>Cheesecake cupcake lollipop muffin. Cheesecake icing wafer jujubes lollipop muffin sweet chocolate bar drag\\u00e9e. Cake chupa chups chocolate muffin jelly bear claw. Tart jelly toffee pastry cake. Icing ice cream bear claw. Caramels souffl\\u00e9 bonbon chocolate marshmallow. Icing carrot cake jujubes dessert cookie.<\\/p>\"}},\"64\":{\"type\":\"imageCarousel\",\"enabled\":\"1\",\"fields\":{\"image\":{\"65\":{\"type\":\"2\",\"fields\":{\"image\":[\"58\"],\"caption\":\"\"}},\"66\":{\"type\":\"2\",\"fields\":{\"image\":[\"59\"],\"caption\":\"\"}},\"67\":{\"type\":\"2\",\"fields\":{\"image\":[\"60\"],\"caption\":\"\"}},\"68\":{\"type\":\"2\",\"fields\":{\"image\":[\"61\"],\"caption\":\"\"}},\"69\":{\"type\":\"2\",\"fields\":{\"image\":[\"62\"],\"caption\":\"\"}}}}}},\"2\":\"\",\"9\":\"center\"}}', '2017-09-04 00:38:06', '2017-09-04 00:38:06', '69ffc18b-404d-4bb2-aabf-8578cb17a20b'),
 ('78', '28', '2', '75', 'en_us', '22', '', '{\"typeId\":\"2\",\"authorId\":\"1\",\"title\":\"Philz Coffee\",\"slug\":\"philz-coffee\",\"postDate\":1502594280,\"expiryDate\":null,\"enabled\":1,\"parentId\":null,\"fields\":{\"6\":\"#995b63\",\"4\":\"<p>We cold called <a href=\\\"http:\\/\\/bokeh.agency\\/projects\\/philz-coffee#entry:28:url\\\">Philz Coffee<\\/a> to complain about their logo, and they let us do a rebrand.<\\/p>\",\"8\":\"center\",\"3\":[\"57\"],\"5\":\"This is an intro paragraph\",\"10\":{\"32\":{\"type\":\"text\",\"enabled\":\"1\",\"fields\":{\"copy\":\"<h2>Heading Two<\\/h2>\\r\\n<p>Topping toffee bonbon gingerbread souffl\\u00e9. Tootsie roll cupcake gummi bears drag\\u00e9e chocolate. Liquorice chocolate bar wafer donut souffl\\u00e9. Gummies dessert croissant. Bonbon cake marshmallow liquorice. Cotton candy gummies cupcake sweet. Donut dessert brownie croissant sweet.<\\/p>\"}},\"35\":{\"type\":\"inlineImage\",\"enabled\":\"1\",\"fields\":{\"image\":[\"56\"],\"caption\":\"\"}},\"33\":{\"type\":\"quote\",\"enabled\":\"1\",\"fields\":{\"quote\":\"Jelly beans apple pie pie ice cream tiramisu jelly-o chupa chups tootsie roll. Jujubes biscuit brownie carrot cake. Lollipop tart marzipan pastry sugar plum.\",\"avatar\":[\"57\"],\"personsName\":\"John Doe\",\"jobTitle\":\"Coffee Lover\"}},\"34\":{\"type\":\"video\",\"enabled\":\"1\",\"fields\":{\"videoUrl\":\"https:\\/\\/www.youtube.com\\/watch?v=wxLUj1Mrars\",\"caption\":\"Caption\"}},\"50\":{\"type\":\"text\",\"enabled\":\"1\",\"fields\":{\"copy\":\"<p>Gingerbread sweet roll danish marshmallow lemon drops cake halvah chupa chups cake. Macaroon tart liquorice cake.<a href=\\\"\\/\\/google.ca\\\">This is a link<\\/a>. Biscuit pastry cake muffin chocolate bar. Gummies bear claw bonbon candy canes danish powder jelly wafer. Jelly pie gingerbread. Jelly brownie pudding gummies chocolate cake cupcake brownie danish gummies. Liquorice gingerbread souffl\\u00e9.<\\/p>\"}},\"36\":{\"type\":\"fullWidthImage\",\"enabled\":\"1\",\"fields\":{\"image\":[\"57\"],\"caption\":\"Coffee Beanz\"}},\"51\":{\"type\":\"text\",\"enabled\":\"1\",\"fields\":{\"copy\":\"<p>Sugar plum croissant drag\\u00e9e oat cake pudding chocolate jelly-o cake cupcake. Pudding bonbon lemon drops chupa chups. Drag\\u00e9e jelly gummi bears gummies donut gummies. Jujubes cotton candy apple pie muffin. Sweet liquorice cake gummies bear claw. Marzipan tootsie roll marzipan muffin toffee gummi bears marzipan cake jelly beans. Donut chupa chups cake topping sesame snaps dessert biscuit brownie. Croissant carrot cake topping pudding powder donut. Tiramisu cupcake souffl\\u00e9 biscuit cake chocolate bar drag\\u00e9e danish chocolate cake. Pudding souffl\\u00e9 bonbon bear claw souffl\\u00e9 cotton candy tart.<\\/p>\"}},\"37\":{\"type\":\"twoUpImages\",\"enabled\":\"1\",\"fields\":{\"firstImage\":[\"29\"],\"secondImage\":[\"29\"]}},\"52\":{\"type\":\"text\",\"enabled\":\"1\",\"fields\":{\"copy\":\"<p>Souffl\\u00e9 macaroon cake donut cotton candy jelly bear claw. Topping toffee cotton candy macaroon danish sugar plum carrot cake. Pudding powder biscuit. Liquorice toffee cupcake macaroon sesame snaps jujubes tiramisu. Candy canes powder apple pie souffl\\u00e9 lollipop oat cake. Sugar plum cheesecake chocolate. Liquorice sweet roll souffl\\u00e9 chocolate cake bear claw sweet roll.<\\/p>\"}},\"38\":{\"type\":\"threeUpImages\",\"enabled\":\"1\",\"fields\":{\"firstImage\":[\"72\"],\"secondImage\":[\"19\"],\"thirdImage\":[\"19\"]}},\"53\":{\"type\":\"text\",\"enabled\":\"1\",\"fields\":{\"copy\":\"<h1>Heading One<\\/h1>\\r\\n<p>Candy canes souffl\\u00e9 apple pie sweet roll. Bear claw halvah jelly beans pie danish jelly ice cream. Dessert cookie macaroon tootsie roll drag\\u00e9e. Sweet roll pastry muffin marzipan liquorice chocolate ice cream oat cake sweet. Tart tart fruitcake. Gingerbread chocolate bar sweet roll cotton candy cookie donut oat cake halvah. Chocolate sesame snaps apple pie sweet tart cookie. Candy canes bonbon candy icing drag\\u00e9e cake chocolate danish pastry. Liquorice croissant lollipop chocolate macaroon sweet.<\\/p>\"}},\"39\":{\"type\":\"fiveUpImages\",\"enabled\":\"1\",\"fields\":{\"firstImage\":[\"71\"],\"secondImage\":[\"74\"],\"thirdImage\":[\"70\"],\"fourthImage\":[\"74\"],\"fifthImage\":[\"71\"]}},\"54\":{\"type\":\"text\",\"enabled\":\"1\",\"fields\":{\"copy\":\"<p>Caramels lollipop oat cake. Chupa chups candy gummies ice cream jujubes carrot cake. Powder halvah candy canes. Fruitcake pudding pastry brownie tart. Souffl\\u00e9 caramels tiramisu wafer marshmallow carrot cake. Bonbon topping souffl\\u00e9 caramels. Topping sugar plum sesame snaps lollipop wafer carrot cake chocolate. Cake chocolate bar cake sweet. Apple pie brownie macaroon tiramisu tart powder sweet roll bonbon. Gummies biscuit candy canes sugar plum cupcake drag\\u00e9e toffee muffin topping.<\\/p>\"}},\"40\":{\"type\":\"videoCarousel\",\"enabled\":\"1\",\"fields\":{\"video\":{\"41\":{\"type\":\"1\",\"fields\":{\"video\":\"https:\\/\\/vimeo.com\\/230046783\",\"caption\":\"\"}},\"42\":{\"type\":\"1\",\"fields\":{\"video\":\"https:\\/\\/vimeo.com\\/124346309\",\"caption\":\"\"}},\"43\":{\"type\":\"1\",\"fields\":{\"video\":\"https:\\/\\/vimeo.com\\/230046783\",\"caption\":\"\"}},\"44\":{\"type\":\"1\",\"fields\":{\"video\":\"https:\\/\\/vimeo.com\\/124346309\",\"caption\":\"\"}}}}},\"55\":{\"type\":\"text\",\"enabled\":\"1\",\"fields\":{\"copy\":\"<p>Cheesecake cupcake lollipop muffin. Cheesecake icing wafer jujubes lollipop muffin sweet chocolate bar drag\\u00e9e. Cake chupa chups chocolate muffin jelly bear claw. Tart jelly toffee pastry cake. Icing ice cream bear claw. Caramels souffl\\u00e9 bonbon chocolate marshmallow. Icing carrot cake jujubes dessert cookie.<\\/p>\"}},\"64\":{\"type\":\"imageCarousel\",\"enabled\":\"1\",\"fields\":{\"image\":{\"65\":{\"type\":\"2\",\"fields\":{\"image\":[\"58\"],\"caption\":\"\"}},\"66\":{\"type\":\"2\",\"fields\":{\"image\":[\"59\"],\"caption\":\"\"}},\"67\":{\"type\":\"2\",\"fields\":{\"image\":[\"60\"],\"caption\":\"\"}},\"68\":{\"type\":\"2\",\"fields\":{\"image\":[\"61\"],\"caption\":\"\"}},\"69\":{\"type\":\"2\",\"fields\":{\"image\":[\"62\"],\"caption\":\"\"}}}}}},\"2\":\"\",\"9\":\"center\"}}', '2017-09-04 00:39:38', '2017-09-04 00:39:38', '1a0cfb2a-34d0-4b07-8bd1-4694d1448d08'),
 ('79', '2', '1', '75', 'en_us', '27', '', '{\"typeId\":null,\"authorId\":null,\"title\":\"Welcome\",\"slug\":\"homepage\",\"postDate\":1502679916,\"expiryDate\":null,\"enabled\":1,\"parentId\":null,\"fields\":{\"1\":\"<p>A creative partner for brands ready to move at the speed of inspiration.<\\/p>\",\"51\":\"We\'ve worked with some of the best teams in the world, and are proud to call these clients our partners and friends\",\"52\":{\"131\":{\"type\":\"clientLogo\",\"enabled\":\"1\",\"fields\":{\"client\":[\"120\"]}},\"132\":{\"type\":\"clientLogo\",\"enabled\":\"1\",\"fields\":{\"client\":[\"117\"]}},\"133\":{\"type\":\"clientLogo\",\"enabled\":\"1\",\"fields\":{\"client\":[\"121\"]}},\"134\":{\"type\":\"clientLogo\",\"enabled\":\"1\",\"fields\":{\"client\":[\"128\"]}},\"135\":{\"type\":\"clientLogo\",\"enabled\":\"1\",\"fields\":{\"client\":[\"127\"]}},\"136\":{\"type\":\"clientLogo\",\"enabled\":\"1\",\"fields\":{\"client\":[\"129\"]}},\"137\":{\"type\":\"clientLogo\",\"enabled\":\"1\",\"fields\":{\"client\":[\"122\"]}},\"138\":{\"type\":\"clientLogo\",\"enabled\":\"1\",\"fields\":{\"client\":[\"125\"]}},\"139\":{\"type\":\"clientLogo\",\"enabled\":\"1\",\"fields\":{\"client\":[\"126\"]}},\"140\":{\"type\":\"clientLogo\",\"enabled\":\"1\",\"fields\":{\"client\":[\"123\"]}},\"141\":{\"type\":\"clientLogo\",\"enabled\":\"1\",\"fields\":{\"client\":[\"118\"]}},\"142\":{\"type\":\"clientLogo\",\"enabled\":\"1\",\"fields\":{\"client\":[\"145\"]}},\"143\":{\"type\":\"clientLogo\",\"enabled\":\"1\",\"fields\":{\"client\":[\"124\"]}},\"144\":{\"type\":\"clientLogo\",\"enabled\":\"1\",\"fields\":{\"client\":[\"130\"]}}},\"6\":\"#fab300\",\"38\":[\"4\",\"77\",\"28\"],\"3\":\"\",\"46\":{\"78\":{\"type\":\"offeredServices\",\"enabled\":\"1\",\"fields\":{\"serviceType\":\"Strategy\",\"service\":{\"79\":{\"type\":\"3\",\"fields\":{\"service\":\"Branding\"}},\"80\":{\"type\":\"3\",\"fields\":{\"service\":\"Content\"}},\"81\":{\"type\":\"3\",\"fields\":{\"service\":\"Social\"}},\"82\":{\"type\":\"3\",\"fields\":{\"service\":\"Digital\"}}}}},\"83\":{\"type\":\"offeredServices\",\"enabled\":\"1\",\"fields\":{\"serviceType\":\"Design\",\"service\":{\"84\":{\"type\":\"3\",\"fields\":{\"service\":\"Identity\"}},\"85\":{\"type\":\"3\",\"fields\":{\"service\":\"Style Guidelines\"}},\"86\":{\"type\":\"3\",\"fields\":{\"service\":\"Print\\/OOH\"}},\"87\":{\"type\":\"3\",\"fields\":{\"service\":\"UX\\/UI\"}}}}},\"88\":{\"type\":\"offeredServices\",\"enabled\":\"1\",\"fields\":{\"serviceType\":\"Content\",\"service\":{\"89\":{\"type\":\"3\",\"fields\":{\"service\":\"Film\\/Video\"}},\"90\":{\"type\":\"3\",\"fields\":{\"service\":\"Animation\"}},\"91\":{\"type\":\"3\",\"fields\":{\"service\":\"Product\\/Lifestyle Photography\"}},\"92\":{\"type\":\"3\",\"fields\":{\"service\":\"Copywriting\"}}}}}},\"50\":\"#000000\",\"40\":{\"93\":{\"type\":\"service\",\"enabled\":\"1\",\"fields\":{\"copy\":\"We believe that open-hearted collaboration allows us to be in the right place to tell the right story on the channels that matter most.\",\"color\":\"#fa3517\",\"image\":[\"194\"],\"imageVerticalPosition\":\"top\",\"imageHorizontalPosition\":\"left\"}},\"94\":{\"type\":\"service\",\"enabled\":\"1\",\"fields\":{\"copy\":\"That a unique balance of hunger and humility enables our imagination to be boundless.\",\"color\":\"#ffb700\",\"image\":[\"190\"],\"imageVerticalPosition\":\"top\",\"imageHorizontalPosition\":\"left\"}},\"95\":{\"type\":\"service\",\"enabled\":\"1\",\"fields\":{\"copy\":\"Bold, honest, and always capable, our ideas empower brands to speak with creativity and heart.\",\"color\":\"#59d8d8\",\"image\":[\"183\"],\"imageVerticalPosition\":\"top\",\"imageHorizontalPosition\":\"left\"}}},\"7\":[\"186\"]}}', '2017-09-04 00:44:15', '2017-09-04 00:44:15', 'b3aa2a69-5bf8-4cee-a856-e49e31b57d96'),
 ('80', '77', '2', '75', 'en_us', '10', '', '{\"typeId\":\"2\",\"authorId\":\"75\",\"title\":\"Instagram\",\"slug\":\"instagram\",\"postDate\":1503364800,\"expiryDate\":null,\"enabled\":1,\"parentId\":null,\"fields\":{\"6\":\"#59d8d8\",\"4\":\"<p>We backpacked for four months around the world to shoot a series for <a href=\\\"http:\\/\\/bokeh.agency\\/projects\\/instagram#entry:77:url\\\"><\\/a><a href=\\\"http:\\/\\/bokeh.agency\\/projects\\/instagram#entry:77:url\\\">Instagram<\\/a>.<\\/p>\",\"8\":\"left\",\"3\":[\"195\"],\"5\":\"Intro Paraggraph\",\"10\":\"\",\"2\":\"\",\"9\":\"top\"}}', '2017-09-04 00:44:47', '2017-09-04 00:44:47', 'b0a9a933-b910-4950-9c55-0b7c62679980'),
 ('81', '77', '2', '75', 'en_us', '11', '', '{\"typeId\":\"2\",\"authorId\":\"75\",\"title\":\"Instagram\",\"slug\":\"instagram\",\"postDate\":1503364800,\"expiryDate\":null,\"enabled\":1,\"parentId\":null,\"fields\":{\"6\":\"#59d8d8\",\"4\":\"<p>We backpacked for four months around the world to shoot a series for <a href=\\\"http:\\/\\/bokeh.agency\\/projects\\/instagram#entry:77:url\\\"><\\/a><a href=\\\"http:\\/\\/bokeh.agency\\/projects\\/instagram#entry:77:url\\\">Instagram<\\/a>.<\\/p>\",\"8\":\"left\",\"3\":[\"76\"],\"5\":\"Intro Paraggraph\",\"10\":\"\",\"2\":\"\",\"9\":\"top\"}}', '2017-09-04 00:45:48', '2017-09-04 00:45:48', '9dc28e95-d208-42f6-a6f9-16db2a140689'),
 ('82', '77', '2', '75', 'en_us', '12', '', '{\"typeId\":\"2\",\"authorId\":\"75\",\"title\":\"Instagram\",\"slug\":\"instagram\",\"postDate\":1503364800,\"expiryDate\":null,\"enabled\":1,\"parentId\":null,\"fields\":{\"6\":\"#59d8d8\",\"4\":\"<p>We backpacked for four months around the world to shoot a series for <a href=\\\"http:\\/\\/bokeh.agency\\/projects\\/instagram#entry:77:url\\\"><\\/a><a href=\\\"http:\\/\\/bokeh.agency\\/projects\\/instagram#entry:77:url\\\">Instagram<\\/a>.<\\/p>\",\"8\":\"left\",\"3\":[\"29\"],\"5\":\"Intro Paraggraph\",\"10\":\"\",\"2\":\"\",\"9\":\"top\"}}', '2017-09-04 00:46:26', '2017-09-04 00:46:26', '84f44b25-1eb7-46e9-84d1-3cafcf40c3e8'),
 ('83', '2', '1', '75', 'en_us', '28', '', '{\"typeId\":null,\"authorId\":null,\"title\":\"Welcome\",\"slug\":\"homepage\",\"postDate\":1502679916,\"expiryDate\":null,\"enabled\":1,\"parentId\":null,\"fields\":{\"1\":\"<p>A creative partner for brands ready to move at the speed of inspiration.<\\/p>\",\"51\":\"We\'ve worked with some of the best teams in the world, and are proud to call these clients our partners and friends\",\"52\":{\"131\":{\"type\":\"clientLogo\",\"enabled\":\"1\",\"fields\":{\"client\":[\"120\"]}},\"132\":{\"type\":\"clientLogo\",\"enabled\":\"1\",\"fields\":{\"client\":[\"117\"]}},\"133\":{\"type\":\"clientLogo\",\"enabled\":\"1\",\"fields\":{\"client\":[\"121\"]}},\"134\":{\"type\":\"clientLogo\",\"enabled\":\"1\",\"fields\":{\"client\":[\"128\"]}},\"135\":{\"type\":\"clientLogo\",\"enabled\":\"1\",\"fields\":{\"client\":[\"127\"]}},\"136\":{\"type\":\"clientLogo\",\"enabled\":\"1\",\"fields\":{\"client\":[\"129\"]}},\"137\":{\"type\":\"clientLogo\",\"enabled\":\"1\",\"fields\":{\"client\":[\"122\"]}},\"138\":{\"type\":\"clientLogo\",\"enabled\":\"1\",\"fields\":{\"client\":[\"125\"]}},\"139\":{\"type\":\"clientLogo\",\"enabled\":\"1\",\"fields\":{\"client\":[\"126\"]}},\"140\":{\"type\":\"clientLogo\",\"enabled\":\"1\",\"fields\":{\"client\":[\"123\"]}},\"141\":{\"type\":\"clientLogo\",\"enabled\":\"1\",\"fields\":{\"client\":[\"118\"]}},\"142\":{\"type\":\"clientLogo\",\"enabled\":\"1\",\"fields\":{\"client\":[\"145\"]}},\"143\":{\"type\":\"clientLogo\",\"enabled\":\"1\",\"fields\":{\"client\":[\"124\"]}},\"144\":{\"type\":\"clientLogo\",\"enabled\":\"1\",\"fields\":{\"client\":[\"130\"]}}},\"6\":\"#fab300\",\"38\":[\"4\",\"77\",\"28\"],\"3\":\"\",\"46\":{\"78\":{\"type\":\"offeredServices\",\"enabled\":\"1\",\"fields\":{\"serviceType\":\"Strategy\",\"service\":{\"79\":{\"type\":\"3\",\"fields\":{\"service\":\"Branding\"}},\"80\":{\"type\":\"3\",\"fields\":{\"service\":\"Content\"}},\"81\":{\"type\":\"3\",\"fields\":{\"service\":\"Social\"}},\"82\":{\"type\":\"3\",\"fields\":{\"service\":\"Digital\"}}}}},\"83\":{\"type\":\"offeredServices\",\"enabled\":\"1\",\"fields\":{\"serviceType\":\"Design\",\"service\":{\"84\":{\"type\":\"3\",\"fields\":{\"service\":\"Identity\"}},\"85\":{\"type\":\"3\",\"fields\":{\"service\":\"Style Guidelines\"}},\"86\":{\"type\":\"3\",\"fields\":{\"service\":\"Print\\/OOH\"}},\"87\":{\"type\":\"3\",\"fields\":{\"service\":\"UX\\/UI\"}}}}},\"88\":{\"type\":\"offeredServices\",\"enabled\":\"1\",\"fields\":{\"serviceType\":\"Content\",\"service\":{\"89\":{\"type\":\"3\",\"fields\":{\"service\":\"Film\\/Video\"}},\"90\":{\"type\":\"3\",\"fields\":{\"service\":\"Animation\"}},\"91\":{\"type\":\"3\",\"fields\":{\"service\":\"Product\\/Lifestyle Photography\"}},\"92\":{\"type\":\"3\",\"fields\":{\"service\":\"Copywriting\"}}}}}},\"50\":\"#000000\",\"40\":{\"93\":{\"type\":\"service\",\"enabled\":\"1\",\"fields\":{\"copy\":\"We believe that open-hearted collaboration allows us to be in the right place to tell the right story on the channels that matter most.\",\"color\":\"#fa3517\",\"image\":[\"193\"],\"imageVerticalPosition\":\"top\",\"imageHorizontalPosition\":\"left\"}},\"94\":{\"type\":\"service\",\"enabled\":\"1\",\"fields\":{\"copy\":\"That a unique balance of hunger and humility enables our imagination to be boundless.\",\"color\":\"#ffb700\",\"image\":[\"190\"],\"imageVerticalPosition\":\"top\",\"imageHorizontalPosition\":\"left\"}},\"95\":{\"type\":\"service\",\"enabled\":\"1\",\"fields\":{\"copy\":\"Bold, honest, and always capable, our ideas empower brands to speak with creativity and heart.\",\"color\":\"#59d8d8\",\"image\":[\"197\"],\"imageVerticalPosition\":\"top\",\"imageHorizontalPosition\":\"left\"}}},\"7\":[\"186\"]}}', '2017-09-04 00:50:47', '2017-09-04 00:50:47', '1159bdfe-dd68-4515-8911-b30c3af7611c'),
 ('84', '2', '1', '75', 'en_us', '29', '', '{\"typeId\":null,\"authorId\":null,\"title\":\"Welcome\",\"slug\":\"homepage\",\"postDate\":1502679916,\"expiryDate\":null,\"enabled\":1,\"parentId\":null,\"fields\":{\"1\":\"<p>A creative partner for brands ready to move at the speed of inspiration.<\\/p>\",\"51\":\"We\'ve worked with some of the best teams in the world, and are proud to call these clients our partners and friends\",\"52\":{\"131\":{\"type\":\"clientLogo\",\"enabled\":\"1\",\"fields\":{\"client\":[\"120\"]}},\"132\":{\"type\":\"clientLogo\",\"enabled\":\"1\",\"fields\":{\"client\":[\"117\"]}},\"133\":{\"type\":\"clientLogo\",\"enabled\":\"1\",\"fields\":{\"client\":[\"121\"]}},\"134\":{\"type\":\"clientLogo\",\"enabled\":\"1\",\"fields\":{\"client\":[\"128\"]}},\"135\":{\"type\":\"clientLogo\",\"enabled\":\"1\",\"fields\":{\"client\":[\"127\"]}},\"136\":{\"type\":\"clientLogo\",\"enabled\":\"1\",\"fields\":{\"client\":[\"129\"]}},\"137\":{\"type\":\"clientLogo\",\"enabled\":\"1\",\"fields\":{\"client\":[\"122\"]}},\"138\":{\"type\":\"clientLogo\",\"enabled\":\"1\",\"fields\":{\"client\":[\"125\"]}},\"139\":{\"type\":\"clientLogo\",\"enabled\":\"1\",\"fields\":{\"client\":[\"126\"]}},\"140\":{\"type\":\"clientLogo\",\"enabled\":\"1\",\"fields\":{\"client\":[\"123\"]}},\"141\":{\"type\":\"clientLogo\",\"enabled\":\"1\",\"fields\":{\"client\":[\"118\"]}},\"142\":{\"type\":\"clientLogo\",\"enabled\":\"1\",\"fields\":{\"client\":[\"145\"]}},\"143\":{\"type\":\"clientLogo\",\"enabled\":\"1\",\"fields\":{\"client\":[\"124\"]}},\"144\":{\"type\":\"clientLogo\",\"enabled\":\"1\",\"fields\":{\"client\":[\"130\"]}}},\"6\":\"#fab300\",\"38\":[\"4\",\"77\",\"28\"],\"3\":\"\",\"46\":{\"78\":{\"type\":\"offeredServices\",\"enabled\":\"1\",\"fields\":{\"serviceType\":\"Strategy\",\"service\":{\"79\":{\"type\":\"3\",\"fields\":{\"service\":\"Branding\"}},\"80\":{\"type\":\"3\",\"fields\":{\"service\":\"Content\"}},\"81\":{\"type\":\"3\",\"fields\":{\"service\":\"Social\"}},\"82\":{\"type\":\"3\",\"fields\":{\"service\":\"Digital\"}}}}},\"83\":{\"type\":\"offeredServices\",\"enabled\":\"1\",\"fields\":{\"serviceType\":\"Design\",\"service\":{\"84\":{\"type\":\"3\",\"fields\":{\"service\":\"Identity\"}},\"85\":{\"type\":\"3\",\"fields\":{\"service\":\"Style Guidelines\"}},\"86\":{\"type\":\"3\",\"fields\":{\"service\":\"Print\\/OOH\"}},\"87\":{\"type\":\"3\",\"fields\":{\"service\":\"UX\\/UI\"}}}}},\"88\":{\"type\":\"offeredServices\",\"enabled\":\"1\",\"fields\":{\"serviceType\":\"Content\",\"service\":{\"89\":{\"type\":\"3\",\"fields\":{\"service\":\"Film\\/Video\"}},\"90\":{\"type\":\"3\",\"fields\":{\"service\":\"Animation\"}},\"91\":{\"type\":\"3\",\"fields\":{\"service\":\"Product\\/Lifestyle Photography\"}},\"92\":{\"type\":\"3\",\"fields\":{\"service\":\"Copywriting\"}}}}}},\"50\":\"#000000\",\"40\":{\"93\":{\"type\":\"service\",\"enabled\":\"1\",\"fields\":{\"copy\":\"We believe that open-hearted collaboration allows us to be in the right place to tell the right story on the channels that matter most.\",\"color\":\"#fa3517\",\"image\":[\"193\"],\"imageVerticalPosition\":\"top\",\"imageHorizontalPosition\":\"left\"}},\"94\":{\"type\":\"service\",\"enabled\":\"1\",\"fields\":{\"copy\":\"That a unique balance of hunger and humility enables our imagination to be boundless.\",\"color\":\"#ffb700\",\"image\":[\"190\"],\"imageVerticalPosition\":\"top\",\"imageHorizontalPosition\":\"left\"}},\"95\":{\"type\":\"service\",\"enabled\":\"1\",\"fields\":{\"copy\":\"Bold, honest, and always capable, our ideas empower brands to speak with creativity and heart.\",\"color\":\"#59d8d8\",\"image\":[\"198\"],\"imageVerticalPosition\":\"top\",\"imageHorizontalPosition\":\"left\"}}},\"7\":[\"186\"]}}', '2017-09-04 00:51:38', '2017-09-04 00:51:38', '1d138fbb-e480-42d5-8f86-ac12acbdf09e'),
 ('85', '2', '1', '75', 'en_us', '30', '', '{\"typeId\":null,\"authorId\":null,\"title\":\"Welcome\",\"slug\":\"homepage\",\"postDate\":1502679916,\"expiryDate\":null,\"enabled\":1,\"parentId\":null,\"fields\":{\"1\":\"<p>A creative partner for brands ready to move at the speed of inspiration.<\\/p>\",\"51\":\"We\'ve worked with some of the best teams in the world, and are proud to call these clients our partners and friends\",\"52\":{\"131\":{\"type\":\"clientLogo\",\"enabled\":\"1\",\"fields\":{\"client\":[\"120\"]}},\"132\":{\"type\":\"clientLogo\",\"enabled\":\"1\",\"fields\":{\"client\":[\"117\"]}},\"133\":{\"type\":\"clientLogo\",\"enabled\":\"1\",\"fields\":{\"client\":[\"121\"]}},\"134\":{\"type\":\"clientLogo\",\"enabled\":\"1\",\"fields\":{\"client\":[\"128\"]}},\"135\":{\"type\":\"clientLogo\",\"enabled\":\"1\",\"fields\":{\"client\":[\"127\"]}},\"136\":{\"type\":\"clientLogo\",\"enabled\":\"1\",\"fields\":{\"client\":[\"129\"]}},\"137\":{\"type\":\"clientLogo\",\"enabled\":\"1\",\"fields\":{\"client\":[\"122\"]}},\"138\":{\"type\":\"clientLogo\",\"enabled\":\"1\",\"fields\":{\"client\":[\"125\"]}},\"139\":{\"type\":\"clientLogo\",\"enabled\":\"1\",\"fields\":{\"client\":[\"126\"]}},\"140\":{\"type\":\"clientLogo\",\"enabled\":\"1\",\"fields\":{\"client\":[\"123\"]}},\"141\":{\"type\":\"clientLogo\",\"enabled\":\"1\",\"fields\":{\"client\":[\"118\"]}},\"142\":{\"type\":\"clientLogo\",\"enabled\":\"1\",\"fields\":{\"client\":[\"145\"]}},\"143\":{\"type\":\"clientLogo\",\"enabled\":\"1\",\"fields\":{\"client\":[\"124\"]}},\"144\":{\"type\":\"clientLogo\",\"enabled\":\"1\",\"fields\":{\"client\":[\"130\"]}}},\"6\":\"#fab300\",\"38\":[\"4\",\"77\",\"28\"],\"3\":\"\",\"46\":{\"78\":{\"type\":\"offeredServices\",\"enabled\":\"1\",\"fields\":{\"serviceType\":\"Strategy\",\"service\":{\"79\":{\"type\":\"3\",\"fields\":{\"service\":\"Branding\"}},\"80\":{\"type\":\"3\",\"fields\":{\"service\":\"Content\"}},\"81\":{\"type\":\"3\",\"fields\":{\"service\":\"Social\"}},\"82\":{\"type\":\"3\",\"fields\":{\"service\":\"Digital\"}}}}},\"83\":{\"type\":\"offeredServices\",\"enabled\":\"1\",\"fields\":{\"serviceType\":\"Design\",\"service\":{\"84\":{\"type\":\"3\",\"fields\":{\"service\":\"Identity\"}},\"85\":{\"type\":\"3\",\"fields\":{\"service\":\"Style Guidelines\"}},\"86\":{\"type\":\"3\",\"fields\":{\"service\":\"Print\\/OOH\"}},\"87\":{\"type\":\"3\",\"fields\":{\"service\":\"UX\\/UI\"}}}}},\"88\":{\"type\":\"offeredServices\",\"enabled\":\"1\",\"fields\":{\"serviceType\":\"Content\",\"service\":{\"89\":{\"type\":\"3\",\"fields\":{\"service\":\"Film\\/Video\"}},\"90\":{\"type\":\"3\",\"fields\":{\"service\":\"Animation\"}},\"91\":{\"type\":\"3\",\"fields\":{\"service\":\"Product\\/Lifestyle Photography\"}},\"92\":{\"type\":\"3\",\"fields\":{\"service\":\"Copywriting\"}}}}}},\"50\":\"#000000\",\"40\":{\"93\":{\"type\":\"service\",\"enabled\":\"1\",\"fields\":{\"copy\":\"We believe that open-hearted collaboration allows us to be in the right place to tell the right story on the channels that matter most.\",\"color\":\"#fa3517\",\"image\":[\"193\"],\"imageVerticalPosition\":\"top\",\"imageHorizontalPosition\":\"left\"}},\"94\":{\"type\":\"service\",\"enabled\":\"1\",\"fields\":{\"copy\":\"That a unique balance of hunger and humility enables our imagination to be boundless.\",\"color\":\"#ffb700\",\"image\":[\"190\"],\"imageVerticalPosition\":\"top\",\"imageHorizontalPosition\":\"left\"}},\"95\":{\"type\":\"service\",\"enabled\":\"1\",\"fields\":{\"copy\":\"Bold, honest, and always capable, our ideas empower brands to speak with creativity and heart.\",\"color\":\"#995b63\",\"image\":[\"198\"],\"imageVerticalPosition\":\"top\",\"imageHorizontalPosition\":\"left\"}}},\"7\":[\"186\"]}}', '2017-09-04 00:53:07', '2017-09-04 00:53:07', 'fa63e861-6b32-4b79-aba2-3b9cb79ad505'),
 ('86', '77', '2', '75', 'en_us', '13', '', '{\"typeId\":\"2\",\"authorId\":\"75\",\"title\":\"Instagram\",\"slug\":\"instagram\",\"postDate\":1503364800,\"expiryDate\":null,\"enabled\":1,\"parentId\":null,\"fields\":{\"6\":\"#59d8d8\",\"4\":\"<p>We backpacked for four months around the world to shoot a series for <a href=\\\"http:\\/\\/bokeh.agency\\/projects\\/instagram#entry:77:url\\\"><\\/a><a href=\\\"http:\\/\\/bokeh.agency\\/projects\\/instagram#entry:77:url\\\">Instagram<\\/a>.<\\/p>\",\"8\":\"left\",\"3\":[\"200\"],\"5\":\"Intro Paraggraph\",\"10\":\"\",\"2\":\"\",\"9\":\"top\"}}', '2017-09-04 01:06:33', '2017-09-04 01:06:33', 'a14ed404-1485-4ec9-a5b9-bf19ef7c32ad'),
 ('87', '2', '1', '75', 'en_us', '31', '', '{\"typeId\":null,\"authorId\":null,\"title\":\"Welcome\",\"slug\":\"homepage\",\"postDate\":1502679916,\"expiryDate\":null,\"enabled\":1,\"parentId\":null,\"fields\":{\"1\":\"<p>A creative partner for brands ready to move at the speed of inspiration.<\\/p>\",\"51\":\"We\'ve worked with some of the best teams in the world, and are proud to call these clients our partners and friends\",\"52\":{\"131\":{\"type\":\"clientLogo\",\"enabled\":\"1\",\"fields\":{\"client\":[\"120\"]}},\"132\":{\"type\":\"clientLogo\",\"enabled\":\"1\",\"fields\":{\"client\":[\"117\"]}},\"133\":{\"type\":\"clientLogo\",\"enabled\":\"1\",\"fields\":{\"client\":[\"121\"]}},\"134\":{\"type\":\"clientLogo\",\"enabled\":\"1\",\"fields\":{\"client\":[\"128\"]}},\"135\":{\"type\":\"clientLogo\",\"enabled\":\"1\",\"fields\":{\"client\":[\"127\"]}},\"136\":{\"type\":\"clientLogo\",\"enabled\":\"1\",\"fields\":{\"client\":[\"129\"]}},\"137\":{\"type\":\"clientLogo\",\"enabled\":\"1\",\"fields\":{\"client\":[\"122\"]}},\"138\":{\"type\":\"clientLogo\",\"enabled\":\"1\",\"fields\":{\"client\":[\"125\"]}},\"139\":{\"type\":\"clientLogo\",\"enabled\":\"1\",\"fields\":{\"client\":[\"126\"]}},\"140\":{\"type\":\"clientLogo\",\"enabled\":\"1\",\"fields\":{\"client\":[\"123\"]}},\"141\":{\"type\":\"clientLogo\",\"enabled\":\"1\",\"fields\":{\"client\":[\"118\"]}},\"142\":{\"type\":\"clientLogo\",\"enabled\":\"1\",\"fields\":{\"client\":[\"145\"]}},\"143\":{\"type\":\"clientLogo\",\"enabled\":\"1\",\"fields\":{\"client\":[\"124\"]}},\"144\":{\"type\":\"clientLogo\",\"enabled\":\"1\",\"fields\":{\"client\":[\"130\"]}}},\"6\":\"#fab300\",\"38\":[\"4\",\"77\",\"28\"],\"3\":\"\",\"46\":{\"78\":{\"type\":\"offeredServices\",\"enabled\":\"1\",\"fields\":{\"serviceType\":\"Strategy\",\"service\":{\"79\":{\"type\":\"3\",\"fields\":{\"service\":\"Branding\"}},\"80\":{\"type\":\"3\",\"fields\":{\"service\":\"Content\"}},\"81\":{\"type\":\"3\",\"fields\":{\"service\":\"Social\"}},\"82\":{\"type\":\"3\",\"fields\":{\"service\":\"Digital\"}}}}},\"83\":{\"type\":\"offeredServices\",\"enabled\":\"1\",\"fields\":{\"serviceType\":\"Design\",\"service\":{\"84\":{\"type\":\"3\",\"fields\":{\"service\":\"Identity\"}},\"85\":{\"type\":\"3\",\"fields\":{\"service\":\"Style Guidelines\"}},\"86\":{\"type\":\"3\",\"fields\":{\"service\":\"Print\\/OOH\"}},\"87\":{\"type\":\"3\",\"fields\":{\"service\":\"UX\\/UI\"}}}}},\"88\":{\"type\":\"offeredServices\",\"enabled\":\"1\",\"fields\":{\"serviceType\":\"Content\",\"service\":{\"89\":{\"type\":\"3\",\"fields\":{\"service\":\"Film\\/Video\"}},\"90\":{\"type\":\"3\",\"fields\":{\"service\":\"Animation\"}},\"91\":{\"type\":\"3\",\"fields\":{\"service\":\"Product\\/Lifestyle Photography\"}},\"92\":{\"type\":\"3\",\"fields\":{\"service\":\"Copywriting\"}}}}}},\"50\":\"#000000\",\"40\":{\"93\":{\"type\":\"service\",\"enabled\":\"1\",\"fields\":{\"copy\":\"We believe that open-hearted collaboration allows us to be in the right place to tell the right story on the channels that matter most.\",\"color\":\"#fa3517\",\"image\":[\"199\"],\"imageVerticalPosition\":\"top\",\"imageHorizontalPosition\":\"left\"}},\"94\":{\"type\":\"service\",\"enabled\":\"1\",\"fields\":{\"copy\":\"That a unique balance of hunger and humility enables our imagination to be boundless.\",\"color\":\"#ffb700\",\"image\":[\"190\"],\"imageVerticalPosition\":\"top\",\"imageHorizontalPosition\":\"left\"}},\"95\":{\"type\":\"service\",\"enabled\":\"1\",\"fields\":{\"copy\":\"Bold, honest, and always capable, our ideas empower brands to speak with creativity and heart.\",\"color\":\"#995b63\",\"image\":[\"201\"],\"imageVerticalPosition\":\"top\",\"imageHorizontalPosition\":\"left\"}}},\"7\":[\"186\"]}}', '2017-09-04 01:07:23', '2017-09-04 01:07:23', '5199dda6-2ec3-4762-b9c6-bee11a032d74'),
 ('88', '77', '2', '75', 'en_us', '14', '', '{\"typeId\":\"2\",\"authorId\":\"75\",\"title\":\"Instagram\",\"slug\":\"instagram\",\"postDate\":1503364800,\"expiryDate\":null,\"enabled\":1,\"parentId\":null,\"fields\":{\"6\":\"#59d8d8\",\"4\":\"<p>We backpacked for four months around the world to shoot a series for <a href=\\\"http:\\/\\/bokeh.agency\\/projects\\/instagram#entry:77:url\\\"><\\/a><a href=\\\"http:\\/\\/bokeh.agency\\/projects\\/instagram#entry:77:url\\\">Instagram<\\/a>.<\\/p>\",\"8\":\"left\",\"3\":[\"208\"],\"5\":\"Intro Paraggraph\",\"10\":\"\",\"2\":\"\",\"9\":\"top\"}}', '2017-09-04 01:10:10', '2017-09-04 01:10:10', 'b99a8e18-698e-4fd0-896c-656dee8d2200'),
 ('89', '2', '1', '75', 'en_us', '32', '', '{\"typeId\":null,\"authorId\":null,\"title\":\"Welcome\",\"slug\":\"homepage\",\"postDate\":1502679916,\"expiryDate\":null,\"enabled\":1,\"parentId\":null,\"fields\":{\"1\":\"<p>A creative partner for brands ready to move at the speed of inspiration.<\\/p>\",\"51\":\"We\'ve worked with some of the best teams in the world, and are proud to call these clients our partners and friends\",\"52\":{\"131\":{\"type\":\"clientLogo\",\"enabled\":\"1\",\"fields\":{\"client\":[\"120\"]}},\"132\":{\"type\":\"clientLogo\",\"enabled\":\"1\",\"fields\":{\"client\":[\"117\"]}},\"133\":{\"type\":\"clientLogo\",\"enabled\":\"1\",\"fields\":{\"client\":[\"121\"]}},\"134\":{\"type\":\"clientLogo\",\"enabled\":\"1\",\"fields\":{\"client\":[\"128\"]}},\"135\":{\"type\":\"clientLogo\",\"enabled\":\"1\",\"fields\":{\"client\":[\"127\"]}},\"136\":{\"type\":\"clientLogo\",\"enabled\":\"1\",\"fields\":{\"client\":[\"129\"]}},\"137\":{\"type\":\"clientLogo\",\"enabled\":\"1\",\"fields\":{\"client\":[\"122\"]}},\"138\":{\"type\":\"clientLogo\",\"enabled\":\"1\",\"fields\":{\"client\":[\"125\"]}},\"139\":{\"type\":\"clientLogo\",\"enabled\":\"1\",\"fields\":{\"client\":[\"126\"]}},\"140\":{\"type\":\"clientLogo\",\"enabled\":\"1\",\"fields\":{\"client\":[\"123\"]}},\"141\":{\"type\":\"clientLogo\",\"enabled\":\"1\",\"fields\":{\"client\":[\"118\"]}},\"142\":{\"type\":\"clientLogo\",\"enabled\":\"1\",\"fields\":{\"client\":[\"145\"]}},\"143\":{\"type\":\"clientLogo\",\"enabled\":\"1\",\"fields\":{\"client\":[\"124\"]}},\"144\":{\"type\":\"clientLogo\",\"enabled\":\"1\",\"fields\":{\"client\":[\"130\"]}}},\"6\":\"#fab300\",\"38\":[\"4\",\"77\",\"28\"],\"3\":\"\",\"46\":{\"78\":{\"type\":\"offeredServices\",\"enabled\":\"1\",\"fields\":{\"serviceType\":\"Strategy\",\"service\":{\"79\":{\"type\":\"3\",\"fields\":{\"service\":\"Branding\"}},\"80\":{\"type\":\"3\",\"fields\":{\"service\":\"Content\"}},\"81\":{\"type\":\"3\",\"fields\":{\"service\":\"Social\"}},\"82\":{\"type\":\"3\",\"fields\":{\"service\":\"Digital\"}}}}},\"83\":{\"type\":\"offeredServices\",\"enabled\":\"1\",\"fields\":{\"serviceType\":\"Design\",\"service\":{\"84\":{\"type\":\"3\",\"fields\":{\"service\":\"Identity\"}},\"85\":{\"type\":\"3\",\"fields\":{\"service\":\"Style Guidelines\"}},\"86\":{\"type\":\"3\",\"fields\":{\"service\":\"Print\\/OOH\"}},\"87\":{\"type\":\"3\",\"fields\":{\"service\":\"UX\\/UI\"}}}}},\"88\":{\"type\":\"offeredServices\",\"enabled\":\"1\",\"fields\":{\"serviceType\":\"Content\",\"service\":{\"89\":{\"type\":\"3\",\"fields\":{\"service\":\"Film\\/Video\"}},\"90\":{\"type\":\"3\",\"fields\":{\"service\":\"Animation\"}},\"91\":{\"type\":\"3\",\"fields\":{\"service\":\"Product\\/Lifestyle Photography\"}},\"92\":{\"type\":\"3\",\"fields\":{\"service\":\"Copywriting\"}}}}}},\"50\":\"#000000\",\"40\":{\"93\":{\"type\":\"service\",\"enabled\":\"1\",\"fields\":{\"copy\":\"We believe that open-hearted collaboration allows us to be in the right place to tell the right story on the channels that matter most.\",\"color\":\"#fa3517\",\"image\":[\"199\"],\"imageVerticalPosition\":\"top\",\"imageHorizontalPosition\":\"left\"}},\"94\":{\"type\":\"service\",\"enabled\":\"1\",\"fields\":{\"copy\":\"That a unique balance of hunger and humility enables our imagination to be boundless.\",\"color\":\"#ffb700\",\"image\":[\"190\"],\"imageVerticalPosition\":\"top\",\"imageHorizontalPosition\":\"left\"}},\"95\":{\"type\":\"service\",\"enabled\":\"1\",\"fields\":{\"copy\":\"Bold, honest, and always capable, our ideas empower brands to speak with creativity and heart.\",\"color\":\"#995b63\",\"image\":[\"209\"],\"imageVerticalPosition\":\"top\",\"imageHorizontalPosition\":\"left\"}}},\"7\":[\"186\"]}}', '2017-09-04 01:19:01', '2017-09-04 01:19:01', '30b0d08d-c4e7-421d-bb0c-938e5f30033c'),
 ('90', '77', '2', '75', 'en_us', '15', '', '{\"typeId\":\"2\",\"authorId\":\"75\",\"title\":\"Instagram\",\"slug\":\"instagram\",\"postDate\":1503364800,\"expiryDate\":null,\"enabled\":1,\"parentId\":null,\"fields\":{\"6\":\"#59d8d8\",\"4\":\"<p>We backpacked for four months around the world to shoot a series for <a href=\\\"http:\\/\\/bokeh.agency\\/projects\\/instagram#entry:77:url\\\"><\\/a><a href=\\\"http:\\/\\/bokeh.agency\\/projects\\/instagram#entry:77:url\\\">Instagram<\\/a>.<\\/p>\",\"8\":\"left\",\"3\":[\"207\"],\"5\":\"Intro Paraggraph\",\"10\":\"\",\"2\":\"\",\"9\":\"top\"}}', '2017-09-04 01:19:33', '2017-09-04 01:19:33', '078fad6e-fc16-4004-b84d-ef634539712e'),
 ('91', '2', '1', '75', 'en_us', '33', '', '{\"typeId\":null,\"authorId\":null,\"title\":\"Welcome\",\"slug\":\"homepage\",\"postDate\":1502679916,\"expiryDate\":null,\"enabled\":1,\"parentId\":null,\"fields\":{\"1\":\"<p>A creative partner for brands ready to move at the speed of inspiration.<\\/p>\",\"51\":\"We\'ve worked with some of the best teams in the world, and are proud to call these clients our partners and friends\",\"52\":{\"131\":{\"type\":\"clientLogo\",\"enabled\":\"1\",\"fields\":{\"client\":[\"120\"]}},\"132\":{\"type\":\"clientLogo\",\"enabled\":\"1\",\"fields\":{\"client\":[\"117\"]}},\"133\":{\"type\":\"clientLogo\",\"enabled\":\"1\",\"fields\":{\"client\":[\"121\"]}},\"134\":{\"type\":\"clientLogo\",\"enabled\":\"1\",\"fields\":{\"client\":[\"128\"]}},\"135\":{\"type\":\"clientLogo\",\"enabled\":\"1\",\"fields\":{\"client\":[\"127\"]}},\"136\":{\"type\":\"clientLogo\",\"enabled\":\"1\",\"fields\":{\"client\":[\"129\"]}},\"137\":{\"type\":\"clientLogo\",\"enabled\":\"1\",\"fields\":{\"client\":[\"122\"]}},\"138\":{\"type\":\"clientLogo\",\"enabled\":\"1\",\"fields\":{\"client\":[\"125\"]}},\"139\":{\"type\":\"clientLogo\",\"enabled\":\"1\",\"fields\":{\"client\":[\"126\"]}},\"140\":{\"type\":\"clientLogo\",\"enabled\":\"1\",\"fields\":{\"client\":[\"123\"]}},\"141\":{\"type\":\"clientLogo\",\"enabled\":\"1\",\"fields\":{\"client\":[\"118\"]}},\"142\":{\"type\":\"clientLogo\",\"enabled\":\"1\",\"fields\":{\"client\":[\"145\"]}},\"143\":{\"type\":\"clientLogo\",\"enabled\":\"1\",\"fields\":{\"client\":[\"124\"]}},\"144\":{\"type\":\"clientLogo\",\"enabled\":\"1\",\"fields\":{\"client\":[\"130\"]}}},\"6\":\"#fab300\",\"38\":[\"4\",\"77\",\"28\"],\"3\":\"\",\"46\":{\"78\":{\"type\":\"offeredServices\",\"enabled\":\"1\",\"fields\":{\"serviceType\":\"Strategy\",\"service\":{\"79\":{\"type\":\"3\",\"fields\":{\"service\":\"Branding\"}},\"80\":{\"type\":\"3\",\"fields\":{\"service\":\"Content\"}},\"81\":{\"type\":\"3\",\"fields\":{\"service\":\"Social\"}},\"82\":{\"type\":\"3\",\"fields\":{\"service\":\"Digital\"}}}}},\"83\":{\"type\":\"offeredServices\",\"enabled\":\"1\",\"fields\":{\"serviceType\":\"Design\",\"service\":{\"84\":{\"type\":\"3\",\"fields\":{\"service\":\"Identity\"}},\"85\":{\"type\":\"3\",\"fields\":{\"service\":\"Style Guidelines\"}},\"86\":{\"type\":\"3\",\"fields\":{\"service\":\"Print\\/OOH\"}},\"87\":{\"type\":\"3\",\"fields\":{\"service\":\"UX\\/UI\"}}}}},\"88\":{\"type\":\"offeredServices\",\"enabled\":\"1\",\"fields\":{\"serviceType\":\"Content\",\"service\":{\"89\":{\"type\":\"3\",\"fields\":{\"service\":\"Film\\/Video\"}},\"90\":{\"type\":\"3\",\"fields\":{\"service\":\"Animation\"}},\"91\":{\"type\":\"3\",\"fields\":{\"service\":\"Product\\/Lifestyle Photography\"}},\"92\":{\"type\":\"3\",\"fields\":{\"service\":\"Copywriting\"}}}}}},\"50\":\"#000000\",\"40\":{\"93\":{\"type\":\"service\",\"enabled\":\"1\",\"fields\":{\"copy\":\"We believe that open-hearted collaboration allows us to be in the right place to tell the right story on the channels that matter most.\",\"color\":\"#fa3517\",\"image\":[\"192\"],\"imageVerticalPosition\":\"top\",\"imageHorizontalPosition\":\"left\"}},\"94\":{\"type\":\"service\",\"enabled\":\"1\",\"fields\":{\"copy\":\"That a unique balance of hunger and humility enables our imagination to be boundless.\",\"color\":\"#ffb700\",\"image\":[\"190\"],\"imageVerticalPosition\":\"top\",\"imageHorizontalPosition\":\"left\"}},\"95\":{\"type\":\"service\",\"enabled\":\"1\",\"fields\":{\"copy\":\"Bold, honest, and always capable, our ideas empower brands to speak with creativity and heart.\",\"color\":\"#995b63\",\"image\":[\"209\"],\"imageVerticalPosition\":\"top\",\"imageHorizontalPosition\":\"left\"}}},\"7\":[\"186\"]}}', '2017-09-04 01:21:35', '2017-09-04 01:21:35', 'b93bc0d8-6117-4c7d-ad6b-209e7b54fd1e'),
 ('92', '77', '2', '75', 'en_us', '16', '', '{\"typeId\":\"2\",\"authorId\":\"75\",\"title\":\"Instagram\",\"slug\":\"instagram\",\"postDate\":1503364800,\"expiryDate\":null,\"enabled\":1,\"parentId\":null,\"fields\":{\"6\":\"#59d8d8\",\"4\":\"<p>We backpacked for four months around the world to shoot a series for <a href=\\\"http:\\/\\/bokeh.agency\\/projects\\/instagram#entry:77:url\\\"><\\/a><a href=\\\"http:\\/\\/bokeh.agency\\/projects\\/instagram#entry:77:url\\\">Instagram<\\/a>.<\\/p>\",\"8\":\"left\",\"3\":[\"210\"],\"5\":\"Intro Paraggraph\",\"10\":\"\",\"2\":\"\",\"9\":\"top\"}}', '2017-09-04 01:24:36', '2017-09-04 01:24:36', '437952f2-9e24-40a4-b3c8-e2bc2ea5b407'),
 ('93', '77', '2', '75', 'en_us', '17', '', '{\"typeId\":\"2\",\"authorId\":\"75\",\"title\":\"Instagram\",\"slug\":\"instagram\",\"postDate\":1503364800,\"expiryDate\":null,\"enabled\":1,\"parentId\":null,\"fields\":{\"6\":\"#59d8d8\",\"4\":\"<p>We backpacked for four months around the world to shoot a series for <a href=\\\"http:\\/\\/bokeh.agency\\/projects\\/instagram#entry:77:url\\\"><\\/a><a href=\\\"http:\\/\\/bokeh.agency\\/projects\\/instagram#entry:77:url\\\">Instagram<\\/a>.<\\/p>\",\"8\":\"left\",\"3\":[\"211\"],\"5\":\"Intro Paraggraph\",\"10\":\"\",\"2\":\"\",\"9\":\"top\"}}', '2017-09-04 01:25:52', '2017-09-04 01:25:52', '0b2d65b8-e4b6-4d35-89e2-57648f32f415'),
 ('94', '2', '1', '75', 'en_us', '34', '', '{\"typeId\":null,\"authorId\":null,\"title\":\"Welcome\",\"slug\":\"homepage\",\"postDate\":1502679916,\"expiryDate\":null,\"enabled\":1,\"parentId\":null,\"fields\":{\"1\":\"<p>A creative partner for brands ready to move at the speed of inspiration.<\\/p>\",\"51\":\"We\'ve worked with some of the best teams in the world, and are proud to call these clients our partners and friends\",\"52\":{\"131\":{\"type\":\"clientLogo\",\"enabled\":\"1\",\"fields\":{\"client\":[\"120\"]}},\"132\":{\"type\":\"clientLogo\",\"enabled\":\"1\",\"fields\":{\"client\":[\"117\"]}},\"133\":{\"type\":\"clientLogo\",\"enabled\":\"1\",\"fields\":{\"client\":[\"121\"]}},\"134\":{\"type\":\"clientLogo\",\"enabled\":\"1\",\"fields\":{\"client\":[\"128\"]}},\"135\":{\"type\":\"clientLogo\",\"enabled\":\"1\",\"fields\":{\"client\":[\"127\"]}},\"136\":{\"type\":\"clientLogo\",\"enabled\":\"1\",\"fields\":{\"client\":[\"129\"]}},\"137\":{\"type\":\"clientLogo\",\"enabled\":\"1\",\"fields\":{\"client\":[\"122\"]}},\"138\":{\"type\":\"clientLogo\",\"enabled\":\"1\",\"fields\":{\"client\":[\"125\"]}},\"139\":{\"type\":\"clientLogo\",\"enabled\":\"1\",\"fields\":{\"client\":[\"126\"]}},\"140\":{\"type\":\"clientLogo\",\"enabled\":\"1\",\"fields\":{\"client\":[\"123\"]}},\"141\":{\"type\":\"clientLogo\",\"enabled\":\"1\",\"fields\":{\"client\":[\"118\"]}},\"142\":{\"type\":\"clientLogo\",\"enabled\":\"1\",\"fields\":{\"client\":[\"145\"]}},\"143\":{\"type\":\"clientLogo\",\"enabled\":\"1\",\"fields\":{\"client\":[\"124\"]}},\"144\":{\"type\":\"clientLogo\",\"enabled\":\"1\",\"fields\":{\"client\":[\"130\"]}}},\"6\":\"#fab300\",\"38\":[\"4\",\"77\",\"28\"],\"3\":\"\",\"46\":{\"78\":{\"type\":\"offeredServices\",\"enabled\":\"1\",\"fields\":{\"serviceType\":\"Strategy\",\"service\":{\"79\":{\"type\":\"3\",\"fields\":{\"service\":\"Branding\"}},\"80\":{\"type\":\"3\",\"fields\":{\"service\":\"Content\"}},\"81\":{\"type\":\"3\",\"fields\":{\"service\":\"Social\"}},\"82\":{\"type\":\"3\",\"fields\":{\"service\":\"Digital\"}}}}},\"83\":{\"type\":\"offeredServices\",\"enabled\":\"1\",\"fields\":{\"serviceType\":\"Design\",\"service\":{\"84\":{\"type\":\"3\",\"fields\":{\"service\":\"Identity\"}},\"85\":{\"type\":\"3\",\"fields\":{\"service\":\"Style Guidelines\"}},\"86\":{\"type\":\"3\",\"fields\":{\"service\":\"Print\\/OOH\"}},\"87\":{\"type\":\"3\",\"fields\":{\"service\":\"UX\\/UI\"}}}}},\"88\":{\"type\":\"offeredServices\",\"enabled\":\"1\",\"fields\":{\"serviceType\":\"Content\",\"service\":{\"89\":{\"type\":\"3\",\"fields\":{\"service\":\"Film\\/Video\"}},\"90\":{\"type\":\"3\",\"fields\":{\"service\":\"Animation\"}},\"91\":{\"type\":\"3\",\"fields\":{\"service\":\"Product\\/Lifestyle Photography\"}},\"92\":{\"type\":\"3\",\"fields\":{\"service\":\"Copywriting\"}}}}}},\"50\":\"#000000\",\"40\":{\"93\":{\"type\":\"service\",\"enabled\":\"1\",\"fields\":{\"copy\":\"We believe that open-hearted collaboration allows us to be in the right place to tell the right story on the channels that matter most.\",\"color\":\"#fa3517\",\"image\":[\"212\"],\"imageVerticalPosition\":\"top\",\"imageHorizontalPosition\":\"left\"}},\"94\":{\"type\":\"service\",\"enabled\":\"1\",\"fields\":{\"copy\":\"That a unique balance of hunger and humility enables our imagination to be boundless.\",\"color\":\"#ffb700\",\"image\":[\"190\"],\"imageVerticalPosition\":\"top\",\"imageHorizontalPosition\":\"left\"}},\"95\":{\"type\":\"service\",\"enabled\":\"1\",\"fields\":{\"copy\":\"Bold, honest, and always capable, our ideas empower brands to speak with creativity and heart.\",\"color\":\"#995b63\",\"image\":[\"209\"],\"imageVerticalPosition\":\"top\",\"imageHorizontalPosition\":\"left\"}}},\"7\":[\"186\"]}}', '2017-09-04 01:28:40', '2017-09-04 01:28:40', '4521c8c1-c7f8-4456-bc22-407dcef976f8'),
 ('95', '2', '1', '75', 'en_us', '35', '', '{\"typeId\":null,\"authorId\":null,\"title\":\"Welcome\",\"slug\":\"homepage\",\"postDate\":1502679916,\"expiryDate\":null,\"enabled\":1,\"parentId\":null,\"fields\":{\"1\":\"<p>A creative partner for brands ready to move at the speed of inspiration.<\\/p>\",\"51\":\"We\'ve worked with some of the best teams in the world, and are proud to call these clients our partners and friends\",\"52\":{\"131\":{\"type\":\"clientLogo\",\"enabled\":\"1\",\"fields\":{\"client\":[\"120\"]}},\"132\":{\"type\":\"clientLogo\",\"enabled\":\"1\",\"fields\":{\"client\":[\"117\"]}},\"133\":{\"type\":\"clientLogo\",\"enabled\":\"1\",\"fields\":{\"client\":[\"121\"]}},\"134\":{\"type\":\"clientLogo\",\"enabled\":\"1\",\"fields\":{\"client\":[\"128\"]}},\"135\":{\"type\":\"clientLogo\",\"enabled\":\"1\",\"fields\":{\"client\":[\"127\"]}},\"136\":{\"type\":\"clientLogo\",\"enabled\":\"1\",\"fields\":{\"client\":[\"129\"]}},\"137\":{\"type\":\"clientLogo\",\"enabled\":\"1\",\"fields\":{\"client\":[\"122\"]}},\"138\":{\"type\":\"clientLogo\",\"enabled\":\"1\",\"fields\":{\"client\":[\"125\"]}},\"139\":{\"type\":\"clientLogo\",\"enabled\":\"1\",\"fields\":{\"client\":[\"126\"]}},\"140\":{\"type\":\"clientLogo\",\"enabled\":\"1\",\"fields\":{\"client\":[\"123\"]}},\"141\":{\"type\":\"clientLogo\",\"enabled\":\"1\",\"fields\":{\"client\":[\"118\"]}},\"142\":{\"type\":\"clientLogo\",\"enabled\":\"1\",\"fields\":{\"client\":[\"145\"]}},\"143\":{\"type\":\"clientLogo\",\"enabled\":\"1\",\"fields\":{\"client\":[\"124\"]}},\"144\":{\"type\":\"clientLogo\",\"enabled\":\"1\",\"fields\":{\"client\":[\"130\"]}}},\"6\":\"#fab300\",\"38\":[\"4\",\"77\",\"28\"],\"3\":\"\",\"46\":{\"78\":{\"type\":\"offeredServices\",\"enabled\":\"1\",\"fields\":{\"serviceType\":\"Strategy\",\"service\":{\"79\":{\"type\":\"3\",\"fields\":{\"service\":\"Branding\"}},\"80\":{\"type\":\"3\",\"fields\":{\"service\":\"Content\"}},\"81\":{\"type\":\"3\",\"fields\":{\"service\":\"Social\"}},\"82\":{\"type\":\"3\",\"fields\":{\"service\":\"Digital\"}}}}},\"83\":{\"type\":\"offeredServices\",\"enabled\":\"1\",\"fields\":{\"serviceType\":\"Design\",\"service\":{\"84\":{\"type\":\"3\",\"fields\":{\"service\":\"Identity\"}},\"85\":{\"type\":\"3\",\"fields\":{\"service\":\"Style Guidelines\"}},\"86\":{\"type\":\"3\",\"fields\":{\"service\":\"Print\\/OOH\"}},\"87\":{\"type\":\"3\",\"fields\":{\"service\":\"UX\\/UI\"}}}}},\"88\":{\"type\":\"offeredServices\",\"enabled\":\"1\",\"fields\":{\"serviceType\":\"Content\",\"service\":{\"89\":{\"type\":\"3\",\"fields\":{\"service\":\"Film\\/Video\"}},\"90\":{\"type\":\"3\",\"fields\":{\"service\":\"Animation\"}},\"91\":{\"type\":\"3\",\"fields\":{\"service\":\"Product\\/Lifestyle Photography\"}},\"92\":{\"type\":\"3\",\"fields\":{\"service\":\"Copywriting\"}}}}}},\"50\":\"#000000\",\"40\":{\"93\":{\"type\":\"service\",\"enabled\":\"1\",\"fields\":{\"copy\":\"We believe that open-hearted collaboration allows us to be in the right place to tell the right story on the channels that matter most.\",\"color\":\"#fa3517\",\"image\":[\"213\"],\"imageVerticalPosition\":\"top\",\"imageHorizontalPosition\":\"left\"}},\"94\":{\"type\":\"service\",\"enabled\":\"1\",\"fields\":{\"copy\":\"That a unique balance of hunger and humility enables our imagination to be boundless.\",\"color\":\"#ffb700\",\"image\":[\"190\"],\"imageVerticalPosition\":\"top\",\"imageHorizontalPosition\":\"left\"}},\"95\":{\"type\":\"service\",\"enabled\":\"1\",\"fields\":{\"copy\":\"Bold, honest, and always capable, our ideas empower brands to speak with creativity and heart.\",\"color\":\"#995b63\",\"image\":[\"209\"],\"imageVerticalPosition\":\"top\",\"imageHorizontalPosition\":\"left\"}}},\"7\":[\"186\"]}}', '2017-09-04 01:31:36', '2017-09-04 01:31:36', '22d7034b-da61-4c10-b730-f2cefdb64761'),
 ('96', '77', '2', '75', 'en_us', '18', '', '{\"typeId\":\"2\",\"authorId\":\"75\",\"title\":\"Instagram\",\"slug\":\"instagram\",\"postDate\":1503364800,\"expiryDate\":null,\"enabled\":1,\"parentId\":null,\"fields\":{\"6\":\"#59d8d8\",\"4\":\"<p>We backpacked for four months around the world to shoot a series for <a href=\\\"http:\\/\\/bokeh.agency\\/projects\\/instagram#entry:77:url\\\"><\\/a><a href=\\\"http:\\/\\/bokeh.agency\\/projects\\/instagram#entry:77:url\\\">Instagram<\\/a>.<\\/p>\",\"8\":\"left\",\"3\":[\"214\"],\"5\":\"Intro Paraggraph\",\"10\":\"\",\"2\":\"\",\"9\":\"top\"}}', '2017-09-04 01:39:05', '2017-09-04 01:39:05', '148b6c53-e104-40cd-8e94-483f2a5bc158'),
 ('97', '77', '2', '75', 'en_us', '19', '', '{\"typeId\":\"2\",\"authorId\":\"75\",\"title\":\"Instagram\",\"slug\":\"instagram\",\"postDate\":1503364800,\"expiryDate\":null,\"enabled\":1,\"parentId\":null,\"fields\":{\"6\":\"#59d8d8\",\"4\":\"<p>We backpacked for four months around the world to shoot a series for <a href=\\\"http:\\/\\/bokeh.agency\\/projects\\/instagram#entry:77:url\\\"><\\/a><a href=\\\"http:\\/\\/bokeh.agency\\/projects\\/instagram#entry:77:url\\\">Instagram<\\/a>.<\\/p>\",\"8\":\"left\",\"3\":[\"215\"],\"5\":\"Intro Paraggraph\",\"10\":\"\",\"2\":\"\",\"9\":\"top\"}}', '2017-09-04 01:46:06', '2017-09-04 01:46:06', 'ce30f287-5b3c-4da5-bea4-520f5f9982ff'),
 ('98', '77', '2', '75', 'en_us', '20', '', '{\"typeId\":\"2\",\"authorId\":\"75\",\"title\":\"Instagram\",\"slug\":\"instagram\",\"postDate\":1503364800,\"expiryDate\":null,\"enabled\":1,\"parentId\":null,\"fields\":{\"6\":\"#59d8d8\",\"4\":\"<p>We backpacked for four months around the world to shoot a series for <a href=\\\"http:\\/\\/bokeh.agency\\/projects\\/instagram#entry:77:url\\\"><\\/a><a href=\\\"http:\\/\\/bokeh.agency\\/projects\\/instagram#entry:77:url\\\">Instagram<\\/a>.<\\/p>\",\"8\":\"left\",\"3\":[\"216\"],\"5\":\"Intro Paraggraph\",\"10\":\"\",\"2\":\"\",\"9\":\"top\"}}', '2017-09-04 01:47:35', '2017-09-04 01:47:35', '41585afe-4e56-4b7a-b15d-6a65f6d7853f'),
 ('99', '77', '2', '75', 'en_us', '21', '', '{\"typeId\":\"2\",\"authorId\":\"75\",\"title\":\"Instagram\",\"slug\":\"instagram\",\"postDate\":1503364800,\"expiryDate\":null,\"enabled\":1,\"parentId\":null,\"fields\":{\"6\":\"#59d8d8\",\"4\":\"<p>We backpacked for four months around the world to shoot a series for <a href=\\\"http:\\/\\/bokeh.agency\\/projects\\/instagram#entry:77:url\\\"><\\/a><a href=\\\"http:\\/\\/bokeh.agency\\/projects\\/instagram#entry:77:url\\\">Instagram<\\/a>.<\\/p>\",\"8\":\"left\",\"3\":[\"29\"],\"5\":\"Intro Paraggraph\",\"10\":\"\",\"2\":\"\",\"9\":\"top\"}}', '2017-09-04 01:48:31', '2017-09-04 01:48:31', '509a9feb-fcf6-41fe-b404-333ed97a180c'),
 ('100', '77', '2', '75', 'en_us', '22', '', '{\"typeId\":\"2\",\"authorId\":\"75\",\"title\":\"Instagram\",\"slug\":\"instagram\",\"postDate\":1503364800,\"expiryDate\":null,\"enabled\":1,\"parentId\":null,\"fields\":{\"6\":\"#59d8d8\",\"4\":\"<p>We backpacked for four months around the world to shoot a series for <a href=\\\"http:\\/\\/bokeh.agency\\/projects\\/instagram#entry:77:url\\\"><\\/a><a href=\\\"http:\\/\\/bokeh.agency\\/projects\\/instagram#entry:77:url\\\">Instagram<\\/a>.<\\/p>\",\"8\":\"left\",\"3\":[\"217\"],\"5\":\"Intro Paraggraph\",\"10\":\"\",\"2\":\"\",\"9\":\"top\"}}', '2017-09-04 01:50:52', '2017-09-04 01:50:52', '404a07ab-554d-4d91-9664-eee5a64730f9'),
 ('101', '77', '2', '75', 'en_us', '23', '', '{\"typeId\":\"2\",\"authorId\":\"75\",\"title\":\"Instagram\",\"slug\":\"instagram\",\"postDate\":1503364800,\"expiryDate\":null,\"enabled\":1,\"parentId\":null,\"fields\":{\"6\":\"#59d8d8\",\"4\":\"<p>We backpacked for four months around the world to shoot a series for <a href=\\\"http:\\/\\/bokeh.agency\\/projects\\/instagram#entry:77:url\\\"><\\/a><a href=\\\"http:\\/\\/bokeh.agency\\/projects\\/instagram#entry:77:url\\\">Instagram<\\/a>.<\\/p>\",\"8\":\"left\",\"3\":[\"208\"],\"5\":\"Intro Paraggraph\",\"10\":\"\",\"2\":\"\",\"9\":\"top\"}}', '2017-09-04 01:53:18', '2017-09-04 01:53:18', 'f7500ab8-afe1-413f-9e71-882b9b3a4796'),
 ('102', '77', '2', '75', 'en_us', '24', '', '{\"typeId\":\"2\",\"authorId\":\"75\",\"title\":\"Instagram\",\"slug\":\"instagram\",\"postDate\":1503364800,\"expiryDate\":null,\"enabled\":1,\"parentId\":null,\"fields\":{\"6\":\"#59d8d8\",\"4\":\"<p>We backpacked for four months around the world to shoot a series for <a href=\\\"http:\\/\\/bokeh.agency\\/projects\\/instagram#entry:77:url\\\"><\\/a><a href=\\\"http:\\/\\/bokeh.agency\\/projects\\/instagram#entry:77:url\\\">Instagram<\\/a>.<\\/p>\",\"8\":\"left\",\"3\":[\"218\"],\"5\":\"Intro Paraggraph\",\"10\":\"\",\"2\":\"\",\"9\":\"top\"}}', '2017-09-04 01:55:07', '2017-09-04 01:55:07', 'ff2e1323-f928-4580-a180-718677a4cca7');
INSERT INTO `craft_entryversions` (`id`, `entryId`, `sectionId`, `creatorId`, `locale`, `num`, `notes`, `data`, `dateCreated`, `dateUpdated`, `uid`) VALUES
 ('103', '77', '2', '75', 'en_us', '25', '', '{\"typeId\":\"2\",\"authorId\":\"75\",\"title\":\"Instagram\",\"slug\":\"instagram\",\"postDate\":1503364800,\"expiryDate\":null,\"enabled\":1,\"parentId\":null,\"fields\":{\"6\":\"#59d8d8\",\"4\":\"<p>We backpacked for four months around the world to shoot a series for <a href=\\\"http:\\/\\/bokeh.agency\\/projects\\/instagram#entry:77:url\\\"><\\/a><a href=\\\"http:\\/\\/bokeh.agency\\/projects\\/instagram#entry:77:url\\\">Instagram<\\/a>.<\\/p>\",\"8\":\"left\",\"3\":[\"219\"],\"5\":\"Intro Paraggraph\",\"10\":\"\",\"2\":\"\",\"9\":\"top\"}}', '2017-09-04 01:56:14', '2017-09-04 01:56:14', 'b6f4870f-c769-42c4-8d80-76b23e1126a7'),
 ('104', '2', '1', '75', 'en_us', '36', '', '{\"typeId\":null,\"authorId\":null,\"title\":\"Welcome\",\"slug\":\"homepage\",\"postDate\":1502679916,\"expiryDate\":null,\"enabled\":1,\"parentId\":null,\"fields\":{\"1\":\"<p>A creative partner for brands ready to move at the speed of inspiration.<\\/p>\",\"51\":\"We\'ve worked with some of the best teams in the world, and are proud to call these clients our partners and friends\",\"52\":{\"131\":{\"type\":\"clientLogo\",\"enabled\":\"1\",\"fields\":{\"client\":[\"120\"]}},\"132\":{\"type\":\"clientLogo\",\"enabled\":\"1\",\"fields\":{\"client\":[\"117\"]}},\"133\":{\"type\":\"clientLogo\",\"enabled\":\"1\",\"fields\":{\"client\":[\"121\"]}},\"134\":{\"type\":\"clientLogo\",\"enabled\":\"1\",\"fields\":{\"client\":[\"128\"]}},\"135\":{\"type\":\"clientLogo\",\"enabled\":\"1\",\"fields\":{\"client\":[\"127\"]}},\"136\":{\"type\":\"clientLogo\",\"enabled\":\"1\",\"fields\":{\"client\":[\"129\"]}},\"137\":{\"type\":\"clientLogo\",\"enabled\":\"1\",\"fields\":{\"client\":[\"122\"]}},\"138\":{\"type\":\"clientLogo\",\"enabled\":\"1\",\"fields\":{\"client\":[\"125\"]}},\"139\":{\"type\":\"clientLogo\",\"enabled\":\"1\",\"fields\":{\"client\":[\"126\"]}},\"140\":{\"type\":\"clientLogo\",\"enabled\":\"1\",\"fields\":{\"client\":[\"123\"]}},\"141\":{\"type\":\"clientLogo\",\"enabled\":\"1\",\"fields\":{\"client\":[\"118\"]}},\"142\":{\"type\":\"clientLogo\",\"enabled\":\"1\",\"fields\":{\"client\":[\"145\"]}},\"143\":{\"type\":\"clientLogo\",\"enabled\":\"1\",\"fields\":{\"client\":[\"124\"]}},\"144\":{\"type\":\"clientLogo\",\"enabled\":\"1\",\"fields\":{\"client\":[\"130\"]}}},\"6\":\"#fab300\",\"38\":[\"4\",\"77\",\"28\"],\"3\":\"\",\"46\":{\"78\":{\"type\":\"offeredServices\",\"enabled\":\"1\",\"fields\":{\"serviceType\":\"Strategy\",\"service\":{\"79\":{\"type\":\"3\",\"fields\":{\"service\":\"Branding\"}},\"80\":{\"type\":\"3\",\"fields\":{\"service\":\"Content\"}},\"81\":{\"type\":\"3\",\"fields\":{\"service\":\"Social\"}},\"82\":{\"type\":\"3\",\"fields\":{\"service\":\"Digital\"}}}}},\"83\":{\"type\":\"offeredServices\",\"enabled\":\"1\",\"fields\":{\"serviceType\":\"Design\",\"service\":{\"84\":{\"type\":\"3\",\"fields\":{\"service\":\"Identity\"}},\"85\":{\"type\":\"3\",\"fields\":{\"service\":\"Style Guidelines\"}},\"86\":{\"type\":\"3\",\"fields\":{\"service\":\"Print\\/OOH\"}},\"87\":{\"type\":\"3\",\"fields\":{\"service\":\"UX\\/UI\"}}}}},\"88\":{\"type\":\"offeredServices\",\"enabled\":\"1\",\"fields\":{\"serviceType\":\"Content\",\"service\":{\"89\":{\"type\":\"3\",\"fields\":{\"service\":\"Film\\/Video\"}},\"90\":{\"type\":\"3\",\"fields\":{\"service\":\"Animation\"}},\"91\":{\"type\":\"3\",\"fields\":{\"service\":\"Product\\/Lifestyle Photography\"}},\"92\":{\"type\":\"3\",\"fields\":{\"service\":\"Copywriting\"}}}}}},\"50\":\"#000000\",\"40\":{\"93\":{\"type\":\"service\",\"enabled\":\"1\",\"fields\":{\"copy\":\"We believe that open-hearted collaboration allows us to be in the right place to tell the right story on the channels that matter most.\",\"color\":\"#fa3517\",\"image\":[\"213\"],\"imageVerticalPosition\":\"top\",\"imageHorizontalPosition\":\"left\"}},\"94\":{\"type\":\"service\",\"enabled\":\"1\",\"fields\":{\"copy\":\"That a unique balance of hunger and humility enables our imagination to be boundless.\",\"color\":\"#ffb700\",\"image\":[\"190\"],\"imageVerticalPosition\":\"top\",\"imageHorizontalPosition\":\"left\"}},\"95\":{\"type\":\"service\",\"enabled\":\"1\",\"fields\":{\"copy\":\"Bold, honest, and always capable, our ideas empower brands to speak with creativity and heart.\",\"color\":\"#995b63\",\"image\":[\"209\"],\"imageVerticalPosition\":\"top\",\"imageHorizontalPosition\":\"left\"}}},\"7\":[\"220\"]}}', '2017-09-04 18:26:48', '2017-09-04 18:26:48', '7c468390-333c-4418-95fc-3a2c516751a1'),
 ('105', '4', '2', '1', 'en_us', '20', '', '{\"typeId\":\"2\",\"authorId\":\"1\",\"title\":\"Airbnb\",\"slug\":\"airbnb\",\"postDate\":1502508000,\"expiryDate\":null,\"enabled\":1,\"parentId\":null,\"fields\":{\"6\":\"#fa3517\",\"4\":\"<p><strong>The campaign that <em>\\u201c<\\/em><em>brought the house down<\\/em><em>\\u201d<\\/em>&nbsp;at <a href=\\\"http:\\/\\/localhost:8888\\/bokeh\\/public_html\\/projects\\/airbnb#entry:4:url\\\">Airbnb<\\/a>.<\\/strong><\\/p>\",\"8\":\"center\",\"3\":[\"182\"],\"5\":\"On November 17, 2016, Airbnb announced the largest product expansion in its history. Just five weeks earlier, Bokeh was asked to join its sprint to the finish line.\",\"10\":{\"146\":{\"type\":\"quote\",\"enabled\":\"1\",\"fields\":{\"quote\":\"\\u201cThis film brought the house down. I cannot imagine now having done this without it.\\u201d\",\"avatar\":\"\",\"personsName\":\"Brian Chesky\",\"jobTitle\":\"\"}},\"147\":{\"type\":\"text\",\"enabled\":\"1\",\"fields\":{\"copy\":\"<p><strong>Mission:<\\/strong><\\/p>\\r\\n<p>On November 17, 2016, Airbnb announced the largest product expansion in its history. Just five weeks earlier, Bokeh was asked to join its sprint to the finish line.<\\/p>\\r\\n<p>Working alongside engineering, brand, product marketing, art, and C-level teams, we developed a dizzying amount of content to educate users on new features, advertise and build awareness on social media, and, ultimately, to introduce the world to Airbnb Trips on-stage at Airbnb Open in Los Angeles.<\\/p>\"}},\"153\":{\"type\":\"video\",\"enabled\":\"1\",\"fields\":{\"videoUrl\":\"https:\\/\\/vimeo.com\\/193175968\",\"caption\":\"Welcome to the World of Trips | Aired During Airbnb Open 2016 Keynote\"}},\"154\":{\"type\":\"quote\",\"enabled\":\"1\",\"fields\":{\"quote\":\"Services:\",\"avatar\":[\"5\"],\"personsName\":\"Services: Concept, Branding (motion logomark) Film\\/Video, Animation, Digital Ads, Social Ads\",\"jobTitle\":\"\"}},\"148\":{\"type\":\"quote\",\"enabled\":\"1\",\"fields\":{\"quote\":\"Deliverables:\",\"avatar\":[\"57\"],\"personsName\":\"Sixteen animated and live-action functional films Airbnb Trips Reveal film and Future of Homes film Four 15-second digital ads New Airbnb Motion logo\",\"jobTitle\":\"\"}},\"178\":{\"type\":\"video\",\"enabled\":\"1\",\"fields\":{\"videoUrl\":\"https:\\/\\/vimeo.com\\/231786676\",\"caption\":\"Airbnb motion logo\"}},\"155\":{\"type\":\"text\",\"enabled\":\"1\",\"fields\":{\"copy\":\"<p><strong>Let\\u2019s get functional<\\/strong><\\/p>\\r\\n<p>We started by developing eight animated and live-action product marketing videos to introduce users to key features built into the new Airbnb app. Each video needed to be playable in both landscape and portrait mode. Double the work&hellip; double the fun.<\\/p>\"}},\"156\":{\"type\":\"fullWidthImage\",\"enabled\":\"1\",\"fields\":{\"image\":[\"150\"],\"caption\":\"\"}},\"157\":{\"type\":\"videoCarousel\",\"enabled\":\"1\",\"fields\":{\"video\":{\"158\":{\"type\":\"1\",\"fields\":{\"video\":\"https:\\/\\/vimeo.com\\/193177317\",\"caption\":\"Introducing Experiences\"}},\"159\":{\"type\":\"1\",\"fields\":{\"video\":\"https:\\/\\/vimeo.com\\/193177901\",\"caption\":\"Introducing Itinerary\"}},\"160\":{\"type\":\"1\",\"fields\":{\"video\":\"https:\\/\\/vimeo.com\\/193177150\",\"caption\":\"Introducing Co-hosting\"}},\"161\":{\"type\":\"1\",\"fields\":{\"video\":\"https:\\/\\/vimeo.com\\/193177011\",\"caption\":\"Introducing Social Impact Experiences\"}}}}},\"162\":{\"type\":\"text\",\"enabled\":\"1\",\"fields\":{\"copy\":\"<p><strong>Our <\\/strong><strong><em>Argo<\\/em><\\/strong><strong> moment<\\/strong><br><\\/p>\\r\\n<p>Meanwhile, Bokeh\\u2019s CEO, David, went undercover with an exuberant crew of filmmakers to old Havana, Cuba. With no time to obtain permits, we developed alibis to explain the excessive amount of camera gear. We got the greenlight thanks to some quick thinking and charming Spanglish. <\\/p>\"}},\"163\":{\"type\":\"video\",\"enabled\":\"1\",\"fields\":{\"videoUrl\":\"https:\\/\\/vimeo.com\\/193176889\",\"caption\":\"Staying Connected in Cuba\"}},\"164\":{\"type\":\"threeUpImages\",\"enabled\":\"1\",\"fields\":{\"firstImage\":[\"152\"],\"secondImage\":[\"21\"],\"thirdImage\":[\"72\"]}},\"165\":{\"type\":\"text\",\"enabled\":\"1\",\"fields\":{\"copy\":\"<p><strong>In the clutch<\\/strong><br><\\/p>\\r\\n<p>Two days before the Airbnb Open, Brian needed a Hail Mary. He asked Bokeh to develop two more product videos for his keynote presentation, including the anthem piece that would be used to officially announce the launch of Airbnb Trips.<\\/p>\"}},\"166\":{\"type\":\"video\",\"enabled\":\"1\",\"fields\":{\"videoUrl\":\"https:\\/\\/vimeo.com\\/193184792\",\"caption\":\"Airbnb Collections Teaser | Aired During AO 2016 Keynote\"}},\"167\":{\"type\":\"videoCarousel\",\"enabled\":\"1\",\"fields\":{\"video\":{\"168\":{\"type\":\"1\",\"fields\":{\"video\":\"https:\\/\\/vimeo.com\\/194444259\",\"caption\":\"Burlesque\"}},\"169\":{\"type\":\"1\",\"fields\":{\"video\":\"https:\\/\\/vimeo.com\\/193185940\",\"caption\":\"Samurai\"}},\"170\":{\"type\":\"1\",\"fields\":{\"video\":\"https:\\/\\/vimeo.com\\/193185835\",\"caption\":\"Runner\"}},\"171\":{\"type\":\"1\",\"fields\":{\"video\":\"https:\\/\\/vimeo.com\\/193186104\",\"caption\":\"Scenester\"}}}}},\"179\":{\"type\":\"text\",\"enabled\":\"1\",\"fields\":{\"copy\":\"<p><strong>The payoff<\\/strong><\\/p>\\r\\n<p>The assets were leveraged across a variety of channels from Airbnb Open to product landing pages, social and YouTube, email newsletters, and paid media. The functional videos amassed over <strong>11 million views in less than three weeks<\\/strong>. On Airbnb product pages, the <strong>video click-through-rate reached as high as 15 percent<\\/strong>. <\\/p>\\r\\n<p>We received coverage in the <strong><em>NYTimes<\\/em><\\/strong><strong>, Adweek, <\\/strong><strong><em>Travel + Leisure<\\/em><\\/strong><strong>, TechCrunch, Mashable, <\\/strong><strong><em>The Telegraph<\\/em><\\/strong><strong>, and Fast Company.<\\/strong><\\/p>\"}},\"180\":{\"type\":\"fiveUpImages\",\"enabled\":\"1\",\"fields\":{\"firstImage\":[\"174\"],\"secondImage\":[\"173\"],\"thirdImage\":[\"172\"],\"fourthImage\":[\"175\"],\"fifthImage\":[\"71\"]}},\"181\":{\"type\":\"fullWidthImage\",\"enabled\":\"1\",\"fields\":{\"image\":[\"177\"],\"caption\":\"\"}}},\"2\":[\"96\"],\"9\":\"center\"}}', '2017-09-05 20:21:34', '2017-09-05 20:21:34', '7914fe16-05aa-4538-9dc1-738c56b06c26'),
 ('106', '4', '2', '1', 'en_us', '21', '', '{\"typeId\":\"2\",\"authorId\":\"1\",\"title\":\"Airbnb\",\"slug\":\"airbnb\",\"postDate\":1502508000,\"expiryDate\":null,\"enabled\":1,\"parentId\":null,\"fields\":{\"6\":\"#fa3517\",\"4\":\"<p><strong>The campaign that <em>\\u201c<\\/em><em>brought the house down<\\/em><em>\\u201d<\\/em>&nbsp;at <a href=\\\"http:\\/\\/localhost:8888\\/bokeh\\/public_html\\/projects\\/airbnb#entry:4:url\\\">Airbnb<\\/a>.<\\/strong><\\/p>\",\"8\":\"center\",\"3\":[\"182\"],\"5\":\"On November 17, 2016, Airbnb announced the largest product expansion in its history. Just five weeks earlier, Bokeh was asked to join its sprint to the finish line.\",\"10\":{\"146\":{\"type\":\"quote\",\"enabled\":\"1\",\"fields\":{\"quote\":\"\\u201cThis film brought the house down. I cannot imagine now having done this without it.\\u201d\",\"avatar\":\"\",\"personsName\":\"Brian Chesky\",\"jobTitle\":\"CEO of Airbnb\"}},\"147\":{\"type\":\"text\",\"enabled\":\"1\",\"fields\":{\"copy\":\"<p><strong>Mission:<\\/strong><\\/p>\\r\\n<p>On November 17, 2016, Airbnb announced the largest product expansion in its history. Just five weeks earlier, Bokeh was asked to join its sprint to the finish line.<\\/p>\\r\\n<p>Working alongside engineering, brand, product marketing, art, and C-level teams, we developed a dizzying amount of content to educate users on new features, advertise and build awareness on social media, and, ultimately, to introduce the world to Airbnb Trips on-stage at Airbnb Open in Los Angeles.<\\/p>\"}},\"153\":{\"type\":\"video\",\"enabled\":\"1\",\"fields\":{\"videoUrl\":\"https:\\/\\/vimeo.com\\/193175968\",\"caption\":\"Welcome to the World of Trips | Aired During Airbnb Open 2016 Keynote\"}},\"154\":{\"type\":\"quote\",\"enabled\":\"1\",\"fields\":{\"quote\":\"Services:\",\"avatar\":[\"5\"],\"personsName\":\"Services: Concept, Branding (motion logomark) Film\\/Video, Animation, Digital Ads, Social Ads\",\"jobTitle\":\"\"}},\"148\":{\"type\":\"quote\",\"enabled\":\"1\",\"fields\":{\"quote\":\"Deliverables:\",\"avatar\":[\"57\"],\"personsName\":\"Sixteen animated and live-action functional films Airbnb Trips Reveal film and Future of Homes film Four 15-second digital ads New Airbnb Motion logo\",\"jobTitle\":\"\"}},\"178\":{\"type\":\"video\",\"enabled\":\"1\",\"fields\":{\"videoUrl\":\"https:\\/\\/vimeo.com\\/231786676\",\"caption\":\"Airbnb motion logo\"}},\"155\":{\"type\":\"text\",\"enabled\":\"1\",\"fields\":{\"copy\":\"<p><strong>Let\\u2019s get functional<\\/strong><\\/p>\\r\\n<p>We started by developing eight animated and live-action product marketing videos to introduce users to key features built into the new Airbnb app. Each video needed to be playable in both landscape and portrait mode. Double the work&hellip; double the fun.<\\/p>\"}},\"156\":{\"type\":\"fullWidthImage\",\"enabled\":\"1\",\"fields\":{\"image\":[\"150\"],\"caption\":\"\"}},\"157\":{\"type\":\"videoCarousel\",\"enabled\":\"1\",\"fields\":{\"video\":{\"158\":{\"type\":\"1\",\"fields\":{\"video\":\"https:\\/\\/vimeo.com\\/193177317\",\"caption\":\"Introducing Experiences\"}},\"159\":{\"type\":\"1\",\"fields\":{\"video\":\"https:\\/\\/vimeo.com\\/193177901\",\"caption\":\"Introducing Itinerary\"}},\"160\":{\"type\":\"1\",\"fields\":{\"video\":\"https:\\/\\/vimeo.com\\/193177150\",\"caption\":\"Introducing Co-hosting\"}},\"161\":{\"type\":\"1\",\"fields\":{\"video\":\"https:\\/\\/vimeo.com\\/193177011\",\"caption\":\"Introducing Social Impact Experiences\"}}}}},\"162\":{\"type\":\"text\",\"enabled\":\"1\",\"fields\":{\"copy\":\"<p><strong>Our <\\/strong><strong><em>Argo<\\/em><\\/strong><strong> moment<\\/strong><br><\\/p>\\r\\n<p>Meanwhile, Bokeh\\u2019s CEO, David, went undercover with an exuberant crew of filmmakers to old Havana, Cuba. With no time to obtain permits, we developed alibis to explain the excessive amount of camera gear. We got the greenlight thanks to some quick thinking and charming Spanglish. <\\/p>\"}},\"163\":{\"type\":\"video\",\"enabled\":\"1\",\"fields\":{\"videoUrl\":\"https:\\/\\/vimeo.com\\/193176889\",\"caption\":\"Staying Connected in Cuba\"}},\"164\":{\"type\":\"threeUpImages\",\"enabled\":\"1\",\"fields\":{\"firstImage\":[\"152\"],\"secondImage\":[\"21\"],\"thirdImage\":[\"72\"]}},\"165\":{\"type\":\"text\",\"enabled\":\"1\",\"fields\":{\"copy\":\"<p><strong>In the clutch<\\/strong><br><\\/p>\\r\\n<p>Two days before the Airbnb Open, Brian needed a Hail Mary. He asked Bokeh to develop two more product videos for his keynote presentation, including the anthem piece that would be used to officially announce the launch of Airbnb Trips.<\\/p>\"}},\"166\":{\"type\":\"video\",\"enabled\":\"1\",\"fields\":{\"videoUrl\":\"https:\\/\\/vimeo.com\\/193184792\",\"caption\":\"Airbnb Collections Teaser | Aired During AO 2016 Keynote\"}},\"167\":{\"type\":\"videoCarousel\",\"enabled\":\"1\",\"fields\":{\"video\":{\"168\":{\"type\":\"1\",\"fields\":{\"video\":\"https:\\/\\/vimeo.com\\/194444259\",\"caption\":\"Burlesque\"}},\"169\":{\"type\":\"1\",\"fields\":{\"video\":\"https:\\/\\/vimeo.com\\/193185940\",\"caption\":\"Samurai\"}},\"170\":{\"type\":\"1\",\"fields\":{\"video\":\"https:\\/\\/vimeo.com\\/193185835\",\"caption\":\"Runner\"}},\"171\":{\"type\":\"1\",\"fields\":{\"video\":\"https:\\/\\/vimeo.com\\/193186104\",\"caption\":\"Scenester\"}}}}},\"179\":{\"type\":\"text\",\"enabled\":\"1\",\"fields\":{\"copy\":\"<p><strong>The payoff<\\/strong><\\/p>\\r\\n<p>The assets were leveraged across a variety of channels from Airbnb Open to product landing pages, social and YouTube, email newsletters, and paid media. The functional videos amassed over <strong>11 million views in less than three weeks<\\/strong>. On Airbnb product pages, the <strong>video click-through-rate reached as high as 15 percent<\\/strong>. <\\/p>\\r\\n<p>We received coverage in the <strong><em>NYTimes<\\/em><\\/strong><strong>, Adweek, <\\/strong><strong><em>Travel + Leisure<\\/em><\\/strong><strong>, TechCrunch, Mashable, <\\/strong><strong><em>The Telegraph<\\/em><\\/strong><strong>, and Fast Company.<\\/strong><\\/p>\"}},\"180\":{\"type\":\"fiveUpImages\",\"enabled\":\"1\",\"fields\":{\"firstImage\":[\"174\"],\"secondImage\":[\"173\"],\"thirdImage\":[\"172\"],\"fourthImage\":[\"175\"],\"fifthImage\":[\"71\"]}},\"181\":{\"type\":\"fullWidthImage\",\"enabled\":\"1\",\"fields\":{\"image\":[\"177\"],\"caption\":\"\"}}},\"2\":[\"96\"],\"9\":\"center\"}}', '2017-09-05 20:23:58', '2017-09-05 20:23:58', '55e46e06-a8ca-477c-9d86-5f332935c391'),
 ('107', '4', '2', '1', 'en_us', '22', '', '{\"typeId\":\"2\",\"authorId\":\"1\",\"title\":\"Airbnb\",\"slug\":\"airbnb\",\"postDate\":1502508000,\"expiryDate\":null,\"enabled\":1,\"parentId\":null,\"fields\":{\"6\":\"#fa3517\",\"4\":\"<p><strong>The campaign that <em>\\u201c<\\/em><em>brought the house down<\\/em><em>\\u201d<\\/em>&nbsp;at <a href=\\\"http:\\/\\/localhost:8888\\/bokeh\\/public_html\\/projects\\/airbnb#entry:4:url\\\">Airbnb<\\/a>.<\\/strong><\\/p>\",\"8\":\"center\",\"3\":[\"182\"],\"5\":\"On November 17, 2016, Airbnb announced the largest product expansion in its history. Just five weeks earlier, Bokeh was asked to join its sprint to the finish line.\",\"10\":{\"146\":{\"type\":\"quote\",\"enabled\":\"1\",\"fields\":{\"quote\":\"\\u201cThis film brought the house down. I cannot imagine now having done this without it.\\u201d\",\"avatar\":\"\",\"personsName\":\"Brian Chesky\",\"jobTitle\":\"CEO of Airbnb\"}},\"147\":{\"type\":\"text\",\"enabled\":\"1\",\"fields\":{\"copy\":\"<p><strong>Mission:<\\/strong><\\/p>\\r\\n<p>On November 17, 2016, Airbnb announced the largest product expansion in its history. Just five weeks earlier, Bokeh was asked to join its sprint to the finish line.<\\/p>\\r\\n<p>Working alongside engineering, brand, product marketing, art, and C-level teams, we developed a dizzying amount of content to educate users on new features, advertise and build awareness on social media, and, ultimately, to introduce the world to Airbnb Trips on-stage at Airbnb Open in Los Angeles.<\\/p>\"}},\"153\":{\"type\":\"video\",\"enabled\":\"1\",\"fields\":{\"videoUrl\":\"https:\\/\\/vimeo.com\\/193175968\",\"caption\":\"Welcome to the World of Trips | Aired During Airbnb Open 2016 Keynote\"}},\"154\":{\"type\":\"quote\",\"enabled\":\"1\",\"fields\":{\"quote\":\"Services:\",\"avatar\":\"\",\"personsName\":\"Services: Concept, Branding (motion logomark) Film\\/Video, Animation, Digital Ads, Social Ads\",\"jobTitle\":\"\",\"hideShapeBackground\":\"hideShape\"}},\"148\":{\"type\":\"quote\",\"enabled\":\"1\",\"fields\":{\"quote\":\"Deliverables:\",\"avatar\":[\"57\"],\"personsName\":\"Sixteen animated and live-action functional films Airbnb Trips Reveal film and Future of Homes film Four 15-second digital ads New Airbnb Motion logo\",\"jobTitle\":\"\"}},\"178\":{\"type\":\"video\",\"enabled\":\"1\",\"fields\":{\"videoUrl\":\"https:\\/\\/vimeo.com\\/231786676\",\"caption\":\"Airbnb motion logo\"}},\"155\":{\"type\":\"text\",\"enabled\":\"1\",\"fields\":{\"copy\":\"<p><strong>Let\\u2019s get functional<\\/strong><\\/p>\\r\\n<p>We started by developing eight animated and live-action product marketing videos to introduce users to key features built into the new Airbnb app. Each video needed to be playable in both landscape and portrait mode. Double the work&hellip; double the fun.<\\/p>\"}},\"156\":{\"type\":\"fullWidthImage\",\"enabled\":\"1\",\"fields\":{\"image\":[\"150\"],\"caption\":\"\"}},\"157\":{\"type\":\"videoCarousel\",\"enabled\":\"1\",\"fields\":{\"video\":{\"158\":{\"type\":\"1\",\"fields\":{\"video\":\"https:\\/\\/vimeo.com\\/193177317\",\"caption\":\"Introducing Experiences\"}},\"159\":{\"type\":\"1\",\"fields\":{\"video\":\"https:\\/\\/vimeo.com\\/193177901\",\"caption\":\"Introducing Itinerary\"}},\"160\":{\"type\":\"1\",\"fields\":{\"video\":\"https:\\/\\/vimeo.com\\/193177150\",\"caption\":\"Introducing Co-hosting\"}},\"161\":{\"type\":\"1\",\"fields\":{\"video\":\"https:\\/\\/vimeo.com\\/193177011\",\"caption\":\"Introducing Social Impact Experiences\"}}}}},\"162\":{\"type\":\"text\",\"enabled\":\"1\",\"fields\":{\"copy\":\"<p><strong>Our <\\/strong><strong><em>Argo<\\/em><\\/strong><strong> moment<\\/strong><br><\\/p>\\r\\n<p>Meanwhile, Bokeh\\u2019s CEO, David, went undercover with an exuberant crew of filmmakers to old Havana, Cuba. With no time to obtain permits, we developed alibis to explain the excessive amount of camera gear. We got the greenlight thanks to some quick thinking and charming Spanglish. <\\/p>\"}},\"163\":{\"type\":\"video\",\"enabled\":\"1\",\"fields\":{\"videoUrl\":\"https:\\/\\/vimeo.com\\/193176889\",\"caption\":\"Staying Connected in Cuba\"}},\"164\":{\"type\":\"threeUpImages\",\"enabled\":\"1\",\"fields\":{\"firstImage\":[\"152\"],\"secondImage\":[\"21\"],\"thirdImage\":[\"72\"]}},\"165\":{\"type\":\"text\",\"enabled\":\"1\",\"fields\":{\"copy\":\"<p><strong>In the clutch<\\/strong><br><\\/p>\\r\\n<p>Two days before the Airbnb Open, Brian needed a Hail Mary. He asked Bokeh to develop two more product videos for his keynote presentation, including the anthem piece that would be used to officially announce the launch of Airbnb Trips.<\\/p>\"}},\"166\":{\"type\":\"video\",\"enabled\":\"1\",\"fields\":{\"videoUrl\":\"https:\\/\\/vimeo.com\\/193184792\",\"caption\":\"Airbnb Collections Teaser | Aired During AO 2016 Keynote\"}},\"167\":{\"type\":\"videoCarousel\",\"enabled\":\"1\",\"fields\":{\"video\":{\"168\":{\"type\":\"1\",\"fields\":{\"video\":\"https:\\/\\/vimeo.com\\/194444259\",\"caption\":\"Burlesque\"}},\"169\":{\"type\":\"1\",\"fields\":{\"video\":\"https:\\/\\/vimeo.com\\/193185940\",\"caption\":\"Samurai\"}},\"170\":{\"type\":\"1\",\"fields\":{\"video\":\"https:\\/\\/vimeo.com\\/193185835\",\"caption\":\"Runner\"}},\"171\":{\"type\":\"1\",\"fields\":{\"video\":\"https:\\/\\/vimeo.com\\/193186104\",\"caption\":\"Scenester\"}}}}},\"179\":{\"type\":\"text\",\"enabled\":\"1\",\"fields\":{\"copy\":\"<p><strong>The payoff<\\/strong><\\/p>\\r\\n<p>The assets were leveraged across a variety of channels from Airbnb Open to product landing pages, social and YouTube, email newsletters, and paid media. The functional videos amassed over <strong>11 million views in less than three weeks<\\/strong>. On Airbnb product pages, the <strong>video click-through-rate reached as high as 15 percent<\\/strong>. <\\/p>\\r\\n<p>We received coverage in the <strong><em>NYTimes<\\/em><\\/strong><strong>, Adweek, <\\/strong><strong><em>Travel + Leisure<\\/em><\\/strong><strong>, TechCrunch, Mashable, <\\/strong><strong><em>The Telegraph<\\/em><\\/strong><strong>, and Fast Company.<\\/strong><\\/p>\"}},\"180\":{\"type\":\"fiveUpImages\",\"enabled\":\"1\",\"fields\":{\"firstImage\":[\"174\"],\"secondImage\":[\"173\"],\"thirdImage\":[\"172\"],\"fourthImage\":[\"175\"],\"fifthImage\":[\"71\"]}},\"181\":{\"type\":\"fullWidthImage\",\"enabled\":\"1\",\"fields\":{\"image\":[\"177\"],\"caption\":\"\"}}},\"2\":[\"96\"],\"9\":\"center\"}}', '2017-09-05 20:28:26', '2017-09-05 20:28:26', 'd44f56a5-8fc8-47c7-90b2-d9cd2797b4f0'),
 ('108', '4', '2', '1', 'en_us', '23', '', '{\"typeId\":\"2\",\"authorId\":\"1\",\"title\":\"Airbnb\",\"slug\":\"airbnb\",\"postDate\":1502508000,\"expiryDate\":null,\"enabled\":1,\"parentId\":null,\"fields\":{\"6\":\"#fa3517\",\"4\":\"<p><strong>The campaign that <em>\\u201c<\\/em><em>brought the house down<\\/em><em>\\u201d<\\/em>&nbsp;at <a href=\\\"http:\\/\\/localhost:8888\\/bokeh\\/public_html\\/projects\\/airbnb#entry:4:url\\\">Airbnb<\\/a>.<\\/strong><\\/p>\",\"8\":\"center\",\"3\":[\"182\"],\"5\":\"On November 17, 2016, Airbnb announced the largest product expansion in its history. Just five weeks earlier, Bokeh was asked to join its sprint to the finish line.\",\"10\":{\"146\":{\"type\":\"quote\",\"enabled\":\"1\",\"fields\":{\"quote\":\"\\u201cThis film brought the house down. I cannot imagine now having done this without it.\\u201d\",\"avatar\":\"\",\"personsName\":\"Brian Chesky\",\"jobTitle\":\"CEO of Airbnb\",\"shapeBackground\":\"\"}},\"147\":{\"type\":\"text\",\"enabled\":\"1\",\"fields\":{\"copy\":\"<p><strong>Mission:<\\/strong><\\/p>\\r\\n<p>On November 17, 2016, Airbnb announced the largest product expansion in its history. Just five weeks earlier, Bokeh was asked to join its sprint to the finish line.<\\/p>\\r\\n<p>Working alongside engineering, brand, product marketing, art, and C-level teams, we developed a dizzying amount of content to educate users on new features, advertise and build awareness on social media, and, ultimately, to introduce the world to Airbnb Trips on-stage at Airbnb Open in Los Angeles.<\\/p>\"}},\"153\":{\"type\":\"video\",\"enabled\":\"1\",\"fields\":{\"videoUrl\":\"https:\\/\\/vimeo.com\\/193175968\",\"caption\":\"Welcome to the World of Trips | Aired During Airbnb Open 2016 Keynote\"}},\"154\":{\"type\":\"quote\",\"enabled\":\"1\",\"fields\":{\"quote\":\"Services:\",\"avatar\":\"\",\"personsName\":\"Services: Concept, Branding (motion logomark) Film\\/Video, Animation, Digital Ads, Social Ads\",\"jobTitle\":\"\",\"shapeBackground\":[\"hide\"]}},\"148\":{\"type\":\"quote\",\"enabled\":\"1\",\"fields\":{\"quote\":\"Deliverables:\",\"avatar\":[\"57\"],\"personsName\":\"Sixteen animated and live-action functional films Airbnb Trips Reveal film and Future of Homes film Four 15-second digital ads New Airbnb Motion logo\",\"jobTitle\":\"\",\"shapeBackground\":\"\"}},\"178\":{\"type\":\"video\",\"enabled\":\"1\",\"fields\":{\"videoUrl\":\"https:\\/\\/vimeo.com\\/231786676\",\"caption\":\"Airbnb motion logo\"}},\"155\":{\"type\":\"text\",\"enabled\":\"1\",\"fields\":{\"copy\":\"<p><strong>Let\\u2019s get functional<\\/strong><\\/p>\\r\\n<p>We started by developing eight animated and live-action product marketing videos to introduce users to key features built into the new Airbnb app. Each video needed to be playable in both landscape and portrait mode. Double the work&hellip; double the fun.<\\/p>\"}},\"156\":{\"type\":\"fullWidthImage\",\"enabled\":\"1\",\"fields\":{\"image\":[\"150\"],\"caption\":\"\"}},\"157\":{\"type\":\"videoCarousel\",\"enabled\":\"1\",\"fields\":{\"video\":{\"158\":{\"type\":\"1\",\"fields\":{\"video\":\"https:\\/\\/vimeo.com\\/193177317\",\"caption\":\"Introducing Experiences\"}},\"159\":{\"type\":\"1\",\"fields\":{\"video\":\"https:\\/\\/vimeo.com\\/193177901\",\"caption\":\"Introducing Itinerary\"}},\"160\":{\"type\":\"1\",\"fields\":{\"video\":\"https:\\/\\/vimeo.com\\/193177150\",\"caption\":\"Introducing Co-hosting\"}},\"161\":{\"type\":\"1\",\"fields\":{\"video\":\"https:\\/\\/vimeo.com\\/193177011\",\"caption\":\"Introducing Social Impact Experiences\"}}}}},\"162\":{\"type\":\"text\",\"enabled\":\"1\",\"fields\":{\"copy\":\"<p><strong>Our <\\/strong><strong><em>Argo<\\/em><\\/strong><strong> moment<\\/strong><br><\\/p>\\r\\n<p>Meanwhile, Bokeh\\u2019s CEO, David, went undercover with an exuberant crew of filmmakers to old Havana, Cuba. With no time to obtain permits, we developed alibis to explain the excessive amount of camera gear. We got the greenlight thanks to some quick thinking and charming Spanglish. <\\/p>\"}},\"163\":{\"type\":\"video\",\"enabled\":\"1\",\"fields\":{\"videoUrl\":\"https:\\/\\/vimeo.com\\/193176889\",\"caption\":\"Staying Connected in Cuba\"}},\"164\":{\"type\":\"threeUpImages\",\"enabled\":\"1\",\"fields\":{\"firstImage\":[\"152\"],\"secondImage\":[\"21\"],\"thirdImage\":[\"72\"]}},\"165\":{\"type\":\"text\",\"enabled\":\"1\",\"fields\":{\"copy\":\"<p><strong>In the clutch<\\/strong><br><\\/p>\\r\\n<p>Two days before the Airbnb Open, Brian needed a Hail Mary. He asked Bokeh to develop two more product videos for his keynote presentation, including the anthem piece that would be used to officially announce the launch of Airbnb Trips.<\\/p>\"}},\"166\":{\"type\":\"video\",\"enabled\":\"1\",\"fields\":{\"videoUrl\":\"https:\\/\\/vimeo.com\\/193184792\",\"caption\":\"Airbnb Collections Teaser | Aired During AO 2016 Keynote\"}},\"167\":{\"type\":\"videoCarousel\",\"enabled\":\"1\",\"fields\":{\"video\":{\"168\":{\"type\":\"1\",\"fields\":{\"video\":\"https:\\/\\/vimeo.com\\/194444259\",\"caption\":\"Burlesque\"}},\"169\":{\"type\":\"1\",\"fields\":{\"video\":\"https:\\/\\/vimeo.com\\/193185940\",\"caption\":\"Samurai\"}},\"170\":{\"type\":\"1\",\"fields\":{\"video\":\"https:\\/\\/vimeo.com\\/193185835\",\"caption\":\"Runner\"}},\"171\":{\"type\":\"1\",\"fields\":{\"video\":\"https:\\/\\/vimeo.com\\/193186104\",\"caption\":\"Scenester\"}}}}},\"179\":{\"type\":\"text\",\"enabled\":\"1\",\"fields\":{\"copy\":\"<p><strong>The payoff<\\/strong><\\/p>\\r\\n<p>The assets were leveraged across a variety of channels from Airbnb Open to product landing pages, social and YouTube, email newsletters, and paid media. The functional videos amassed over <strong>11 million views in less than three weeks<\\/strong>. On Airbnb product pages, the <strong>video click-through-rate reached as high as 15 percent<\\/strong>. <\\/p>\\r\\n<p>We received coverage in the <strong><em>NYTimes<\\/em><\\/strong><strong>, Adweek, <\\/strong><strong><em>Travel + Leisure<\\/em><\\/strong><strong>, TechCrunch, Mashable, <\\/strong><strong><em>The Telegraph<\\/em><\\/strong><strong>, and Fast Company.<\\/strong><\\/p>\"}},\"180\":{\"type\":\"fiveUpImages\",\"enabled\":\"1\",\"fields\":{\"firstImage\":[\"174\"],\"secondImage\":[\"173\"],\"thirdImage\":[\"172\"],\"fourthImage\":[\"175\"],\"fifthImage\":[\"71\"]}},\"181\":{\"type\":\"fullWidthImage\",\"enabled\":\"1\",\"fields\":{\"image\":[\"177\"],\"caption\":\"\"}}},\"2\":[\"96\"],\"9\":\"center\"}}', '2017-09-05 20:39:15', '2017-09-05 20:39:15', '3a184863-399f-4688-82e6-7e0c09c075ec'),
 ('109', '4', '2', '1', 'en_us', '24', '', '{\"typeId\":\"2\",\"authorId\":\"1\",\"title\":\"Airbnb\",\"slug\":\"airbnb\",\"postDate\":1502508000,\"expiryDate\":null,\"enabled\":1,\"parentId\":null,\"fields\":{\"6\":\"#fa3517\",\"4\":\"<p><strong>The campaign that <em>\\u201c<\\/em><em>brought the house down<\\/em><em>\\u201d<\\/em>&nbsp;at <a href=\\\"http:\\/\\/localhost:8888\\/bokeh\\/public_html\\/projects\\/airbnb#entry:4:url\\\">Airbnb<\\/a>.<\\/strong><\\/p>\",\"8\":\"center\",\"3\":[\"182\"],\"5\":\"On November 17, 2016, Airbnb announced the largest product expansion in its history. Just five weeks earlier, Bokeh was asked to join its sprint to the finish line.\",\"10\":{\"146\":{\"type\":\"quote\",\"enabled\":\"1\",\"fields\":{\"quote\":\"\\u201cThis film brought the house down. I cannot imagine now having done this without it.\\u201d\",\"avatar\":\"\",\"personsName\":\"Brian Chesky\",\"jobTitle\":\"CEO of Airbnb\",\"shapeBackground\":[\"show\"]}},\"147\":{\"type\":\"text\",\"enabled\":\"1\",\"fields\":{\"copy\":\"<p><strong>Mission:<\\/strong><\\/p>\\r\\n<p>On November 17, 2016, Airbnb announced the largest product expansion in its history. Just five weeks earlier, Bokeh was asked to join its sprint to the finish line.<\\/p>\\r\\n<p>Working alongside engineering, brand, product marketing, art, and C-level teams, we developed a dizzying amount of content to educate users on new features, advertise and build awareness on social media, and, ultimately, to introduce the world to Airbnb Trips on-stage at Airbnb Open in Los Angeles.<\\/p>\"}},\"153\":{\"type\":\"video\",\"enabled\":\"1\",\"fields\":{\"videoUrl\":\"https:\\/\\/vimeo.com\\/193175968\",\"caption\":\"Welcome to the World of Trips | Aired During Airbnb Open 2016 Keynote\"}},\"154\":{\"type\":\"quote\",\"enabled\":\"1\",\"fields\":{\"quote\":\"Services:\",\"avatar\":\"\",\"personsName\":\"Services: Concept, Branding (motion logomark) Film\\/Video, Animation, Digital Ads, Social Ads\",\"jobTitle\":\"\",\"shapeBackground\":\"\"}},\"148\":{\"type\":\"quote\",\"enabled\":\"1\",\"fields\":{\"quote\":\"Deliverables:\",\"avatar\":[\"57\"],\"personsName\":\"Sixteen animated and live-action functional films Airbnb Trips Reveal film and Future of Homes film Four 15-second digital ads New Airbnb Motion logo\",\"jobTitle\":\"\",\"shapeBackground\":\"\"}},\"178\":{\"type\":\"video\",\"enabled\":\"1\",\"fields\":{\"videoUrl\":\"https:\\/\\/vimeo.com\\/231786676\",\"caption\":\"Airbnb motion logo\"}},\"155\":{\"type\":\"text\",\"enabled\":\"1\",\"fields\":{\"copy\":\"<p><strong>Let\\u2019s get functional<\\/strong><\\/p>\\r\\n<p>We started by developing eight animated and live-action product marketing videos to introduce users to key features built into the new Airbnb app. Each video needed to be playable in both landscape and portrait mode. Double the work&hellip; double the fun.<\\/p>\"}},\"156\":{\"type\":\"fullWidthImage\",\"enabled\":\"1\",\"fields\":{\"image\":[\"150\"],\"caption\":\"\"}},\"157\":{\"type\":\"videoCarousel\",\"enabled\":\"1\",\"fields\":{\"video\":{\"158\":{\"type\":\"1\",\"fields\":{\"video\":\"https:\\/\\/vimeo.com\\/193177317\",\"caption\":\"Introducing Experiences\"}},\"159\":{\"type\":\"1\",\"fields\":{\"video\":\"https:\\/\\/vimeo.com\\/193177901\",\"caption\":\"Introducing Itinerary\"}},\"160\":{\"type\":\"1\",\"fields\":{\"video\":\"https:\\/\\/vimeo.com\\/193177150\",\"caption\":\"Introducing Co-hosting\"}},\"161\":{\"type\":\"1\",\"fields\":{\"video\":\"https:\\/\\/vimeo.com\\/193177011\",\"caption\":\"Introducing Social Impact Experiences\"}}}}},\"162\":{\"type\":\"text\",\"enabled\":\"1\",\"fields\":{\"copy\":\"<p><strong>Our <\\/strong><strong><em>Argo<\\/em><\\/strong><strong> moment<\\/strong><br><\\/p>\\r\\n<p>Meanwhile, Bokeh\\u2019s CEO, David, went undercover with an exuberant crew of filmmakers to old Havana, Cuba. With no time to obtain permits, we developed alibis to explain the excessive amount of camera gear. We got the greenlight thanks to some quick thinking and charming Spanglish. <\\/p>\"}},\"163\":{\"type\":\"video\",\"enabled\":\"1\",\"fields\":{\"videoUrl\":\"https:\\/\\/vimeo.com\\/193176889\",\"caption\":\"Staying Connected in Cuba\"}},\"164\":{\"type\":\"threeUpImages\",\"enabled\":\"1\",\"fields\":{\"firstImage\":[\"152\"],\"secondImage\":[\"21\"],\"thirdImage\":[\"72\"]}},\"165\":{\"type\":\"text\",\"enabled\":\"1\",\"fields\":{\"copy\":\"<p><strong>In the clutch<\\/strong><br><\\/p>\\r\\n<p>Two days before the Airbnb Open, Brian needed a Hail Mary. He asked Bokeh to develop two more product videos for his keynote presentation, including the anthem piece that would be used to officially announce the launch of Airbnb Trips.<\\/p>\"}},\"166\":{\"type\":\"video\",\"enabled\":\"1\",\"fields\":{\"videoUrl\":\"https:\\/\\/vimeo.com\\/193184792\",\"caption\":\"Airbnb Collections Teaser | Aired During AO 2016 Keynote\"}},\"167\":{\"type\":\"videoCarousel\",\"enabled\":\"1\",\"fields\":{\"video\":{\"168\":{\"type\":\"1\",\"fields\":{\"video\":\"https:\\/\\/vimeo.com\\/194444259\",\"caption\":\"Burlesque\"}},\"169\":{\"type\":\"1\",\"fields\":{\"video\":\"https:\\/\\/vimeo.com\\/193185940\",\"caption\":\"Samurai\"}},\"170\":{\"type\":\"1\",\"fields\":{\"video\":\"https:\\/\\/vimeo.com\\/193185835\",\"caption\":\"Runner\"}},\"171\":{\"type\":\"1\",\"fields\":{\"video\":\"https:\\/\\/vimeo.com\\/193186104\",\"caption\":\"Scenester\"}}}}},\"179\":{\"type\":\"text\",\"enabled\":\"1\",\"fields\":{\"copy\":\"<p><strong>The payoff<\\/strong><\\/p>\\r\\n<p>The assets were leveraged across a variety of channels from Airbnb Open to product landing pages, social and YouTube, email newsletters, and paid media. The functional videos amassed over <strong>11 million views in less than three weeks<\\/strong>. On Airbnb product pages, the <strong>video click-through-rate reached as high as 15 percent<\\/strong>. <\\/p>\\r\\n<p>We received coverage in the <strong><em>NYTimes<\\/em><\\/strong><strong>, Adweek, <\\/strong><strong><em>Travel + Leisure<\\/em><\\/strong><strong>, TechCrunch, Mashable, <\\/strong><strong><em>The Telegraph<\\/em><\\/strong><strong>, and Fast Company.<\\/strong><\\/p>\"}},\"180\":{\"type\":\"fiveUpImages\",\"enabled\":\"1\",\"fields\":{\"firstImage\":[\"174\"],\"secondImage\":[\"173\"],\"thirdImage\":[\"172\"],\"fourthImage\":[\"175\"],\"fifthImage\":[\"71\"]}},\"181\":{\"type\":\"fullWidthImage\",\"enabled\":\"1\",\"fields\":{\"image\":[\"177\"],\"caption\":\"\"}}},\"2\":[\"96\"],\"9\":\"center\"}}', '2017-09-05 20:42:29', '2017-09-05 20:42:29', '90286f1b-3ba4-47a4-9286-708c80c81dd9'),
 ('110', '4', '2', '1', 'en_us', '25', '', '{\"typeId\":\"2\",\"authorId\":\"1\",\"title\":\"Airbnb\",\"slug\":\"airbnb\",\"postDate\":1502508000,\"expiryDate\":null,\"enabled\":1,\"parentId\":null,\"fields\":{\"6\":\"#fa3517\",\"4\":\"<p><strong>The campaign that <em>\\u201c<\\/em><em>brought the house down<\\/em><em>\\u201d<\\/em>&nbsp;at <a href=\\\"http:\\/\\/localhost:8888\\/bokeh\\/public_html\\/projects\\/airbnb#entry:4:url\\\">Airbnb<\\/a>.<\\/strong><\\/p>\",\"8\":\"center\",\"3\":[\"182\"],\"5\":\"On November 17, 2016, Airbnb announced the largest product expansion in its history. Just five weeks earlier, Bokeh was asked to join its sprint to the finish line.\",\"10\":{\"146\":{\"type\":\"quote\",\"enabled\":\"1\",\"fields\":{\"quote\":\"\\u201cThis film brought the house down. I cannot imagine now having done this without it.\\u201d\",\"avatar\":\"\",\"personsName\":\"Brian Chesky\",\"jobTitle\":\"CEO of Airbnb\",\"shapeBackground\":[\"show\"]}},\"147\":{\"type\":\"text\",\"enabled\":\"1\",\"fields\":{\"copy\":\"<p><strong>Mission:<\\/strong><\\/p>\\r\\n<p>On November 17, 2016, Airbnb announced the largest product expansion in its history. Just five weeks earlier, Bokeh was asked to join its sprint to the finish line.<\\/p>\\r\\n<p>Working alongside engineering, brand, product marketing, art, and C-level teams, we developed a dizzying amount of content to educate users on new features, advertise and build awareness on social media, and, ultimately, to introduce the world to Airbnb Trips on-stage at Airbnb Open in Los Angeles.<\\/p>\"}},\"153\":{\"type\":\"video\",\"enabled\":\"1\",\"fields\":{\"videoUrl\":\"https:\\/\\/vimeo.com\\/193175968\",\"caption\":\"Welcome to the World of Trips | Aired During Airbnb Open 2016 Keynote\"}},\"154\":{\"type\":\"quote\",\"enabled\":\"1\",\"fields\":{\"quote\":\"Services:\",\"avatar\":\"\",\"personsName\":\"Services: Concept, Branding (motion logomark) Film\\/Video, Animation, Digital Ads, Social Ads\",\"jobTitle\":\"\",\"shapeBackground\":\"\"}},\"148\":{\"type\":\"quote\",\"enabled\":\"1\",\"fields\":{\"quote\":\"Deliverables:\",\"avatar\":[\"57\"],\"personsName\":\"Sixteen animated and live-action functional films Airbnb Trips Reveal film and Future of Homes film Four 15-second digital ads New Airbnb Motion logo\",\"jobTitle\":\"\",\"shapeBackground\":\"\"}},\"178\":{\"type\":\"video\",\"enabled\":\"1\",\"fields\":{\"videoUrl\":\"https:\\/\\/vimeo.com\\/231786676\",\"caption\":\"Airbnb motion logo\"}},\"155\":{\"type\":\"text\",\"enabled\":\"1\",\"fields\":{\"copy\":\"<p><strong>Let\\u2019s get functional<\\/strong><\\/p>\\r\\n<p>We started by developing eight animated and live-action product marketing videos to introduce users to key features built into the new Airbnb app. Each video needed to be playable in both landscape and portrait mode. Double the work&hellip; double the fun.<\\/p>\"}},\"156\":{\"type\":\"fullWidthImage\",\"enabled\":\"1\",\"fields\":{\"image\":[\"150\"],\"caption\":\"\"}},\"157\":{\"type\":\"videoCarousel\",\"enabled\":\"1\",\"fields\":{\"video\":{\"158\":{\"type\":\"1\",\"fields\":{\"video\":\"https:\\/\\/vimeo.com\\/193177317\",\"caption\":\"Introducing Experiences\"}},\"159\":{\"type\":\"1\",\"fields\":{\"video\":\"https:\\/\\/vimeo.com\\/193177901\",\"caption\":\"Introducing Itinerary\"}},\"160\":{\"type\":\"1\",\"fields\":{\"video\":\"https:\\/\\/vimeo.com\\/193177150\",\"caption\":\"Introducing Co-hosting\"}},\"161\":{\"type\":\"1\",\"fields\":{\"video\":\"https:\\/\\/vimeo.com\\/193177011\",\"caption\":\"Introducing Social Impact Experiences\"}}}}},\"162\":{\"type\":\"text\",\"enabled\":\"1\",\"fields\":{\"copy\":\"<p><strong>Our <\\/strong><strong><em>Argo<\\/em><\\/strong><strong> moment<\\/strong><br><\\/p>\\r\\n<p>Meanwhile, Bokeh\\u2019s CEO, David, went undercover with an exuberant crew of filmmakers to old Havana, Cuba. With no time to obtain permits, we developed alibis to explain the excessive amount of camera gear. We got the greenlight thanks to some quick thinking and charming Spanglish. <\\/p>\"}},\"163\":{\"type\":\"video\",\"enabled\":\"1\",\"fields\":{\"videoUrl\":\"https:\\/\\/vimeo.com\\/193176889\",\"caption\":\"Staying Connected in Cuba\"}},\"164\":{\"type\":\"threeUpImages\",\"enabled\":\"1\",\"fields\":{\"firstImage\":[\"152\"],\"secondImage\":[\"21\"],\"thirdImage\":[\"72\"]}},\"165\":{\"type\":\"text\",\"enabled\":\"1\",\"fields\":{\"copy\":\"<p><strong>In the clutch<\\/strong><br><\\/p>\\r\\n<p>Two days before the Airbnb Open, Brian needed a Hail Mary. He asked Bokeh to develop two more product videos for his keynote presentation, including the anthem piece that would be used to officially announce the launch of Airbnb Trips.<\\/p>\"}},\"166\":{\"type\":\"video\",\"enabled\":\"1\",\"fields\":{\"videoUrl\":\"https:\\/\\/vimeo.com\\/193184792\",\"caption\":\"Airbnb Collections Teaser | Aired During AO 2016 Keynote\"}},\"167\":{\"type\":\"videoCarousel\",\"enabled\":\"1\",\"fields\":{\"video\":{\"168\":{\"type\":\"1\",\"fields\":{\"video\":\"https:\\/\\/vimeo.com\\/194444259\",\"caption\":\"Burlesque\"}},\"169\":{\"type\":\"1\",\"fields\":{\"video\":\"https:\\/\\/vimeo.com\\/193185940\",\"caption\":\"Samurai\"}},\"170\":{\"type\":\"1\",\"fields\":{\"video\":\"https:\\/\\/vimeo.com\\/193185835\",\"caption\":\"Runner\"}},\"171\":{\"type\":\"1\",\"fields\":{\"video\":\"https:\\/\\/vimeo.com\\/193186104\",\"caption\":\"Scenester\"}}}}},\"179\":{\"type\":\"text\",\"enabled\":\"1\",\"fields\":{\"copy\":\"<p><strong>The payoff<\\/strong><\\/p>\\r\\n<p>The assets were leveraged across a variety of channels from Airbnb Open to product landing pages, social and YouTube, email newsletters, and paid media. The functional videos amassed over <strong>11 million views in less than three weeks<\\/strong>. On Airbnb product pages, the <strong>video click-through-rate reached as high as 15 percent<\\/strong>. <\\/p>\\r\\n<p>We received coverage in the <strong><em>NYTimes<\\/em><\\/strong><strong>, Adweek, <\\/strong><strong><em>Travel + Leisure<\\/em><\\/strong><strong>, TechCrunch, Mashable, <\\/strong><strong><em>The Telegraph<\\/em><\\/strong><strong>, and Fast Company.<\\/strong><\\/p>\"}},\"new1\":{\"type\":\"quote\",\"enabled\":\"1\",\"fields\":{\"quote\":\"\\u201cThis film brought the house down. I cannot imagine now having done this without it.\\u201d\",\"avatar\":\"\",\"personsName\":\"\",\"jobTitle\":\"\",\"shapeBackground\":\"\"}},\"180\":{\"type\":\"fiveUpImages\",\"enabled\":\"1\",\"fields\":{\"firstImage\":[\"174\"],\"secondImage\":[\"173\"],\"thirdImage\":[\"172\"],\"fourthImage\":[\"175\"],\"fifthImage\":[\"71\"]}},\"181\":{\"type\":\"fullWidthImage\",\"enabled\":\"1\",\"fields\":{\"image\":[\"177\"],\"caption\":\"\"}}},\"2\":[\"96\"],\"9\":\"center\"}}', '2017-09-05 21:13:35', '2017-09-05 21:13:35', '7ed445db-efc7-4bc9-bb4b-7d621dc36981'),
 ('111', '2', '1', '1', 'en_us', '37', '', '{\"typeId\":null,\"authorId\":null,\"title\":\"Welcome\",\"slug\":\"homepage\",\"postDate\":1502679916,\"expiryDate\":null,\"enabled\":1,\"parentId\":null,\"fields\":{\"1\":\"<p>A creative partner for brands ready to move at the speed of inspiration.<\\/p>\",\"51\":\"We\'ve worked with some of the best teams in the world, and are proud to call these clients our partners and friends\",\"52\":{\"131\":{\"type\":\"clientLogo\",\"enabled\":\"1\",\"fields\":{\"client\":[\"120\"]}},\"132\":{\"type\":\"clientLogo\",\"enabled\":\"1\",\"fields\":{\"client\":[\"117\"]}},\"133\":{\"type\":\"clientLogo\",\"enabled\":\"1\",\"fields\":{\"client\":[\"121\"]}},\"134\":{\"type\":\"clientLogo\",\"enabled\":\"1\",\"fields\":{\"client\":[\"128\"]}},\"135\":{\"type\":\"clientLogo\",\"enabled\":\"1\",\"fields\":{\"client\":[\"127\"]}},\"136\":{\"type\":\"clientLogo\",\"enabled\":\"1\",\"fields\":{\"client\":[\"129\"]}},\"137\":{\"type\":\"clientLogo\",\"enabled\":\"1\",\"fields\":{\"client\":[\"122\"]}},\"138\":{\"type\":\"clientLogo\",\"enabled\":\"1\",\"fields\":{\"client\":[\"125\"]}},\"139\":{\"type\":\"clientLogo\",\"enabled\":\"1\",\"fields\":{\"client\":[\"126\"]}},\"140\":{\"type\":\"clientLogo\",\"enabled\":\"1\",\"fields\":{\"client\":[\"123\"]}},\"141\":{\"type\":\"clientLogo\",\"enabled\":\"1\",\"fields\":{\"client\":[\"118\"]}},\"142\":{\"type\":\"clientLogo\",\"enabled\":\"1\",\"fields\":{\"client\":[\"145\"]}},\"143\":{\"type\":\"clientLogo\",\"enabled\":\"1\",\"fields\":{\"client\":[\"124\"]}},\"144\":{\"type\":\"clientLogo\",\"enabled\":\"1\",\"fields\":{\"client\":[\"130\"]}}},\"6\":\"#fab300\",\"38\":[\"4\",\"77\",\"28\"],\"3\":\"\",\"46\":{\"78\":{\"type\":\"offeredServices\",\"enabled\":\"1\",\"fields\":{\"serviceType\":\"Strategy\",\"service\":{\"79\":{\"type\":\"3\",\"fields\":{\"service\":\"Branding\"}},\"80\":{\"type\":\"3\",\"fields\":{\"service\":\"Content\"}},\"81\":{\"type\":\"3\",\"fields\":{\"service\":\"Social\"}},\"82\":{\"type\":\"3\",\"fields\":{\"service\":\"Digital\"}}}}},\"83\":{\"type\":\"offeredServices\",\"enabled\":\"1\",\"fields\":{\"serviceType\":\"Design\",\"service\":{\"84\":{\"type\":\"3\",\"fields\":{\"service\":\"Identity\"}},\"85\":{\"type\":\"3\",\"fields\":{\"service\":\"Style Guidelines\"}},\"86\":{\"type\":\"3\",\"fields\":{\"service\":\"Print\\/OOH\"}},\"87\":{\"type\":\"3\",\"fields\":{\"service\":\"UX\\/UI\"}}}}},\"88\":{\"type\":\"offeredServices\",\"enabled\":\"1\",\"fields\":{\"serviceType\":\"Content\",\"service\":{\"89\":{\"type\":\"3\",\"fields\":{\"service\":\"Film\\/Video\"}},\"90\":{\"type\":\"3\",\"fields\":{\"service\":\"Animation\"}},\"91\":{\"type\":\"3\",\"fields\":{\"service\":\"Product\\/Lifestyle Photography\"}},\"92\":{\"type\":\"3\",\"fields\":{\"service\":\"Copywriting\"}}}}}},\"50\":\"#000000\",\"40\":{\"93\":{\"type\":\"service\",\"enabled\":\"1\",\"fields\":{\"copyLineOne\":\"We believe that open-hearted collaboration allows us to be in the right place to tell the right story on the channels that matter most.\",\"copyLineTwo\":\"That a unique balance of hunger and humility enables our imagination to be boundless.\",\"copyLineThree\":\"Bold, honest, and always capable, our ideas empower brands to speak with creativity and heart.\",\"color\":\"#fa3517\",\"image\":[\"213\"],\"imageVerticalPosition\":\"top\",\"imageHorizontalPosition\":\"left\"}}},\"7\":[\"220\"]}}', '2017-09-05 21:50:52', '2017-09-05 21:50:52', '9d6f8595-7a50-4779-86d1-7757023b2a04'),
 ('112', '2', '1', '1', 'en_us', '38', '', '{\"typeId\":null,\"authorId\":null,\"title\":\"Welcome\",\"slug\":\"homepage\",\"postDate\":1502679916,\"expiryDate\":null,\"enabled\":1,\"parentId\":null,\"fields\":{\"1\":\"<p>A creative partner for brands ready to move at the speed of inspiration.<\\/p>\",\"51\":\"We\'ve worked with some of the best teams in the world, and are proud to call these clients our partners and friends\",\"52\":{\"131\":{\"type\":\"clientLogo\",\"enabled\":\"1\",\"fields\":{\"client\":[\"120\"]}},\"132\":{\"type\":\"clientLogo\",\"enabled\":\"1\",\"fields\":{\"client\":[\"117\"]}},\"133\":{\"type\":\"clientLogo\",\"enabled\":\"1\",\"fields\":{\"client\":[\"121\"]}},\"134\":{\"type\":\"clientLogo\",\"enabled\":\"1\",\"fields\":{\"client\":[\"128\"]}},\"135\":{\"type\":\"clientLogo\",\"enabled\":\"1\",\"fields\":{\"client\":[\"127\"]}},\"136\":{\"type\":\"clientLogo\",\"enabled\":\"1\",\"fields\":{\"client\":[\"129\"]}},\"137\":{\"type\":\"clientLogo\",\"enabled\":\"1\",\"fields\":{\"client\":[\"122\"]}},\"138\":{\"type\":\"clientLogo\",\"enabled\":\"1\",\"fields\":{\"client\":[\"125\"]}},\"139\":{\"type\":\"clientLogo\",\"enabled\":\"1\",\"fields\":{\"client\":[\"126\"]}},\"140\":{\"type\":\"clientLogo\",\"enabled\":\"1\",\"fields\":{\"client\":[\"123\"]}},\"141\":{\"type\":\"clientLogo\",\"enabled\":\"1\",\"fields\":{\"client\":[\"118\"]}},\"142\":{\"type\":\"clientLogo\",\"enabled\":\"1\",\"fields\":{\"client\":[\"145\"]}},\"143\":{\"type\":\"clientLogo\",\"enabled\":\"1\",\"fields\":{\"client\":[\"124\"]}},\"144\":{\"type\":\"clientLogo\",\"enabled\":\"1\",\"fields\":{\"client\":[\"130\"]}}},\"6\":\"#fab300\",\"38\":[\"4\",\"77\",\"28\"],\"3\":[\"247\"],\"46\":{\"78\":{\"type\":\"offeredServices\",\"enabled\":\"1\",\"fields\":{\"serviceType\":\"Strategy\",\"service\":{\"79\":{\"type\":\"3\",\"fields\":{\"service\":\"Branding\"}},\"80\":{\"type\":\"3\",\"fields\":{\"service\":\"Content\"}},\"81\":{\"type\":\"3\",\"fields\":{\"service\":\"Social\"}},\"82\":{\"type\":\"3\",\"fields\":{\"service\":\"Digital\"}}}}},\"83\":{\"type\":\"offeredServices\",\"enabled\":\"1\",\"fields\":{\"serviceType\":\"Design\",\"service\":{\"84\":{\"type\":\"3\",\"fields\":{\"service\":\"Identity\"}},\"85\":{\"type\":\"3\",\"fields\":{\"service\":\"Style Guidelines\"}},\"86\":{\"type\":\"3\",\"fields\":{\"service\":\"Print\\/OOH\"}},\"87\":{\"type\":\"3\",\"fields\":{\"service\":\"UX\\/UI\"}}}}},\"88\":{\"type\":\"offeredServices\",\"enabled\":\"1\",\"fields\":{\"serviceType\":\"Content\",\"service\":{\"89\":{\"type\":\"3\",\"fields\":{\"service\":\"Film\\/Video\"}},\"90\":{\"type\":\"3\",\"fields\":{\"service\":\"Animation\"}},\"91\":{\"type\":\"3\",\"fields\":{\"service\":\"Product\\/Lifestyle Photography\"}},\"92\":{\"type\":\"3\",\"fields\":{\"service\":\"Copywriting\"}}}}}},\"50\":\"#000000\",\"40\":{\"93\":{\"type\":\"service\",\"enabled\":\"1\",\"fields\":{\"copyLineOne\":\"We believe that open-hearted collaboration allows us to be in the right place to tell the right story on the channels that matter most.\",\"copyLineTwo\":\"That a unique balance of hunger and humility enables our imagination to be boundless.\",\"copyLineThree\":\"Bold, honest, and always capable, our ideas empower brands to speak with creativity and heart.\",\"color\":\"#fa3517\",\"imageVerticalPosition\":\"top\",\"imageHorizontalPosition\":\"left\"}}},\"7\":[\"248\"]}}', '2017-09-08 16:52:24', '2017-09-08 16:52:24', 'ce6c0c2c-5939-4701-a20b-bb1845bc87ec'),
 ('113', '4', '2', '1', 'en_us', '26', '', '{\"typeId\":\"2\",\"authorId\":\"1\",\"title\":\"Airbnb\",\"slug\":\"airbnb\",\"postDate\":1502508000,\"expiryDate\":null,\"enabled\":1,\"parentId\":null,\"fields\":{\"6\":\"#fa3517\",\"4\":\"<p><strong>The campaign that <em>\\u201c<\\/em><em>brought the house down<\\/em><em>\\u201d<\\/em>&nbsp;at <a href=\\\"http:\\/\\/localhost:8888\\/bokeh\\/public_html\\/projects\\/airbnb#entry:4:url\\\">Airbnb<\\/a>.<\\/strong><\\/p>\",\"8\":\"center\",\"3\":[\"222\"],\"5\":\"On November 17, 2016, Airbnb announced the largest product expansion in its history. Just five weeks earlier, Bokeh was asked to join its sprint to the finish line.\",\"10\":{\"146\":{\"type\":\"quote\",\"enabled\":\"1\",\"fields\":{\"quote\":\"\\u201cThis film brought the house down. I cannot imagine now having done this without it.\\u201d\",\"avatar\":\"\",\"personsName\":\"Brian Chesky\",\"jobTitle\":\"CEO of Airbnb\",\"shapeBackground\":[\"show\"]}},\"147\":{\"type\":\"text\",\"enabled\":\"1\",\"fields\":{\"copy\":\"<p><strong>Mission:<\\/strong><\\/p>\\r\\n<p>On November 17, 2016, Airbnb announced the largest product expansion in its history. Just five weeks earlier, Bokeh was asked to join its sprint to the finish line.<\\/p>\\r\\n<p>Working alongside engineering, brand, product marketing, art, and C-level teams, we developed a dizzying amount of content to educate users on new features, advertise and build awareness on social media, and, ultimately, to introduce the world to Airbnb Trips on-stage at Airbnb Open in Los Angeles.<\\/p>\"}},\"153\":{\"type\":\"video\",\"enabled\":\"1\",\"fields\":{\"videoUrl\":\"https:\\/\\/vimeo.com\\/193175968\",\"caption\":\"Welcome to the World of Trips | Aired During Airbnb Open 2016 Keynote\"}},\"154\":{\"type\":\"quote\",\"enabled\":\"1\",\"fields\":{\"quote\":\"Services:\",\"avatar\":\"\",\"personsName\":\"Services: Concept, Branding (motion logomark) Film\\/Video, Animation, Digital Ads, Social Ads\",\"jobTitle\":\"\",\"shapeBackground\":\"\"}},\"148\":{\"type\":\"quote\",\"enabled\":\"1\",\"fields\":{\"quote\":\"Deliverables:\",\"avatar\":[\"57\"],\"personsName\":\"Sixteen animated and live-action functional films Airbnb Trips Reveal film and Future of Homes film Four 15-second digital ads New Airbnb Motion logo\",\"jobTitle\":\"\",\"shapeBackground\":\"\"}},\"178\":{\"type\":\"video\",\"enabled\":\"1\",\"fields\":{\"videoUrl\":\"https:\\/\\/vimeo.com\\/231786676\",\"caption\":\"Airbnb motion logo\"}},\"155\":{\"type\":\"text\",\"enabled\":\"1\",\"fields\":{\"copy\":\"<p><strong>Let\\u2019s get functional<\\/strong><\\/p>\\r\\n<p>We started by developing eight animated and live-action product marketing videos to introduce users to key features built into the new Airbnb app. Each video needed to be playable in both landscape and portrait mode. Double the work&hellip; double the fun.<\\/p>\"}},\"156\":{\"type\":\"fullWidthImage\",\"enabled\":\"1\",\"fields\":{\"image\":[\"242\"],\"caption\":\"\"}},\"157\":{\"type\":\"videoCarousel\",\"enabled\":\"1\",\"fields\":{\"video\":{\"158\":{\"type\":\"1\",\"fields\":{\"video\":\"https:\\/\\/vimeo.com\\/193177317\",\"caption\":\"Introducing Experiences\"}},\"159\":{\"type\":\"1\",\"fields\":{\"video\":\"https:\\/\\/vimeo.com\\/193177901\",\"caption\":\"Introducing Itinerary\"}},\"160\":{\"type\":\"1\",\"fields\":{\"video\":\"https:\\/\\/vimeo.com\\/193177150\",\"caption\":\"Introducing Co-hosting\"}},\"161\":{\"type\":\"1\",\"fields\":{\"video\":\"https:\\/\\/vimeo.com\\/193177011\",\"caption\":\"Introducing Social Impact Experiences\"}}}}},\"162\":{\"type\":\"text\",\"enabled\":\"1\",\"fields\":{\"copy\":\"<p><strong>Our <\\/strong><strong><em>Argo<\\/em><\\/strong><strong> moment<\\/strong><br><\\/p>\\r\\n<p>Meanwhile, Bokeh\\u2019s CEO, David, went undercover with an exuberant crew of filmmakers to old Havana, Cuba. With no time to obtain permits, we developed alibis to explain the excessive amount of camera gear. We got the greenlight thanks to some quick thinking and charming Spanglish. <\\/p>\"}},\"163\":{\"type\":\"video\",\"enabled\":\"1\",\"fields\":{\"videoUrl\":\"https:\\/\\/vimeo.com\\/193176889\",\"caption\":\"Staying Connected in Cuba\"}},\"164\":{\"type\":\"threeUpImages\",\"enabled\":\"1\",\"fields\":{\"firstImage\":[\"152\"],\"secondImage\":[\"21\"],\"thirdImage\":[\"72\"]}},\"165\":{\"type\":\"text\",\"enabled\":\"1\",\"fields\":{\"copy\":\"<p><strong>In the clutch<\\/strong><br><\\/p>\\r\\n<p>Two days before the Airbnb Open, Brian needed a Hail Mary. He asked Bokeh to develop two more product videos for his keynote presentation, including the anthem piece that would be used to officially announce the launch of Airbnb Trips.<\\/p>\"}},\"166\":{\"type\":\"video\",\"enabled\":\"1\",\"fields\":{\"videoUrl\":\"https:\\/\\/vimeo.com\\/193184792\",\"caption\":\"Airbnb Collections Teaser | Aired During AO 2016 Keynote\"}},\"167\":{\"type\":\"videoCarousel\",\"enabled\":\"1\",\"fields\":{\"video\":{\"168\":{\"type\":\"1\",\"fields\":{\"video\":\"https:\\/\\/vimeo.com\\/194444259\",\"caption\":\"Burlesque\"}},\"169\":{\"type\":\"1\",\"fields\":{\"video\":\"https:\\/\\/vimeo.com\\/193185940\",\"caption\":\"Samurai\"}},\"170\":{\"type\":\"1\",\"fields\":{\"video\":\"https:\\/\\/vimeo.com\\/193185835\",\"caption\":\"Runner\"}},\"171\":{\"type\":\"1\",\"fields\":{\"video\":\"https:\\/\\/vimeo.com\\/193186104\",\"caption\":\"Scenester\"}}}}},\"179\":{\"type\":\"text\",\"enabled\":\"1\",\"fields\":{\"copy\":\"<p><strong>The payoff<\\/strong><\\/p>\\r\\n<p>The assets were leveraged across a variety of channels from Airbnb Open to product landing pages, social and YouTube, email newsletters, and paid media. The functional videos amassed over <strong>11 million views in less than three weeks<\\/strong>. On Airbnb product pages, the <strong>video click-through-rate reached as high as 15 percent<\\/strong>. <\\/p>\\r\\n<p>We received coverage in the <strong><em>NYTimes<\\/em><\\/strong><strong>, Adweek, <\\/strong><strong><em>Travel + Leisure<\\/em><\\/strong><strong>, TechCrunch, Mashable, <\\/strong><strong><em>The Telegraph<\\/em><\\/strong><strong>, and Fast Company.<\\/strong><\\/p>\"}},\"221\":{\"type\":\"quote\",\"enabled\":\"1\",\"fields\":{\"quote\":\"\\u201cThis film brought the house down. I cannot imagine now having done this without it.\\u201d\",\"avatar\":\"\",\"personsName\":\"\",\"jobTitle\":\"\",\"shapeBackground\":\"\"}},\"180\":{\"type\":\"fiveUpImages\",\"enabled\":\"1\",\"fields\":{\"firstImage\":[\"174\"],\"secondImage\":[\"173\"],\"thirdImage\":[\"172\"],\"fourthImage\":[\"175\"],\"fifthImage\":[\"71\"]}},\"181\":{\"type\":\"fullWidthImage\",\"enabled\":\"1\",\"fields\":{\"image\":[\"177\"],\"caption\":\"\"}}},\"2\":[\"96\"],\"9\":\"center\"}}', '2017-09-08 16:58:59', '2017-09-08 16:58:59', '934c677e-fff0-4b59-9c60-a41855b52e03'),
 ('114', '4', '2', '1', 'en_us', '27', '', '{\"typeId\":\"2\",\"authorId\":\"1\",\"title\":\"Airbnb\",\"slug\":\"airbnb\",\"postDate\":1502508000,\"expiryDate\":null,\"enabled\":1,\"parentId\":null,\"fields\":{\"6\":\"#fa3517\",\"4\":\"<p><strong>The campaign that <em>\\u201c<\\/em><em>brought the house down<\\/em><em>\\u201d<\\/em>&nbsp;at <a href=\\\"http:\\/\\/localhost:8888\\/bokeh\\/public_html\\/projects\\/airbnb#entry:4:url\\\">Airbnb<\\/a>.<\\/strong><\\/p>\",\"8\":\"center\",\"3\":[\"222\"],\"5\":\"On November 17, 2016, Airbnb announced the largest product expansion in its history. Just five weeks earlier, Bokeh was asked to join its sprint to the finish line.\",\"10\":{\"146\":{\"type\":\"quote\",\"enabled\":\"1\",\"fields\":{\"quote\":\"\\u201cThis film brought the house down. I cannot imagine now having done this without it.\\u201d\",\"avatar\":\"\",\"personsName\":\"Brian Chesky\",\"jobTitle\":\"CEO of Airbnb\",\"shapeBackground\":[\"show\"]}},\"147\":{\"type\":\"text\",\"enabled\":\"1\",\"fields\":{\"copy\":\"<p><strong>Mission:<\\/strong><\\/p>\\r\\n<p>On November 17, 2016, Airbnb announced the largest product expansion in its history. Just five weeks earlier, Bokeh was asked to join its sprint to the finish line.<\\/p>\\r\\n<p>Working alongside engineering, brand, product marketing, art, and C-level teams, we developed a dizzying amount of content to educate users on new features, advertise and build awareness on social media, and, ultimately, to introduce the world to Airbnb Trips on-stage at Airbnb Open in Los Angeles.<\\/p>\"}},\"153\":{\"type\":\"video\",\"enabled\":\"1\",\"fields\":{\"videoUrl\":\"https:\\/\\/vimeo.com\\/193175968\",\"caption\":\"Welcome to the World of Trips | Aired During Airbnb Open 2016 Keynote\"}},\"new1\":{\"type\":\"text\",\"enabled\":\"1\",\"fields\":{\"copy\":\"<h2>Services<\\/h2><ul><li>Concept<\\/li><li>Branding Animation<\\/li><li>Film\\/Video<\\/li><li>Animation<\\/li><li>Digital Ads<\\/li><li>Social Ads<\\/li><\\/ul><h2>Deliverables<\\/h2><ul><li>16 animated and live-action functional films<\\/li><li>Airbnb Trips Reveal and Future of Homes film<\\/li><li>4 15-second digital ads<\\/li><li>New Airbnb animated logo<\\/li><\\/ul>\"}},\"178\":{\"type\":\"video\",\"enabled\":\"1\",\"fields\":{\"videoUrl\":\"https:\\/\\/vimeo.com\\/231786676\",\"caption\":\"Airbnb motion logo\"}},\"155\":{\"type\":\"text\",\"enabled\":\"1\",\"fields\":{\"copy\":\"<p><strong>Let\\u2019s get functional<\\/strong><\\/p>\\r\\n<p>We started by developing eight animated and live-action product marketing videos to introduce users to key features built into the new Airbnb app. Each video needed to be playable in both landscape and portrait mode. Double the work&hellip; double the fun.<\\/p>\"}},\"157\":{\"type\":\"videoCarousel\",\"enabled\":\"1\",\"fields\":{\"video\":{\"158\":{\"type\":\"1\",\"fields\":{\"video\":\"https:\\/\\/vimeo.com\\/193177317\",\"caption\":\"Introducing Experiences\"}},\"159\":{\"type\":\"1\",\"fields\":{\"video\":\"https:\\/\\/vimeo.com\\/193177901\",\"caption\":\"Introducing Itinerary\"}},\"160\":{\"type\":\"1\",\"fields\":{\"video\":\"https:\\/\\/vimeo.com\\/193177150\",\"caption\":\"Introducing Co-hosting\"}},\"161\":{\"type\":\"1\",\"fields\":{\"video\":\"https:\\/\\/vimeo.com\\/193177011\",\"caption\":\"Introducing Social Impact Experiences\"}}}}},\"162\":{\"type\":\"text\",\"enabled\":\"1\",\"fields\":{\"copy\":\"<p><strong>Our <\\/strong><strong><em>Argo<\\/em><\\/strong><strong> moment<\\/strong><br><\\/p>\\r\\n<p>Meanwhile, Bokeh\\u2019s CEO, David, went undercover with an exuberant crew of filmmakers to old Havana, Cuba. With no time to obtain permits, we developed alibis to explain the excessive amount of camera gear. We got the greenlight thanks to some quick thinking and charming Spanglish. <\\/p>\"}},\"163\":{\"type\":\"video\",\"enabled\":\"1\",\"fields\":{\"videoUrl\":\"https:\\/\\/vimeo.com\\/193176889\",\"caption\":\"Staying Connected in Cuba\"}},\"164\":{\"type\":\"threeUpImages\",\"enabled\":\"1\",\"fields\":{\"firstImage\":[\"152\"],\"secondImage\":[\"21\"],\"thirdImage\":[\"72\"]}},\"165\":{\"type\":\"text\",\"enabled\":\"1\",\"fields\":{\"copy\":\"<p><strong>In the clutch<\\/strong><br><\\/p>\\r\\n<p>Two days before the Airbnb Open, Brian needed a Hail Mary. He asked Bokeh to develop two more product videos for his keynote presentation, including the anthem piece that would be used to officially announce the launch of Airbnb Trips.<\\/p>\"}},\"166\":{\"type\":\"video\",\"enabled\":\"1\",\"fields\":{\"videoUrl\":\"https:\\/\\/vimeo.com\\/193184792\",\"caption\":\"Airbnb Collections Teaser | Aired During AO 2016 Keynote\"}},\"167\":{\"type\":\"videoCarousel\",\"enabled\":\"1\",\"fields\":{\"video\":{\"168\":{\"type\":\"1\",\"fields\":{\"video\":\"https:\\/\\/vimeo.com\\/194444259\",\"caption\":\"Burlesque\"}},\"169\":{\"type\":\"1\",\"fields\":{\"video\":\"https:\\/\\/vimeo.com\\/193185940\",\"caption\":\"Samurai\"}},\"170\":{\"type\":\"1\",\"fields\":{\"video\":\"https:\\/\\/vimeo.com\\/193185835\",\"caption\":\"Runner\"}},\"171\":{\"type\":\"1\",\"fields\":{\"video\":\"https:\\/\\/vimeo.com\\/193186104\",\"caption\":\"Scenester\"}}}}},\"179\":{\"type\":\"text\",\"enabled\":\"1\",\"fields\":{\"copy\":\"<p><strong>The payoff<\\/strong><\\/p>\\r\\n<p>The assets were leveraged across a variety of channels from Airbnb Open to product landing pages, social and YouTube, email newsletters, and paid media. The functional videos amassed over <strong>11 million views in less than three weeks<\\/strong>. On Airbnb product pages, the <strong>video click-through-rate reached as high as 15 percent<\\/strong>. <\\/p>\\r\\n<p>We received coverage in the <strong><em>NYTimes<\\/em><\\/strong><strong>, Adweek, <\\/strong><strong><em>Travel + Leisure<\\/em><\\/strong><strong>, TechCrunch, Mashable, <\\/strong><strong><em>The Telegraph<\\/em><\\/strong><strong>, and Fast Company.<\\/strong><\\/p>\"}},\"221\":{\"type\":\"quote\",\"enabled\":\"1\",\"fields\":{\"quote\":\"\\u201cThis film brought the house down. I cannot imagine now having done this without it.\\u201d\",\"avatar\":\"\",\"personsName\":\"\",\"jobTitle\":\"\",\"shapeBackground\":\"\"}},\"180\":{\"type\":\"fiveUpImages\",\"enabled\":\"1\",\"fields\":{\"firstImage\":[\"174\"],\"secondImage\":[\"173\"],\"thirdImage\":[\"172\"],\"fourthImage\":[\"175\"],\"fifthImage\":[\"71\"]}},\"181\":{\"type\":\"fullWidthImage\",\"enabled\":\"1\",\"fields\":{\"image\":[\"177\"],\"caption\":\"\"}}},\"2\":[\"96\"],\"9\":\"center\"}}', '2017-09-14 00:40:35', '2017-09-14 00:40:35', '6e62d926-b7d6-47f6-912e-c27bf6a25b45'),
 ('115', '4', '2', '1', 'en_us', '28', '', '{\"typeId\":\"2\",\"authorId\":\"1\",\"title\":\"Airbnb\",\"slug\":\"airbnb\",\"postDate\":1502508000,\"expiryDate\":null,\"enabled\":1,\"parentId\":null,\"fields\":{\"6\":\"#fa3517\",\"4\":\"<p><strong>The campaign that <em>\\u201c<\\/em><em>brought the house down<\\/em><em>\\u201d<\\/em>&nbsp;at <a href=\\\"http:\\/\\/localhost:8888\\/bokeh\\/public_html\\/projects\\/airbnb#entry:4:url\\\">Airbnb<\\/a>.<\\/strong><\\/p>\",\"8\":\"center\",\"3\":[\"222\"],\"5\":\"On November 17, 2016, Airbnb announced the largest product expansion in its history. Just five weeks earlier, Bokeh was asked to join its sprint to the finish line.\",\"10\":{\"146\":{\"type\":\"quote\",\"enabled\":\"1\",\"fields\":{\"quote\":\"\\u201cThis film brought the house down. I cannot imagine now having done this without it.\\u201d\",\"avatar\":\"\",\"personsName\":\"Brian Chesky\",\"jobTitle\":\"CEO of Airbnb\",\"shapeBackground\":[\"show\"]}},\"147\":{\"type\":\"text\",\"enabled\":\"1\",\"fields\":{\"copy\":\"<p><strong>Mission:<\\/strong><\\/p>\\r\\n<p>On November 17, 2016, Airbnb announced the largest product expansion in its history. Just five weeks earlier, Bokeh was asked to join its sprint to the finish line.<\\/p>\\r\\n<p>Working alongside engineering, brand, product marketing, art, and C-level teams, we developed a dizzying amount of content to educate users on new features, advertise and build awareness on social media, and, ultimately, to introduce the world to Airbnb Trips on-stage at Airbnb Open in Los Angeles.<\\/p>\"}},\"153\":{\"type\":\"video\",\"enabled\":\"1\",\"fields\":{\"videoUrl\":\"https:\\/\\/vimeo.com\\/193175968\",\"caption\":\"Welcome to the World of Trips | Aired During Airbnb Open 2016 Keynote\"}},\"251\":{\"type\":\"text\",\"enabled\":\"1\",\"fields\":{\"copy\":\"<h2>Services<\\/h2>\\r\\n<ul><li>Concept<\\/li><li>Branding Animation<\\/li><li>Film\\/Video<\\/li><li>Animation<\\/li><li>Digital Ads<\\/li><li>Social Ads<\\/li><\\/ul>\\r\\n<h2>Deliverables<\\/h2>\\r\\n<ul><li>16 animated and live-action functional films<\\/li><li>Airbnb Trips Reveal and Future of Homes film<\\/li><li>4 15-second digital ads<\\/li><li>New Airbnb animated logo<\\/li><\\/ul>\"}},\"178\":{\"type\":\"video\",\"enabled\":\"1\",\"fields\":{\"videoUrl\":\"https:\\/\\/vimeo.com\\/231786676\",\"caption\":\"Airbnb motion logo\"}},\"155\":{\"type\":\"text\",\"enabled\":\"1\",\"fields\":{\"copy\":\"<p><strong>Let\\u2019s get functional<\\/strong><\\/p>\\r\\n<p>We started by developing eight animated and live-action product marketing videos to introduce users to key features built into the new Airbnb app. Each video needed to be playable in both landscape and portrait mode. Double the work&hellip; double the fun.<\\/p>\"}},\"157\":{\"type\":\"videoCarousel\",\"enabled\":\"1\",\"fields\":{\"video\":{\"158\":{\"type\":\"1\",\"fields\":{\"video\":\"https:\\/\\/vimeo.com\\/193177317\",\"caption\":\"Introducing Experiences\"}},\"159\":{\"type\":\"1\",\"fields\":{\"video\":\"https:\\/\\/vimeo.com\\/193177901\",\"caption\":\"Introducing Itinerary\"}},\"160\":{\"type\":\"1\",\"fields\":{\"video\":\"https:\\/\\/vimeo.com\\/193177150\",\"caption\":\"Introducing Co-hosting\"}},\"161\":{\"type\":\"1\",\"fields\":{\"video\":\"https:\\/\\/vimeo.com\\/193177011\",\"caption\":\"Introducing Social Impact Experiences\"}}}}},\"162\":{\"type\":\"text\",\"enabled\":\"1\",\"fields\":{\"copy\":\"<p><strong>Our <\\/strong><strong><em>Argo<\\/em><\\/strong><strong> moment<\\/strong><br><\\/p>\\r\\n<p>Meanwhile, Bokeh\\u2019s CEO, David, went undercover with an exuberant crew of filmmakers to old Havana, Cuba. With no time to obtain permits, we developed alibis to explain the excessive amount of camera gear. We got the greenlight thanks to some quick thinking and charming Spanglish. <\\/p>\"}},\"163\":{\"type\":\"video\",\"enabled\":\"1\",\"fields\":{\"videoUrl\":\"https:\\/\\/vimeo.com\\/193176889\",\"caption\":\"Staying Connected in Cuba\"}},\"164\":{\"type\":\"threeUpImages\",\"enabled\":\"1\",\"fields\":{\"firstImage\":[\"152\"],\"secondImage\":[\"21\"],\"thirdImage\":[\"72\"]}},\"165\":{\"type\":\"text\",\"enabled\":\"1\",\"fields\":{\"copy\":\"<p><strong>In the clutch<\\/strong><br><\\/p>\\r\\n<p>Two days before the Airbnb Open, Brian needed a Hail Mary. He asked Bokeh to develop two more product videos for his keynote presentation, including the anthem piece that would be used to officially announce the launch of Airbnb Trips.<\\/p>\"}},\"166\":{\"type\":\"video\",\"enabled\":\"1\",\"fields\":{\"videoUrl\":\"https:\\/\\/vimeo.com\\/193184792\",\"caption\":\"Airbnb Collections Teaser | Aired During AO 2016 Keynote\"}},\"167\":{\"type\":\"videoCarousel\",\"enabled\":\"1\",\"fields\":{\"video\":{\"168\":{\"type\":\"1\",\"fields\":{\"video\":\"https:\\/\\/vimeo.com\\/194444259\",\"caption\":\"Burlesque\"}},\"169\":{\"type\":\"1\",\"fields\":{\"video\":\"https:\\/\\/vimeo.com\\/193185940\",\"caption\":\"Samurai\"}},\"170\":{\"type\":\"1\",\"fields\":{\"video\":\"https:\\/\\/vimeo.com\\/193185835\",\"caption\":\"Runner\"}},\"171\":{\"type\":\"1\",\"fields\":{\"video\":\"https:\\/\\/vimeo.com\\/193186104\",\"caption\":\"Scenester\"}}}}},\"221\":{\"type\":\"quote\",\"enabled\":\"1\",\"fields\":{\"quote\":\"\\u201cThis film brought the house down. I cannot imagine now having done this without it.\\u201d\",\"avatar\":\"\",\"personsName\":\"\",\"jobTitle\":\"\",\"shapeBackground\":\"\"}},\"180\":{\"type\":\"fiveUpImages\",\"enabled\":\"1\",\"fields\":{\"firstImage\":[\"199\"],\"secondImage\":[\"203\"],\"thirdImage\":[\"29\"],\"fourthImage\":[\"76\"],\"fifthImage\":[\"210\"]}},\"181\":{\"type\":\"fullWidthImage\",\"enabled\":\"1\",\"fields\":{\"image\":[\"177\"],\"caption\":\"\"}},\"179\":{\"type\":\"text\",\"enabled\":\"1\",\"fields\":{\"copy\":\"<p><strong>The payoff<\\/strong><\\/p>\\r\\n<p>The assets were leveraged across a variety of channels from Airbnb Open to product landing pages, social and YouTube, email newsletters, and paid media. The functional videos amassed over <strong>11 million views in less than three weeks<\\/strong>. On Airbnb product pages, the <strong>video click-through-rate reached as high as 15 percent<\\/strong>. <\\/p>\\r\\n<p>We received coverage in the <strong><em>NYTimes<\\/em><\\/strong><strong>, Adweek, <\\/strong><strong><em>Travel + Leisure<\\/em><\\/strong><strong>, TechCrunch, Mashable, <\\/strong><strong><em>The Telegraph<\\/em><\\/strong><strong>, and Fast Company.<\\/strong><\\/p>\"}}},\"2\":[\"96\"],\"9\":\"center\"}}', '2017-09-14 01:18:32', '2017-09-14 01:18:32', '0d9bcc57-232a-4b9d-9c17-10b518fcdeec'),
 ('116', '4', '2', '1', 'en_us', '29', '', '{\"typeId\":\"2\",\"authorId\":\"1\",\"title\":\"Airbnb\",\"slug\":\"airbnb\",\"postDate\":1502508000,\"expiryDate\":null,\"enabled\":1,\"parentId\":null,\"fields\":{\"6\":\"#fa3517\",\"4\":\"<p><strong>The campaign that <em>\\u201c<\\/em><em>brought the house down<\\/em><em>\\u201d<\\/em>&nbsp;at <a href=\\\"http:\\/\\/localhost:8888\\/bokeh\\/public_html\\/projects\\/airbnb#entry:4:url\\\">Airbnb<\\/a>.<\\/strong><\\/p>\",\"8\":\"center\",\"3\":[\"222\"],\"5\":\"On November 17, 2016, Airbnb announced the largest product expansion in its history. Just five weeks earlier, Bokeh was asked to join its sprint to the finish line.\",\"10\":{\"146\":{\"type\":\"quote\",\"enabled\":\"1\",\"fields\":{\"quote\":\"\\u201cThis film brought the house down. I cannot imagine now having done this without it.\\u201d\",\"avatar\":\"\",\"personsName\":\"Brian Chesky\",\"jobTitle\":\"CEO of Airbnb\",\"shapeBackground\":[\"show\"]}},\"147\":{\"type\":\"text\",\"enabled\":\"1\",\"fields\":{\"copy\":\"<p><strong>Mission:<\\/strong><\\/p>\\r\\n<p>On November 17, 2016, Airbnb announced the largest product expansion in its history. Just five weeks earlier, Bokeh was asked to join its sprint to the finish line.<\\/p>\\r\\n<p>Working alongside engineering, brand, product marketing, art, and C-level teams, we developed a dizzying amount of content to educate users on new features, advertise and build awareness on social media, and, ultimately, to introduce the world to Airbnb Trips on-stage at Airbnb Open in Los Angeles.<\\/p>\"}},\"153\":{\"type\":\"video\",\"enabled\":\"1\",\"fields\":{\"videoUrl\":\"https:\\/\\/vimeo.com\\/193175968\",\"caption\":\"Welcome to the World of Trips | Aired During Airbnb Open 2016 Keynote\"}},\"251\":{\"type\":\"text\",\"enabled\":\"1\",\"fields\":{\"copy\":\"<h2>Services<\\/h2>\\r\\n<ul><li>Concept<\\/li><li>Branding Animation<\\/li><li>Film\\/Video<\\/li><li>Animation<\\/li><li>Digital Ads<\\/li><li>Social Ads<\\/li><\\/ul>\\r\\n<h2>Deliverables<\\/h2>\\r\\n<ul><li>16 animated and live-action functional films<\\/li><li>Airbnb Trips Reveal and Future of Homes film<\\/li><li>4 15-second digital ads<\\/li><li>New Airbnb animated logo<\\/li><\\/ul>\"}},\"178\":{\"type\":\"video\",\"enabled\":\"1\",\"fields\":{\"videoUrl\":\"https:\\/\\/vimeo.com\\/231786676\",\"caption\":\"Airbnb motion logo\"}},\"155\":{\"type\":\"text\",\"enabled\":\"1\",\"fields\":{\"copy\":\"<p><strong>Let\\u2019s get functional<\\/strong><\\/p>\\r\\n<p>We started by developing eight animated and live-action product marketing videos to introduce users to key features built into the new Airbnb app. Each video needed to be playable in both landscape and portrait mode. Double the work&hellip; double the fun.<\\/p>\"}},\"157\":{\"type\":\"videoCarousel\",\"enabled\":\"1\",\"fields\":{\"video\":{\"158\":{\"type\":\"1\",\"fields\":{\"video\":\"https:\\/\\/vimeo.com\\/193177317\",\"caption\":\"Introducing Experiences\"}},\"159\":{\"type\":\"1\",\"fields\":{\"video\":\"https:\\/\\/vimeo.com\\/193177901\",\"caption\":\"Introducing Itinerary\"}},\"160\":{\"type\":\"1\",\"fields\":{\"video\":\"https:\\/\\/vimeo.com\\/193177150\",\"caption\":\"Introducing Co-hosting\"}},\"161\":{\"type\":\"1\",\"fields\":{\"video\":\"https:\\/\\/vimeo.com\\/193177011\",\"caption\":\"Introducing Social Impact Experiences\"}}}}},\"162\":{\"type\":\"text\",\"enabled\":\"1\",\"fields\":{\"copy\":\"<p><strong>Our <\\/strong><strong><em>Argo<\\/em><\\/strong><strong> moment<\\/strong><br><\\/p>\\r\\n<p>Meanwhile, Bokeh\\u2019s CEO, David, went undercover with an exuberant crew of filmmakers to old Havana, Cuba. With no time to obtain permits, we developed alibis to explain the excessive amount of camera gear. We got the greenlight thanks to some quick thinking and charming Spanglish. <\\/p>\"}},\"163\":{\"type\":\"video\",\"enabled\":\"1\",\"fields\":{\"videoUrl\":\"https:\\/\\/vimeo.com\\/193176889\",\"caption\":\"Staying Connected in Cuba\"}},\"new1\":{\"type\":\"twoUpImages\",\"enabled\":\"1\",\"fields\":{\"firstImage\":[\"29\"],\"secondImage\":[\"203\"]}},\"164\":{\"type\":\"threeUpImages\",\"enabled\":\"1\",\"fields\":{\"firstImage\":[\"152\"],\"secondImage\":[\"21\"],\"thirdImage\":[\"72\"]}},\"165\":{\"type\":\"text\",\"enabled\":\"1\",\"fields\":{\"copy\":\"<p><strong>In the clutch<\\/strong><br><\\/p>\\r\\n<p>Two days before the Airbnb Open, Brian needed a Hail Mary. He asked Bokeh to develop two more product videos for his keynote presentation, including the anthem piece that would be used to officially announce the launch of Airbnb Trips.<\\/p>\"}},\"166\":{\"type\":\"video\",\"enabled\":\"1\",\"fields\":{\"videoUrl\":\"https:\\/\\/vimeo.com\\/193184792\",\"caption\":\"Airbnb Collections Teaser | Aired During AO 2016 Keynote\"}},\"167\":{\"type\":\"videoCarousel\",\"enabled\":\"1\",\"fields\":{\"video\":{\"168\":{\"type\":\"1\",\"fields\":{\"video\":\"https:\\/\\/vimeo.com\\/194444259\",\"caption\":\"Burlesque\"}},\"169\":{\"type\":\"1\",\"fields\":{\"video\":\"https:\\/\\/vimeo.com\\/193185940\",\"caption\":\"Samurai\"}},\"170\":{\"type\":\"1\",\"fields\":{\"video\":\"https:\\/\\/vimeo.com\\/193185835\",\"caption\":\"Runner\"}},\"171\":{\"type\":\"1\",\"fields\":{\"video\":\"https:\\/\\/vimeo.com\\/193186104\",\"caption\":\"Scenester\"}}}}},\"221\":{\"type\":\"quote\",\"enabled\":\"1\",\"fields\":{\"quote\":\"\\u201cThis film brought the house down. I cannot imagine now having done this without it.\\u201d\",\"avatar\":\"\",\"personsName\":\"\",\"jobTitle\":\"\",\"shapeBackground\":\"\"}},\"180\":{\"type\":\"fiveUpImages\",\"enabled\":\"1\",\"fields\":{\"firstImage\":[\"199\"],\"secondImage\":[\"203\"],\"thirdImage\":[\"29\"],\"fourthImage\":[\"76\"],\"fifthImage\":[\"210\"]}},\"181\":{\"type\":\"fullWidthImage\",\"enabled\":\"1\",\"fields\":{\"image\":[\"177\"],\"caption\":\"\"}},\"179\":{\"type\":\"text\",\"enabled\":\"1\",\"fields\":{\"copy\":\"<p><strong>The payoff<\\/strong><\\/p>\\r\\n<p>The assets were leveraged across a variety of channels from Airbnb Open to product landing pages, social and YouTube, email newsletters, and paid media. The functional videos amassed over <strong>11 million views in less than three weeks<\\/strong>. On Airbnb product pages, the <strong>video click-through-rate reached as high as 15 percent<\\/strong>. <\\/p>\\r\\n<p>We received coverage in the <strong><em>NYTimes<\\/em><\\/strong><strong>, Adweek, <\\/strong><strong><em>Travel + Leisure<\\/em><\\/strong><strong>, TechCrunch, Mashable, <\\/strong><strong><em>The Telegraph<\\/em><\\/strong><strong>, and Fast Company.<\\/strong><\\/p>\"}}},\"2\":[\"96\"],\"9\":\"center\"}}', '2017-09-14 01:28:44', '2017-09-14 01:28:44', 'de391293-9688-4f07-9cdb-e39fb31e6458'),
 ('117', '2', '1', '1', 'en_us', '39', '', '{\"typeId\":null,\"authorId\":null,\"title\":\"Welcome\",\"slug\":\"homepage\",\"postDate\":1502679916,\"expiryDate\":null,\"enabled\":1,\"parentId\":null,\"fields\":{\"1\":\"<p>A creative partner for brands ready to move at the speed of inspiration.<\\/p>\",\"51\":\"We\'ve worked with some of the best teams in the world, and are proud to call these clients our partners and friends\",\"52\":{\"131\":{\"type\":\"clientLogo\",\"enabled\":\"1\",\"fields\":{\"client\":[\"120\"]}},\"132\":{\"type\":\"clientLogo\",\"enabled\":\"1\",\"fields\":{\"client\":[\"117\"]}},\"133\":{\"type\":\"clientLogo\",\"enabled\":\"1\",\"fields\":{\"client\":[\"121\"]}},\"134\":{\"type\":\"clientLogo\",\"enabled\":\"1\",\"fields\":{\"client\":[\"128\"]}},\"135\":{\"type\":\"clientLogo\",\"enabled\":\"1\",\"fields\":{\"client\":[\"127\"]}},\"136\":{\"type\":\"clientLogo\",\"enabled\":\"1\",\"fields\":{\"client\":[\"129\"]}},\"137\":{\"type\":\"clientLogo\",\"enabled\":\"1\",\"fields\":{\"client\":[\"122\"]}},\"138\":{\"type\":\"clientLogo\",\"enabled\":\"1\",\"fields\":{\"client\":[\"125\"]}},\"139\":{\"type\":\"clientLogo\",\"enabled\":\"1\",\"fields\":{\"client\":[\"126\"]}},\"140\":{\"type\":\"clientLogo\",\"enabled\":\"1\",\"fields\":{\"client\":[\"123\"]}},\"141\":{\"type\":\"clientLogo\",\"enabled\":\"1\",\"fields\":{\"client\":[\"118\"]}},\"142\":{\"type\":\"clientLogo\",\"enabled\":\"1\",\"fields\":{\"client\":[\"145\"]}},\"143\":{\"type\":\"clientLogo\",\"enabled\":\"1\",\"fields\":{\"client\":[\"124\"]}},\"144\":{\"type\":\"clientLogo\",\"enabled\":\"1\",\"fields\":{\"client\":[\"130\"]}},\"new1\":{\"type\":\"clientLogo\",\"enabled\":\"1\",\"fields\":{\"client\":[\"117\"]}},\"new2\":{\"type\":\"clientLogo\",\"enabled\":\"1\",\"fields\":{\"client\":[\"120\"]}},\"new3\":{\"type\":\"clientLogo\",\"enabled\":\"1\",\"fields\":{\"client\":[\"128\"]}},\"new4\":{\"type\":\"clientLogo\",\"enabled\":\"1\",\"fields\":{\"client\":[\"129\"]}},\"new5\":{\"type\":\"clientLogo\",\"enabled\":\"1\",\"fields\":{\"client\":[\"121\"]}}},\"6\":\"#fab300\",\"38\":[\"4\",\"77\",\"28\"],\"3\":[\"247\"],\"46\":{\"78\":{\"type\":\"offeredServices\",\"enabled\":\"1\",\"fields\":{\"serviceType\":\"Strategy\",\"service\":{\"79\":{\"type\":\"3\",\"fields\":{\"service\":\"Branding\"}},\"80\":{\"type\":\"3\",\"fields\":{\"service\":\"Content\"}},\"81\":{\"type\":\"3\",\"fields\":{\"service\":\"Social\"}},\"82\":{\"type\":\"3\",\"fields\":{\"service\":\"Digital\"}}}}},\"83\":{\"type\":\"offeredServices\",\"enabled\":\"1\",\"fields\":{\"serviceType\":\"Design\",\"service\":{\"84\":{\"type\":\"3\",\"fields\":{\"service\":\"Identity\"}},\"85\":{\"type\":\"3\",\"fields\":{\"service\":\"Style Guidelines\"}},\"86\":{\"type\":\"3\",\"fields\":{\"service\":\"Print\\/OOH\"}},\"87\":{\"type\":\"3\",\"fields\":{\"service\":\"UX\\/UI\"}}}}},\"88\":{\"type\":\"offeredServices\",\"enabled\":\"1\",\"fields\":{\"serviceType\":\"Content\",\"service\":{\"89\":{\"type\":\"3\",\"fields\":{\"service\":\"Film\\/Video\"}},\"90\":{\"type\":\"3\",\"fields\":{\"service\":\"Animation\"}},\"91\":{\"type\":\"3\",\"fields\":{\"service\":\"Product\\/Lifestyle Photography\"}},\"92\":{\"type\":\"3\",\"fields\":{\"service\":\"Copywriting\"}}}}}},\"50\":\"#000000\",\"40\":{\"93\":{\"type\":\"service\",\"enabled\":\"1\",\"fields\":{\"copyLineOne\":\"We believe that open-hearted collaboration allows us to be in the right place to tell the right story on the channels that matter most.\",\"copyLineTwo\":\"That a unique balance of hunger and humility enables our imagination to be boundless.\",\"copyLineThree\":\"Bold, honest, and always capable, our ideas empower brands to speak with creativity and heart.\",\"color\":\"#fa3517\"}}},\"7\":[\"248\"]}}', '2017-09-17 01:15:36', '2017-09-17 01:15:36', 'cd4fd921-f657-4e7c-b015-967f19719329'),
 ('118', '2', '1', '1', 'en_us', '40', '', '{\"typeId\":null,\"authorId\":null,\"title\":\"Welcome\",\"slug\":\"homepage\",\"postDate\":1502679916,\"expiryDate\":null,\"enabled\":1,\"parentId\":null,\"fields\":{\"1\":\"<p>A creative partner for brands ready to move at the speed of inspiration.<\\/p>\",\"51\":\"We\'ve worked with some of the best teams in the world, and are proud to call these clients our partners and friends\",\"52\":{\"131\":{\"type\":\"clientLogo\",\"enabled\":\"1\",\"fields\":{\"client\":[\"120\"]}},\"132\":{\"type\":\"clientLogo\",\"enabled\":\"1\",\"fields\":{\"client\":[\"117\"]}},\"133\":{\"type\":\"clientLogo\",\"enabled\":\"1\",\"fields\":{\"client\":[\"121\"]}},\"134\":{\"type\":\"clientLogo\",\"enabled\":\"1\",\"fields\":{\"client\":[\"128\"]}},\"135\":{\"type\":\"clientLogo\",\"enabled\":\"1\",\"fields\":{\"client\":[\"127\"]}},\"136\":{\"type\":\"clientLogo\",\"enabled\":\"1\",\"fields\":{\"client\":[\"129\"]}},\"137\":{\"type\":\"clientLogo\",\"enabled\":\"1\",\"fields\":{\"client\":[\"122\"]}},\"138\":{\"type\":\"clientLogo\",\"enabled\":\"1\",\"fields\":{\"client\":[\"125\"]}},\"139\":{\"type\":\"clientLogo\",\"enabled\":\"1\",\"fields\":{\"client\":[\"126\"]}},\"140\":{\"type\":\"clientLogo\",\"enabled\":\"1\",\"fields\":{\"client\":[\"123\"]}},\"141\":{\"type\":\"clientLogo\",\"enabled\":\"1\",\"fields\":{\"client\":[\"118\"]}},\"142\":{\"type\":\"clientLogo\",\"enabled\":\"1\",\"fields\":{\"client\":[\"145\"]}},\"143\":{\"type\":\"clientLogo\",\"enabled\":\"1\",\"fields\":{\"client\":[\"124\"]}},\"144\":{\"type\":\"clientLogo\",\"enabled\":\"1\",\"fields\":{\"client\":[\"130\"]}},\"253\":{\"type\":\"clientLogo\",\"enabled\":\"1\",\"fields\":{\"client\":[\"117\"]}},\"254\":{\"type\":\"clientLogo\",\"enabled\":\"1\",\"fields\":{\"client\":[\"120\"]}},\"255\":{\"type\":\"clientLogo\",\"enabled\":\"1\",\"fields\":{\"client\":[\"128\"]}},\"256\":{\"type\":\"clientLogo\",\"enabled\":\"1\",\"fields\":{\"client\":[\"129\"]}},\"257\":{\"type\":\"clientLogo\",\"enabled\":\"1\",\"fields\":{\"client\":[\"121\"]}},\"new1\":{\"type\":\"clientLogo\",\"enabled\":\"1\",\"fields\":{\"client\":[\"122\"]}}},\"6\":\"#fab300\",\"38\":[\"4\",\"77\",\"28\"],\"3\":[\"247\"],\"46\":{\"78\":{\"type\":\"offeredServices\",\"enabled\":\"1\",\"fields\":{\"serviceType\":\"Strategy\",\"service\":{\"79\":{\"type\":\"3\",\"fields\":{\"service\":\"Branding\"}},\"80\":{\"type\":\"3\",\"fields\":{\"service\":\"Content\"}},\"81\":{\"type\":\"3\",\"fields\":{\"service\":\"Social\"}},\"82\":{\"type\":\"3\",\"fields\":{\"service\":\"Digital\"}}}}},\"83\":{\"type\":\"offeredServices\",\"enabled\":\"1\",\"fields\":{\"serviceType\":\"Design\",\"service\":{\"84\":{\"type\":\"3\",\"fields\":{\"service\":\"Identity\"}},\"85\":{\"type\":\"3\",\"fields\":{\"service\":\"Style Guidelines\"}},\"86\":{\"type\":\"3\",\"fields\":{\"service\":\"Print\\/OOH\"}},\"87\":{\"type\":\"3\",\"fields\":{\"service\":\"UX\\/UI\"}}}}},\"88\":{\"type\":\"offeredServices\",\"enabled\":\"1\",\"fields\":{\"serviceType\":\"Content\",\"service\":{\"89\":{\"type\":\"3\",\"fields\":{\"service\":\"Film\\/Video\"}},\"90\":{\"type\":\"3\",\"fields\":{\"service\":\"Animation\"}},\"91\":{\"type\":\"3\",\"fields\":{\"service\":\"Product\\/Lifestyle Photography\"}},\"92\":{\"type\":\"3\",\"fields\":{\"service\":\"Copywriting\"}}}}}},\"50\":\"#000000\",\"40\":{\"93\":{\"type\":\"service\",\"enabled\":\"1\",\"fields\":{\"copyLineOne\":\"We believe that open-hearted collaboration allows us to be in the right place to tell the right story on the channels that matter most.\",\"copyLineTwo\":\"That a unique balance of hunger and humility enables our imagination to be boundless.\",\"copyLineThree\":\"Bold, honest, and always capable, our ideas empower brands to speak with creativity and heart.\",\"color\":\"#fa3517\"}}},\"7\":[\"248\"]}}', '2017-09-17 01:38:30', '2017-09-17 01:38:30', '7dc931ea-019b-459f-b952-d06c023cd888'),
 ('119', '2', '1', '1', 'en_us', '41', '', '{\"typeId\":null,\"authorId\":null,\"title\":\"Welcome\",\"slug\":\"homepage\",\"postDate\":1502679916,\"expiryDate\":null,\"enabled\":1,\"parentId\":null,\"fields\":{\"1\":\"<p>A creative partner for brands ready to move at the speed of inspiration.<\\/p>\",\"51\":\"We\'ve worked with some of the best teams in the world, and are proud to call these clients our partners and friends\",\"52\":{\"131\":{\"type\":\"clientLogo\",\"enabled\":\"1\",\"fields\":{\"client\":[\"120\"]}},\"132\":{\"type\":\"clientLogo\",\"enabled\":\"1\",\"fields\":{\"client\":[\"117\"]}},\"133\":{\"type\":\"clientLogo\",\"enabled\":\"1\",\"fields\":{\"client\":[\"121\"]}},\"134\":{\"type\":\"clientLogo\",\"enabled\":\"1\",\"fields\":{\"client\":[\"128\"]}},\"135\":{\"type\":\"clientLogo\",\"enabled\":\"1\",\"fields\":{\"client\":[\"127\"]}},\"136\":{\"type\":\"clientLogo\",\"enabled\":\"1\",\"fields\":{\"client\":[\"129\"]}},\"137\":{\"type\":\"clientLogo\",\"enabled\":\"1\",\"fields\":{\"client\":[\"122\"]}},\"138\":{\"type\":\"clientLogo\",\"enabled\":\"1\",\"fields\":{\"client\":[\"125\"]}},\"139\":{\"type\":\"clientLogo\",\"enabled\":\"1\",\"fields\":{\"client\":[\"126\"]}},\"140\":{\"type\":\"clientLogo\",\"enabled\":\"1\",\"fields\":{\"client\":[\"123\"]}},\"141\":{\"type\":\"clientLogo\",\"enabled\":\"1\",\"fields\":{\"client\":[\"118\"]}},\"142\":{\"type\":\"clientLogo\",\"enabled\":\"1\",\"fields\":{\"client\":[\"145\"]}},\"143\":{\"type\":\"clientLogo\",\"enabled\":\"1\",\"fields\":{\"client\":[\"124\"]}},\"144\":{\"type\":\"clientLogo\",\"enabled\":\"1\",\"fields\":{\"client\":[\"130\"]}},\"253\":{\"type\":\"clientLogo\",\"enabled\":\"1\",\"fields\":{\"client\":[\"117\"]}},\"254\":{\"type\":\"clientLogo\",\"enabled\":\"1\",\"fields\":{\"client\":[\"120\"]}},\"255\":{\"type\":\"clientLogo\",\"enabled\":\"1\",\"fields\":{\"client\":[\"128\"]}},\"256\":{\"type\":\"clientLogo\",\"enabled\":\"1\",\"fields\":{\"client\":[\"129\"]}},\"257\":{\"type\":\"clientLogo\",\"enabled\":\"1\",\"fields\":{\"client\":[\"121\"]}},\"258\":{\"type\":\"clientLogo\",\"enabled\":\"1\",\"fields\":{\"client\":[\"122\"]}},\"new1\":{\"type\":\"clientLogo\",\"enabled\":\"1\",\"fields\":{\"client\":[\"145\"]}},\"new2\":{\"type\":\"clientLogo\",\"enabled\":\"1\",\"fields\":{\"client\":[\"124\"]}},\"new3\":{\"type\":\"clientLogo\",\"enabled\":\"1\",\"fields\":{\"client\":[\"125\"]}},\"new4\":{\"type\":\"clientLogo\",\"enabled\":\"1\",\"fields\":{\"client\":[\"130\"]}},\"new5\":{\"type\":\"clientLogo\",\"enabled\":\"1\",\"fields\":{\"client\":[\"118\"]}},\"new6\":{\"type\":\"clientLogo\",\"enabled\":\"1\",\"fields\":{\"client\":[\"119\"]}},\"new7\":{\"type\":\"clientLogo\",\"enabled\":\"1\",\"fields\":{\"client\":[\"121\"]}},\"new8\":{\"type\":\"clientLogo\",\"enabled\":\"1\",\"fields\":{\"client\":[\"120\"]}}},\"6\":\"#fab300\",\"38\":[\"4\",\"77\",\"28\"],\"3\":[\"247\"],\"46\":{\"78\":{\"type\":\"offeredServices\",\"enabled\":\"1\",\"fields\":{\"serviceType\":\"Strategy\",\"service\":{\"79\":{\"type\":\"3\",\"fields\":{\"service\":\"Branding\"}},\"80\":{\"type\":\"3\",\"fields\":{\"service\":\"Content\"}},\"81\":{\"type\":\"3\",\"fields\":{\"service\":\"Social\"}},\"82\":{\"type\":\"3\",\"fields\":{\"service\":\"Digital\"}}}}},\"83\":{\"type\":\"offeredServices\",\"enabled\":\"1\",\"fields\":{\"serviceType\":\"Design\",\"service\":{\"84\":{\"type\":\"3\",\"fields\":{\"service\":\"Identity\"}},\"85\":{\"type\":\"3\",\"fields\":{\"service\":\"Style Guidelines\"}},\"86\":{\"type\":\"3\",\"fields\":{\"service\":\"Print\\/OOH\"}},\"87\":{\"type\":\"3\",\"fields\":{\"service\":\"UX\\/UI\"}}}}},\"88\":{\"type\":\"offeredServices\",\"enabled\":\"1\",\"fields\":{\"serviceType\":\"Content\",\"service\":{\"89\":{\"type\":\"3\",\"fields\":{\"service\":\"Film\\/Video\"}},\"90\":{\"type\":\"3\",\"fields\":{\"service\":\"Animation\"}},\"91\":{\"type\":\"3\",\"fields\":{\"service\":\"Product\\/Lifestyle Photography\"}},\"92\":{\"type\":\"3\",\"fields\":{\"service\":\"Copywriting\"}}}}}},\"50\":\"#000000\",\"40\":{\"93\":{\"type\":\"service\",\"enabled\":\"1\",\"fields\":{\"copyLineOne\":\"We believe that open-hearted collaboration allows us to be in the right place to tell the right story on the channels that matter most.\",\"copyLineTwo\":\"That a unique balance of hunger and humility enables our imagination to be boundless.\",\"copyLineThree\":\"Bold, honest, and always capable, our ideas empower brands to speak with creativity and heart.\",\"color\":\"#fa3517\"}}},\"7\":[\"248\"]}}', '2017-09-17 01:52:35', '2017-09-17 01:52:35', '2e0d6fd6-fe00-4355-a6f9-9180c909dab8'),
 ('120', '2', '1', '1', 'en_us', '42', '', '{\"typeId\":null,\"authorId\":null,\"title\":\"Welcome\",\"slug\":\"homepage\",\"postDate\":1502679916,\"expiryDate\":null,\"enabled\":1,\"parentId\":null,\"fields\":{\"1\":\"<p>A creative partner for brands ready to move at the speed of inspiration.<\\/p>\",\"51\":\"We\'ve worked with some of the best teams in the world, and are proud to call these clients our partners and friends\",\"52\":{\"131\":{\"type\":\"clientLogo\",\"enabled\":\"1\",\"fields\":{\"client\":[\"120\"]}},\"132\":{\"type\":\"clientLogo\",\"enabled\":\"1\",\"fields\":{\"client\":[\"117\"]}},\"133\":{\"type\":\"clientLogo\",\"enabled\":\"1\",\"fields\":{\"client\":[\"121\"]}},\"134\":{\"type\":\"clientLogo\",\"enabled\":\"1\",\"fields\":{\"client\":[\"128\"]}},\"135\":{\"type\":\"clientLogo\",\"enabled\":\"1\",\"fields\":{\"client\":[\"127\"]}},\"136\":{\"type\":\"clientLogo\",\"enabled\":\"1\",\"fields\":{\"client\":[\"129\"]}},\"137\":{\"type\":\"clientLogo\",\"enabled\":\"1\",\"fields\":{\"client\":[\"122\"]}},\"138\":{\"type\":\"clientLogo\",\"enabled\":\"1\",\"fields\":{\"client\":[\"125\"]}},\"139\":{\"type\":\"clientLogo\",\"enabled\":\"1\",\"fields\":{\"client\":[\"126\"]}},\"140\":{\"type\":\"clientLogo\",\"enabled\":\"1\",\"fields\":{\"client\":[\"123\"]}},\"141\":{\"type\":\"clientLogo\",\"enabled\":\"1\",\"fields\":{\"client\":[\"118\"]}},\"142\":{\"type\":\"clientLogo\",\"enabled\":\"1\",\"fields\":{\"client\":[\"145\"]}},\"143\":{\"type\":\"clientLogo\",\"enabled\":\"1\",\"fields\":{\"client\":[\"124\"]}},\"144\":{\"type\":\"clientLogo\",\"enabled\":\"1\",\"fields\":{\"client\":[\"130\"]}},\"253\":{\"type\":\"clientLogo\",\"enabled\":\"1\",\"fields\":{\"client\":[\"117\"]}},\"254\":{\"type\":\"clientLogo\",\"enabled\":\"1\",\"fields\":{\"client\":[\"120\"]}},\"255\":{\"type\":\"clientLogo\",\"enabled\":\"1\",\"fields\":{\"client\":[\"128\"]}},\"256\":{\"type\":\"clientLogo\",\"enabled\":\"1\",\"fields\":{\"client\":[\"129\"]}},\"257\":{\"type\":\"clientLogo\",\"enabled\":\"1\",\"fields\":{\"client\":[\"121\"]}},\"258\":{\"type\":\"clientLogo\",\"enabled\":\"1\",\"fields\":{\"client\":[\"122\"]}},\"new1\":{\"type\":\"clientLogo\",\"enabled\":\"1\",\"fields\":{\"client\":[\"145\"]}},\"new2\":{\"type\":\"clientLogo\",\"enabled\":\"1\",\"fields\":{\"client\":[\"124\"]}},\"new3\":{\"type\":\"clientLogo\",\"enabled\":\"1\",\"fields\":{\"client\":[\"125\"]}},\"new4\":{\"type\":\"clientLogo\",\"enabled\":\"1\",\"fields\":{\"client\":[\"130\"]}},\"new5\":{\"type\":\"clientLogo\",\"enabled\":\"1\",\"fields\":{\"client\":[\"118\"]}},\"new6\":{\"type\":\"clientLogo\",\"enabled\":\"1\",\"fields\":{\"client\":[\"119\"]}},\"new7\":{\"type\":\"clientLogo\",\"enabled\":\"1\",\"fields\":{\"client\":[\"121\"]}},\"new8\":{\"type\":\"clientLogo\",\"enabled\":\"1\",\"fields\":{\"client\":[\"120\"]}}},\"6\":\"#fab300\",\"38\":[\"4\",\"77\",\"28\"],\"3\":[\"247\"],\"46\":{\"78\":{\"type\":\"offeredServices\",\"enabled\":\"1\",\"fields\":{\"serviceType\":\"Strategy\",\"service\":{\"79\":{\"type\":\"3\",\"fields\":{\"service\":\"Branding\"}},\"80\":{\"type\":\"3\",\"fields\":{\"service\":\"Content\"}},\"81\":{\"type\":\"3\",\"fields\":{\"service\":\"Social\"}},\"82\":{\"type\":\"3\",\"fields\":{\"service\":\"Digital\"}}}}},\"83\":{\"type\":\"offeredServices\",\"enabled\":\"1\",\"fields\":{\"serviceType\":\"Design\",\"service\":{\"84\":{\"type\":\"3\",\"fields\":{\"service\":\"Identity\"}},\"85\":{\"type\":\"3\",\"fields\":{\"service\":\"Style Guidelines\"}},\"86\":{\"type\":\"3\",\"fields\":{\"service\":\"Print\\/OOH\"}},\"87\":{\"type\":\"3\",\"fields\":{\"service\":\"UX\\/UI\"}}}}},\"88\":{\"type\":\"offeredServices\",\"enabled\":\"1\",\"fields\":{\"serviceType\":\"Content\",\"service\":{\"89\":{\"type\":\"3\",\"fields\":{\"service\":\"Film\\/Video\"}},\"90\":{\"type\":\"3\",\"fields\":{\"service\":\"Animation\"}},\"91\":{\"type\":\"3\",\"fields\":{\"service\":\"Product\\/Lifestyle Photography\"}},\"92\":{\"type\":\"3\",\"fields\":{\"service\":\"Copywriting\"}}}}}},\"50\":\"#000000\",\"40\":{\"93\":{\"type\":\"service\",\"enabled\":\"1\",\"fields\":{\"copyLineOne\":\"We believe that open-hearted collaboration allows us to be in the right place to tell the right story on the channels that matter most.\",\"copyLineTwo\":\"That a unique balance of hunger and humility enables our imagination to be boundless.\",\"copyLineThree\":\"Bold, honest, and always capable, our ideas empower brands to speak with creativity and heart.\",\"color\":\"#fa3517\"}}},\"7\":[\"248\"]}}', '2017-09-17 01:52:35', '2017-09-17 01:52:35', 'd47df3aa-e9b8-4ee3-80bd-6e33f72ac384'),
 ('121', '2', '1', '1', 'en_us', '43', '', '{\"typeId\":null,\"authorId\":null,\"title\":\"Welcome\",\"slug\":\"homepage\",\"postDate\":1502679916,\"expiryDate\":null,\"enabled\":1,\"parentId\":null,\"fields\":{\"1\":\"<p>A creative partner for brands ready to move at the speed of inspiration.<\\/p>\",\"51\":\"We\'ve worked with some of the best teams in the world, and are proud to call these clients our partners and friends\",\"52\":{\"131\":{\"type\":\"clientLogo\",\"enabled\":\"1\",\"fields\":{\"client\":[\"120\"]}},\"132\":{\"type\":\"clientLogo\",\"enabled\":\"1\",\"fields\":{\"client\":[\"117\"]}},\"133\":{\"type\":\"clientLogo\",\"enabled\":\"1\",\"fields\":{\"client\":[\"121\"]}},\"134\":{\"type\":\"clientLogo\",\"enabled\":\"1\",\"fields\":{\"client\":[\"128\"]}},\"135\":{\"type\":\"clientLogo\",\"enabled\":\"1\",\"fields\":{\"client\":[\"127\"]}},\"136\":{\"type\":\"clientLogo\",\"enabled\":\"1\",\"fields\":{\"client\":[\"129\"]}},\"137\":{\"type\":\"clientLogo\",\"enabled\":\"1\",\"fields\":{\"client\":[\"122\"]}},\"138\":{\"type\":\"clientLogo\",\"enabled\":\"1\",\"fields\":{\"client\":[\"125\"]}},\"139\":{\"type\":\"clientLogo\",\"enabled\":\"1\",\"fields\":{\"client\":[\"126\"]}},\"140\":{\"type\":\"clientLogo\",\"enabled\":\"1\",\"fields\":{\"client\":[\"123\"]}},\"141\":{\"type\":\"clientLogo\",\"enabled\":\"1\",\"fields\":{\"client\":[\"118\"]}},\"142\":{\"type\":\"clientLogo\",\"enabled\":\"1\",\"fields\":{\"client\":[\"145\"]}},\"143\":{\"type\":\"clientLogo\",\"enabled\":\"1\",\"fields\":{\"client\":[\"124\"]}},\"144\":{\"type\":\"clientLogo\",\"enabled\":\"1\",\"fields\":{\"client\":[\"130\"]}},\"253\":{\"type\":\"clientLogo\",\"enabled\":\"1\",\"fields\":{\"client\":[\"117\"]}},\"254\":{\"type\":\"clientLogo\",\"enabled\":\"1\",\"fields\":{\"client\":[\"120\"]}},\"255\":{\"type\":\"clientLogo\",\"enabled\":\"1\",\"fields\":{\"client\":[\"128\"]}},\"256\":{\"type\":\"clientLogo\",\"enabled\":\"1\",\"fields\":{\"client\":[\"129\"]}},\"257\":{\"type\":\"clientLogo\",\"enabled\":\"1\",\"fields\":{\"client\":[\"121\"]}},\"258\":{\"type\":\"clientLogo\",\"enabled\":\"1\",\"fields\":{\"client\":[\"122\"]}},\"267\":{\"type\":\"clientLogo\",\"enabled\":\"1\",\"fields\":{\"client\":[\"145\"]}},\"268\":{\"type\":\"clientLogo\",\"enabled\":\"1\",\"fields\":{\"client\":[\"124\"]}},\"269\":{\"type\":\"clientLogo\",\"enabled\":\"1\",\"fields\":{\"client\":[\"125\"]}},\"270\":{\"type\":\"clientLogo\",\"enabled\":\"1\",\"fields\":{\"client\":[\"130\"]}},\"271\":{\"type\":\"clientLogo\",\"enabled\":\"1\",\"fields\":{\"client\":[\"118\"]}},\"272\":{\"type\":\"clientLogo\",\"enabled\":\"1\",\"fields\":{\"client\":[\"119\"]}},\"273\":{\"type\":\"clientLogo\",\"enabled\":\"1\",\"fields\":{\"client\":[\"121\"]}},\"274\":{\"type\":\"clientLogo\",\"enabled\":\"1\",\"fields\":{\"client\":[\"120\"]}}},\"6\":\"#fab300\",\"38\":[\"4\",\"77\",\"28\"],\"3\":[\"247\"],\"46\":{\"78\":{\"type\":\"offeredServices\",\"enabled\":\"1\",\"fields\":{\"serviceType\":\"Strategy\",\"service\":{\"79\":{\"type\":\"3\",\"fields\":{\"service\":\"Branding\"}},\"80\":{\"type\":\"3\",\"fields\":{\"service\":\"Content\"}},\"81\":{\"type\":\"3\",\"fields\":{\"service\":\"Social\"}},\"82\":{\"type\":\"3\",\"fields\":{\"service\":\"Digital\"}}}}},\"83\":{\"type\":\"offeredServices\",\"enabled\":\"1\",\"fields\":{\"serviceType\":\"Design\",\"service\":{\"84\":{\"type\":\"3\",\"fields\":{\"service\":\"Identity\"}},\"85\":{\"type\":\"3\",\"fields\":{\"service\":\"Style Guidelines\"}},\"86\":{\"type\":\"3\",\"fields\":{\"service\":\"Print\\/OOH\"}},\"87\":{\"type\":\"3\",\"fields\":{\"service\":\"UX\\/UI\"}}}}},\"88\":{\"type\":\"offeredServices\",\"enabled\":\"1\",\"fields\":{\"serviceType\":\"Content\",\"service\":{\"89\":{\"type\":\"3\",\"fields\":{\"service\":\"Film\\/Video\"}},\"90\":{\"type\":\"3\",\"fields\":{\"service\":\"Animation\"}},\"91\":{\"type\":\"3\",\"fields\":{\"service\":\"Product\\/Lifestyle Photography\"}},\"92\":{\"type\":\"3\",\"fields\":{\"service\":\"Copywriting\"}}}}}},\"50\":\"#000000\",\"40\":{\"93\":{\"type\":\"service\",\"enabled\":\"1\",\"fields\":{\"copyLineOne\":\"We believe that open-hearted collaboration allows us to be in the right place to tell the right story on the channels that matter most.\",\"copyLineTwo\":\"That a unique balance of hunger and humility enables our imagination to be boundless.\",\"copyLineThree\":\"Bold, honest, and always capable, our ideas empower brands to speak with creativity and heart.\",\"color\":\"#fa3517\"}}},\"57\":{\"new1\":{\"type\":\"word\",\"enabled\":\"1\",\"fields\":{\"word\":\"creative\"}},\"new2\":{\"type\":\"word\",\"enabled\":\"1\",\"fields\":{\"word\":\"strategy\"}},\"new3\":{\"type\":\"word\",\"enabled\":\"1\",\"fields\":{\"word\":\"design\"}},\"new4\":{\"type\":\"word\",\"enabled\":\"1\",\"fields\":{\"word\":\"digital\"}}},\"7\":[\"248\"]}}', '2017-09-17 02:24:49', '2017-09-17 02:24:49', '47815ca3-e86f-4b84-aceb-5f47d68e7489'),
 ('122', '77', '2', '1', 'en_us', '26', '', '{\"typeId\":\"2\",\"authorId\":\"75\",\"title\":\"Instagram\",\"slug\":\"instagram\",\"postDate\":1503364800,\"expiryDate\":null,\"enabled\":1,\"parentId\":null,\"fields\":{\"6\":\"#59d8d8\",\"4\":\"<p>We backpacked for four months around the world to shoot a series for <a href=\\\"http:\\/\\/localhost:8888\\/bokeh\\/public_html\\/projects\\/instagram#entry:77:url\\\"><\\/a><a href=\\\"http:\\/\\/localhost:8888\\/bokeh\\/public_html\\/projects\\/instagram#entry:77:url\\\">Instagram<\\/a>.<\\/p>\",\"8\":\"center\",\"3\":[\"219\"],\"5\":\"Intro Paraggraph\",\"10\":\"\",\"2\":\"\",\"9\":\"bottom\"}}', '2017-09-17 19:00:44', '2017-09-17 19:00:44', '6b6fd033-f4d0-4efb-9c9c-d66506b13fba'),
 ('123', '2', '1', '1', 'en_us', '44', '', '{\"typeId\":null,\"authorId\":null,\"title\":\"Welcome\",\"slug\":\"homepage\",\"postDate\":1502679916,\"expiryDate\":null,\"enabled\":1,\"parentId\":null,\"fields\":{\"51\":\"We\'ve worked with some of the best teams in the world, and are proud to call these clients our partners and friends\",\"52\":{\"131\":{\"type\":\"clientLogo\",\"enabled\":\"1\",\"fields\":{\"client\":[\"120\"]}},\"132\":{\"type\":\"clientLogo\",\"enabled\":\"1\",\"fields\":{\"client\":[\"117\"]}},\"133\":{\"type\":\"clientLogo\",\"enabled\":\"1\",\"fields\":{\"client\":[\"121\"]}},\"134\":{\"type\":\"clientLogo\",\"enabled\":\"1\",\"fields\":{\"client\":[\"128\"]}},\"135\":{\"type\":\"clientLogo\",\"enabled\":\"1\",\"fields\":{\"client\":[\"127\"]}},\"136\":{\"type\":\"clientLogo\",\"enabled\":\"1\",\"fields\":{\"client\":[\"129\"]}},\"137\":{\"type\":\"clientLogo\",\"enabled\":\"1\",\"fields\":{\"client\":[\"122\"]}},\"138\":{\"type\":\"clientLogo\",\"enabled\":\"1\",\"fields\":{\"client\":[\"125\"]}},\"139\":{\"type\":\"clientLogo\",\"enabled\":\"1\",\"fields\":{\"client\":[\"126\"]}},\"140\":{\"type\":\"clientLogo\",\"enabled\":\"1\",\"fields\":{\"client\":[\"123\"]}},\"141\":{\"type\":\"clientLogo\",\"enabled\":\"1\",\"fields\":{\"client\":[\"118\"]}},\"142\":{\"type\":\"clientLogo\",\"enabled\":\"1\",\"fields\":{\"client\":[\"145\"]}},\"143\":{\"type\":\"clientLogo\",\"enabled\":\"1\",\"fields\":{\"client\":[\"124\"]}},\"144\":{\"type\":\"clientLogo\",\"enabled\":\"1\",\"fields\":{\"client\":[\"130\"]}},\"253\":{\"type\":\"clientLogo\",\"enabled\":\"1\",\"fields\":{\"client\":[\"117\"]}},\"254\":{\"type\":\"clientLogo\",\"enabled\":\"1\",\"fields\":{\"client\":[\"120\"]}},\"255\":{\"type\":\"clientLogo\",\"enabled\":\"1\",\"fields\":{\"client\":[\"128\"]}},\"256\":{\"type\":\"clientLogo\",\"enabled\":\"1\",\"fields\":{\"client\":[\"129\"]}},\"257\":{\"type\":\"clientLogo\",\"enabled\":\"1\",\"fields\":{\"client\":[\"121\"]}},\"258\":{\"type\":\"clientLogo\",\"enabled\":\"1\",\"fields\":{\"client\":[\"122\"]}},\"267\":{\"type\":\"clientLogo\",\"enabled\":\"1\",\"fields\":{\"client\":[\"145\"]}},\"268\":{\"type\":\"clientLogo\",\"enabled\":\"1\",\"fields\":{\"client\":[\"124\"]}},\"269\":{\"type\":\"clientLogo\",\"enabled\":\"1\",\"fields\":{\"client\":[\"125\"]}},\"270\":{\"type\":\"clientLogo\",\"enabled\":\"1\",\"fields\":{\"client\":[\"130\"]}},\"271\":{\"type\":\"clientLogo\",\"enabled\":\"1\",\"fields\":{\"client\":[\"118\"]}},\"272\":{\"type\":\"clientLogo\",\"enabled\":\"1\",\"fields\":{\"client\":[\"119\"]}},\"273\":{\"type\":\"clientLogo\",\"enabled\":\"1\",\"fields\":{\"client\":[\"121\"]}},\"274\":{\"type\":\"clientLogo\",\"enabled\":\"1\",\"fields\":{\"client\":[\"120\"]}}},\"6\":\"#f8a24d\",\"38\":[\"4\",\"77\",\"28\"],\"3\":[\"247\"],\"46\":{\"78\":{\"type\":\"offeredServices\",\"enabled\":\"1\",\"fields\":{\"serviceType\":\"Strategy\",\"service\":{\"79\":{\"type\":\"3\",\"fields\":{\"service\":\"Branding\"}},\"80\":{\"type\":\"3\",\"fields\":{\"service\":\"Content\"}},\"81\":{\"type\":\"3\",\"fields\":{\"service\":\"Social\"}},\"82\":{\"type\":\"3\",\"fields\":{\"service\":\"Digital\"}}}}},\"83\":{\"type\":\"offeredServices\",\"enabled\":\"1\",\"fields\":{\"serviceType\":\"Design\",\"service\":{\"84\":{\"type\":\"3\",\"fields\":{\"service\":\"Identity\"}},\"85\":{\"type\":\"3\",\"fields\":{\"service\":\"Style Guidelines\"}},\"86\":{\"type\":\"3\",\"fields\":{\"service\":\"Print\\/OOH\"}},\"87\":{\"type\":\"3\",\"fields\":{\"service\":\"UX\\/UI\"}}}}},\"88\":{\"type\":\"offeredServices\",\"enabled\":\"1\",\"fields\":{\"serviceType\":\"Content\",\"service\":{\"89\":{\"type\":\"3\",\"fields\":{\"service\":\"Film\\/Video\"}},\"90\":{\"type\":\"3\",\"fields\":{\"service\":\"Animation\"}},\"91\":{\"type\":\"3\",\"fields\":{\"service\":\"Product\\/Lifestyle Photography\"}},\"92\":{\"type\":\"3\",\"fields\":{\"service\":\"Copywriting\"}}}}}},\"50\":\"#000000\",\"40\":{\"93\":{\"type\":\"service\",\"enabled\":\"1\",\"fields\":{\"copyLineOne\":\"We believe that open-hearted collaboration allows us to be in the right place to tell the right story on the channels that matter most.\",\"copyLineTwo\":\"That a unique balance of hunger and humility enables our imagination to be boundless.\",\"copyLineThree\":\"Bold, honest, and always capable, our ideas empower brands to speak with creativity and heart.\",\"color\":\"#fa3517\"}}},\"57\":{\"275\":{\"type\":\"word\",\"enabled\":\"1\",\"fields\":{\"word\":\"creative\"}},\"276\":{\"type\":\"word\",\"enabled\":\"1\",\"fields\":{\"word\":\"strategy\"}},\"277\":{\"type\":\"word\",\"enabled\":\"1\",\"fields\":{\"word\":\"design\"}},\"278\":{\"type\":\"word\",\"enabled\":\"1\",\"fields\":{\"word\":\"digital\"}}},\"7\":[\"248\"]}}', '2017-09-17 19:02:18', '2017-09-17 19:02:18', '1a869a51-deb2-4962-b050-5153855e927b'),
 ('124', '2', '1', '1', 'en_us', '45', '', '{\"typeId\":null,\"authorId\":null,\"title\":\"Welcome\",\"slug\":\"homepage\",\"postDate\":1502679916,\"expiryDate\":null,\"enabled\":1,\"parentId\":null,\"fields\":{\"51\":\"We\'ve worked with some of the best teams in the world, and are proud to call these clients our partners and friends\",\"52\":{\"131\":{\"type\":\"clientLogo\",\"enabled\":\"1\",\"fields\":{\"client\":[\"120\"]}},\"132\":{\"type\":\"clientLogo\",\"enabled\":\"1\",\"fields\":{\"client\":[\"117\"]}},\"133\":{\"type\":\"clientLogo\",\"enabled\":\"1\",\"fields\":{\"client\":[\"121\"]}},\"134\":{\"type\":\"clientLogo\",\"enabled\":\"1\",\"fields\":{\"client\":[\"128\"]}},\"135\":{\"type\":\"clientLogo\",\"enabled\":\"1\",\"fields\":{\"client\":[\"127\"]}},\"136\":{\"type\":\"clientLogo\",\"enabled\":\"1\",\"fields\":{\"client\":[\"129\"]}},\"137\":{\"type\":\"clientLogo\",\"enabled\":\"1\",\"fields\":{\"client\":[\"122\"]}},\"138\":{\"type\":\"clientLogo\",\"enabled\":\"1\",\"fields\":{\"client\":[\"125\"]}},\"139\":{\"type\":\"clientLogo\",\"enabled\":\"1\",\"fields\":{\"client\":[\"126\"]}},\"140\":{\"type\":\"clientLogo\",\"enabled\":\"1\",\"fields\":{\"client\":[\"123\"]}},\"141\":{\"type\":\"clientLogo\",\"enabled\":\"1\",\"fields\":{\"client\":[\"118\"]}},\"142\":{\"type\":\"clientLogo\",\"enabled\":\"1\",\"fields\":{\"client\":[\"145\"]}},\"143\":{\"type\":\"clientLogo\",\"enabled\":\"1\",\"fields\":{\"client\":[\"124\"]}},\"144\":{\"type\":\"clientLogo\",\"enabled\":\"1\",\"fields\":{\"client\":[\"130\"]}},\"253\":{\"type\":\"clientLogo\",\"enabled\":\"1\",\"fields\":{\"client\":[\"117\"]}},\"254\":{\"type\":\"clientLogo\",\"enabled\":\"1\",\"fields\":{\"client\":[\"120\"]}},\"255\":{\"type\":\"clientLogo\",\"enabled\":\"1\",\"fields\":{\"client\":[\"128\"]}},\"256\":{\"type\":\"clientLogo\",\"enabled\":\"1\",\"fields\":{\"client\":[\"129\"]}},\"257\":{\"type\":\"clientLogo\",\"enabled\":\"1\",\"fields\":{\"client\":[\"121\"]}},\"258\":{\"type\":\"clientLogo\",\"enabled\":\"1\",\"fields\":{\"client\":[\"122\"]}},\"267\":{\"type\":\"clientLogo\",\"enabled\":\"1\",\"fields\":{\"client\":[\"145\"]}},\"268\":{\"type\":\"clientLogo\",\"enabled\":\"1\",\"fields\":{\"client\":[\"124\"]}},\"269\":{\"type\":\"clientLogo\",\"enabled\":\"1\",\"fields\":{\"client\":[\"125\"]}},\"270\":{\"type\":\"clientLogo\",\"enabled\":\"1\",\"fields\":{\"client\":[\"130\"]}},\"271\":{\"type\":\"clientLogo\",\"enabled\":\"1\",\"fields\":{\"client\":[\"118\"]}},\"272\":{\"type\":\"clientLogo\",\"enabled\":\"1\",\"fields\":{\"client\":[\"119\"]}},\"273\":{\"type\":\"clientLogo\",\"enabled\":\"1\",\"fields\":{\"client\":[\"121\"]}},\"274\":{\"type\":\"clientLogo\",\"enabled\":\"1\",\"fields\":{\"client\":[\"120\"]}}},\"6\":\"#fbb04a\",\"38\":[\"4\",\"77\",\"28\"],\"3\":[\"247\"],\"46\":{\"78\":{\"type\":\"offeredServices\",\"enabled\":\"1\",\"fields\":{\"serviceType\":\"Strategy\",\"service\":{\"79\":{\"type\":\"3\",\"fields\":{\"service\":\"Branding\"}},\"80\":{\"type\":\"3\",\"fields\":{\"service\":\"Content\"}},\"81\":{\"type\":\"3\",\"fields\":{\"service\":\"Social\"}},\"82\":{\"type\":\"3\",\"fields\":{\"service\":\"Digital\"}}}}},\"83\":{\"type\":\"offeredServices\",\"enabled\":\"1\",\"fields\":{\"serviceType\":\"Design\",\"service\":{\"84\":{\"type\":\"3\",\"fields\":{\"service\":\"Identity\"}},\"85\":{\"type\":\"3\",\"fields\":{\"service\":\"Style Guidelines\"}},\"86\":{\"type\":\"3\",\"fields\":{\"service\":\"Print\\/OOH\"}},\"87\":{\"type\":\"3\",\"fields\":{\"service\":\"UX\\/UI\"}}}}},\"88\":{\"type\":\"offeredServices\",\"enabled\":\"1\",\"fields\":{\"serviceType\":\"Content\",\"service\":{\"89\":{\"type\":\"3\",\"fields\":{\"service\":\"Film\\/Video\"}},\"90\":{\"type\":\"3\",\"fields\":{\"service\":\"Animation\"}},\"91\":{\"type\":\"3\",\"fields\":{\"service\":\"Product\\/Lifestyle Photography\"}},\"92\":{\"type\":\"3\",\"fields\":{\"service\":\"Copywriting\"}}}}}},\"50\":\"#000000\",\"40\":{\"93\":{\"type\":\"service\",\"enabled\":\"1\",\"fields\":{\"copyLineOne\":\"We believe that open-hearted collaboration allows us to be in the right place to tell the right story on the channels that matter most.\",\"copyLineTwo\":\"That a unique balance of hunger and humility enables our imagination to be boundless.\",\"copyLineThree\":\"Bold, honest, and always capable, our ideas empower brands to speak with creativity and heart.\",\"color\":\"#fa3517\"}}},\"57\":{\"275\":{\"type\":\"word\",\"enabled\":\"1\",\"fields\":{\"word\":\"creative\"}},\"276\":{\"type\":\"word\",\"enabled\":\"1\",\"fields\":{\"word\":\"strategy\"}},\"277\":{\"type\":\"word\",\"enabled\":\"1\",\"fields\":{\"word\":\"design\"}},\"278\":{\"type\":\"word\",\"enabled\":\"1\",\"fields\":{\"word\":\"digital\"}}},\"7\":[\"248\"]}}', '2017-09-17 19:03:31', '2017-09-17 19:03:31', 'f28358d5-ba63-4322-af25-75e37c58148b'),
 ('125', '4', '2', '1', 'en_us', '30', '', '{\"typeId\":\"2\",\"authorId\":\"1\",\"title\":\"Airbnb\",\"slug\":\"airbnb\",\"postDate\":1502508000,\"expiryDate\":null,\"enabled\":1,\"parentId\":null,\"fields\":{\"6\":\"#dc0942\",\"4\":\"<p><strong>The campaign that <em>\\u201c<\\/em><em>brought the house down<\\/em><em>\\u201d<\\/em>&nbsp;at <a href=\\\"http:\\/\\/localhost:8888\\/bokeh\\/public_html\\/projects\\/airbnb#entry:4:url\\\">Airbnb<\\/a>.<\\/strong><\\/p>\",\"8\":\"center\",\"3\":[\"222\"],\"5\":\"On November 17, 2016, Airbnb announced the largest product expansion in its history. Just five weeks earlier, Bokeh was asked to join its sprint to the finish line.\",\"10\":{\"146\":{\"type\":\"quote\",\"enabled\":\"1\",\"fields\":{\"quote\":\"\\u201cThis film brought the house down. I cannot imagine now having done this without it.\\u201d\",\"avatar\":\"\",\"personsName\":\"Brian Chesky\",\"jobTitle\":\"CEO of Airbnb\",\"shapeBackground\":[\"show\"]}},\"147\":{\"type\":\"text\",\"enabled\":\"1\",\"fields\":{\"copy\":\"<p><strong>Mission:<\\/strong><\\/p>\\r\\n<p>On November 17, 2016, Airbnb announced the largest product expansion in its history. Just five weeks earlier, Bokeh was asked to join its sprint to the finish line.<\\/p>\\r\\n<p>Working alongside engineering, brand, product marketing, art, and C-level teams, we developed a dizzying amount of content to educate users on new features, advertise and build awareness on social media, and, ultimately, to introduce the world to Airbnb Trips on-stage at Airbnb Open in Los Angeles.<\\/p>\"}},\"153\":{\"type\":\"video\",\"enabled\":\"1\",\"fields\":{\"videoUrl\":\"https:\\/\\/vimeo.com\\/193175968\",\"caption\":\"Welcome to the World of Trips | Aired During Airbnb Open 2016 Keynote\"}},\"251\":{\"type\":\"text\",\"enabled\":\"1\",\"fields\":{\"copy\":\"<h2>Services<\\/h2>\\r\\n<ul><li>Concept<\\/li><li>Branding Animation<\\/li><li>Film\\/Video<\\/li><li>Animation<\\/li><li>Digital Ads<\\/li><li>Social Ads<\\/li><\\/ul>\\r\\n<h2>Deliverables<\\/h2>\\r\\n<ul><li>16 animated and live-action functional films<\\/li><li>Airbnb Trips Reveal and Future of Homes film<\\/li><li>4 15-second digital ads<\\/li><li>New Airbnb animated logo<\\/li><\\/ul>\"}},\"178\":{\"type\":\"video\",\"enabled\":\"1\",\"fields\":{\"videoUrl\":\"https:\\/\\/vimeo.com\\/231786676\",\"caption\":\"Airbnb motion logo\"}},\"155\":{\"type\":\"text\",\"enabled\":\"1\",\"fields\":{\"copy\":\"<p><strong>Let\\u2019s get functional<\\/strong><\\/p>\\r\\n<p>We started by developing eight animated and live-action product marketing videos to introduce users to key features built into the new Airbnb app. Each video needed to be playable in both landscape and portrait mode. Double the work&hellip; double the fun.<\\/p>\"}},\"157\":{\"type\":\"videoCarousel\",\"enabled\":\"1\",\"fields\":{\"video\":{\"158\":{\"type\":\"1\",\"fields\":{\"video\":\"https:\\/\\/vimeo.com\\/193177317\",\"caption\":\"Introducing Experiences\"}},\"159\":{\"type\":\"1\",\"fields\":{\"video\":\"https:\\/\\/vimeo.com\\/193177901\",\"caption\":\"Introducing Itinerary\"}},\"160\":{\"type\":\"1\",\"fields\":{\"video\":\"https:\\/\\/vimeo.com\\/193177150\",\"caption\":\"Introducing Co-hosting\"}},\"161\":{\"type\":\"1\",\"fields\":{\"video\":\"https:\\/\\/vimeo.com\\/193177011\",\"caption\":\"Introducing Social Impact Experiences\"}}}}},\"162\":{\"type\":\"text\",\"enabled\":\"1\",\"fields\":{\"copy\":\"<p><strong>Our <\\/strong><strong><em>Argo<\\/em><\\/strong><strong> moment<\\/strong><br><\\/p>\\r\\n<p>Meanwhile, Bokeh\\u2019s CEO, David, went undercover with an exuberant crew of filmmakers to old Havana, Cuba. With no time to obtain permits, we developed alibis to explain the excessive amount of camera gear. We got the greenlight thanks to some quick thinking and charming Spanglish. <\\/p>\"}},\"163\":{\"type\":\"video\",\"enabled\":\"1\",\"fields\":{\"videoUrl\":\"https:\\/\\/vimeo.com\\/193176889\",\"caption\":\"Staying Connected in Cuba\"}},\"252\":{\"type\":\"twoUpImages\",\"enabled\":\"1\",\"fields\":{\"firstImage\":[\"29\"],\"secondImage\":[\"203\"]}},\"164\":{\"type\":\"threeUpImages\",\"enabled\":\"1\",\"fields\":{\"firstImage\":[\"152\"],\"secondImage\":[\"21\"],\"thirdImage\":[\"72\"]}},\"165\":{\"type\":\"text\",\"enabled\":\"1\",\"fields\":{\"copy\":\"<p><strong>In the clutch<\\/strong><br><\\/p>\\r\\n<p>Two days before the Airbnb Open, Brian needed a Hail Mary. He asked Bokeh to develop two more product videos for his keynote presentation, including the anthem piece that would be used to officially announce the launch of Airbnb Trips.<\\/p>\"}},\"166\":{\"type\":\"video\",\"enabled\":\"1\",\"fields\":{\"videoUrl\":\"https:\\/\\/vimeo.com\\/193184792\",\"caption\":\"Airbnb Collections Teaser | Aired During AO 2016 Keynote\"}},\"167\":{\"type\":\"videoCarousel\",\"enabled\":\"1\",\"fields\":{\"video\":{\"168\":{\"type\":\"1\",\"fields\":{\"video\":\"https:\\/\\/vimeo.com\\/194444259\",\"caption\":\"Burlesque\"}},\"169\":{\"type\":\"1\",\"fields\":{\"video\":\"https:\\/\\/vimeo.com\\/193185940\",\"caption\":\"Samurai\"}},\"170\":{\"type\":\"1\",\"fields\":{\"video\":\"https:\\/\\/vimeo.com\\/193185835\",\"caption\":\"Runner\"}},\"171\":{\"type\":\"1\",\"fields\":{\"video\":\"https:\\/\\/vimeo.com\\/193186104\",\"caption\":\"Scenester\"}}}}},\"221\":{\"type\":\"quote\",\"enabled\":\"1\",\"fields\":{\"quote\":\"\\u201cThis film brought the house down. I cannot imagine now having done this without it.\\u201d\",\"avatar\":\"\",\"personsName\":\"\",\"jobTitle\":\"\",\"shapeBackground\":\"\"}},\"180\":{\"type\":\"fiveUpImages\",\"enabled\":\"1\",\"fields\":{\"firstImage\":[\"199\"],\"secondImage\":[\"203\"],\"thirdImage\":[\"29\"],\"fourthImage\":[\"76\"],\"fifthImage\":[\"210\"]}},\"181\":{\"type\":\"fullWidthImage\",\"enabled\":\"1\",\"fields\":{\"image\":[\"177\"],\"caption\":\"\"}},\"179\":{\"type\":\"text\",\"enabled\":\"1\",\"fields\":{\"copy\":\"<p><strong>The payoff<\\/strong><\\/p>\\r\\n<p>The assets were leveraged across a variety of channels from Airbnb Open to product landing pages, social and YouTube, email newsletters, and paid media. The functional videos amassed over <strong>11 million views in less than three weeks<\\/strong>. On Airbnb product pages, the <strong>video click-through-rate reached as high as 15 percent<\\/strong>. <\\/p>\\r\\n<p>We received coverage in the <strong><em>NYTimes<\\/em><\\/strong><strong>, Adweek, <\\/strong><strong><em>Travel + Leisure<\\/em><\\/strong><strong>, TechCrunch, Mashable, <\\/strong><strong><em>The Telegraph<\\/em><\\/strong><strong>, and Fast Company.<\\/strong><\\/p>\"}}},\"2\":[\"96\"],\"9\":\"center\"}}', '2017-09-17 19:04:11', '2017-09-17 19:04:11', '9e19ae84-dc2e-4241-b5bc-d37ffc39a296'),
 ('126', '77', '2', '1', 'en_us', '27', '', '{\"typeId\":\"2\",\"authorId\":\"75\",\"title\":\"Instagram\",\"slug\":\"instagram\",\"postDate\":1503364800,\"expiryDate\":null,\"enabled\":1,\"parentId\":null,\"fields\":{\"6\":\"#1900ae\",\"4\":\"<p>We backpacked for four months around the world to shoot a series for <a href=\\\"http:\\/\\/localhost:8888\\/bokeh\\/public_html\\/projects\\/instagram#entry:77:url\\\"><\\/a><a href=\\\"http:\\/\\/localhost:8888\\/bokeh\\/public_html\\/projects\\/instagram#entry:77:url\\\">Instagram<\\/a>.<\\/p>\",\"8\":\"center\",\"3\":[\"219\"],\"5\":\"Intro Paraggraph\",\"10\":\"\",\"2\":\"\",\"9\":\"bottom\"}}', '2017-09-17 19:04:58', '2017-09-17 19:04:58', '4aedec29-27cd-46f2-8dc9-74cee6b366b3'),
 ('127', '4', '2', '1', 'en_us', '31', '', '{\"typeId\":\"2\",\"authorId\":\"1\",\"title\":\"Airbnb\",\"slug\":\"airbnb\",\"postDate\":1502508000,\"expiryDate\":null,\"enabled\":1,\"parentId\":null,\"fields\":{\"6\":\"#351159\",\"4\":\"<p><strong>The campaign that <em>\\u201c<\\/em><em>brought the house down<\\/em><em>\\u201d<\\/em>&nbsp;at <a href=\\\"http:\\/\\/localhost:8888\\/bokeh\\/public_html\\/projects\\/airbnb#entry:4:url\\\">Airbnb<\\/a>.<\\/strong><\\/p>\",\"8\":\"center\",\"3\":[\"222\"],\"5\":\"On November 17, 2016, Airbnb announced the largest product expansion in its history. Just five weeks earlier, Bokeh was asked to join its sprint to the finish line.\",\"10\":{\"146\":{\"type\":\"quote\",\"enabled\":\"1\",\"fields\":{\"quote\":\"\\u201cThis film brought the house down. I cannot imagine now having done this without it.\\u201d\",\"avatar\":\"\",\"personsName\":\"Brian Chesky\",\"jobTitle\":\"CEO of Airbnb\",\"shapeBackground\":[\"show\"]}},\"147\":{\"type\":\"text\",\"enabled\":\"1\",\"fields\":{\"copy\":\"<p><strong>Mission:<\\/strong><\\/p>\\r\\n<p>On November 17, 2016, Airbnb announced the largest product expansion in its history. Just five weeks earlier, Bokeh was asked to join its sprint to the finish line.<\\/p>\\r\\n<p>Working alongside engineering, brand, product marketing, art, and C-level teams, we developed a dizzying amount of content to educate users on new features, advertise and build awareness on social media, and, ultimately, to introduce the world to Airbnb Trips on-stage at Airbnb Open in Los Angeles.<\\/p>\"}},\"153\":{\"type\":\"video\",\"enabled\":\"1\",\"fields\":{\"videoUrl\":\"https:\\/\\/vimeo.com\\/193175968\",\"caption\":\"Welcome to the World of Trips | Aired During Airbnb Open 2016 Keynote\"}},\"251\":{\"type\":\"text\",\"enabled\":\"1\",\"fields\":{\"copy\":\"<h2>Services<\\/h2>\\r\\n<ul><li>Concept<\\/li><li>Branding Animation<\\/li><li>Film\\/Video<\\/li><li>Animation<\\/li><li>Digital Ads<\\/li><li>Social Ads<\\/li><\\/ul>\\r\\n<h2>Deliverables<\\/h2>\\r\\n<ul><li>16 animated and live-action functional films<\\/li><li>Airbnb Trips Reveal and Future of Homes film<\\/li><li>4 15-second digital ads<\\/li><li>New Airbnb animated logo<\\/li><\\/ul>\"}},\"178\":{\"type\":\"video\",\"enabled\":\"1\",\"fields\":{\"videoUrl\":\"https:\\/\\/vimeo.com\\/231786676\",\"caption\":\"Airbnb motion logo\"}},\"155\":{\"type\":\"text\",\"enabled\":\"1\",\"fields\":{\"copy\":\"<p><strong>Let\\u2019s get functional<\\/strong><\\/p>\\r\\n<p>We started by developing eight animated and live-action product marketing videos to introduce users to key features built into the new Airbnb app. Each video needed to be playable in both landscape and portrait mode. Double the work&hellip; double the fun.<\\/p>\"}},\"157\":{\"type\":\"videoCarousel\",\"enabled\":\"1\",\"fields\":{\"video\":{\"158\":{\"type\":\"1\",\"fields\":{\"video\":\"https:\\/\\/vimeo.com\\/193177317\",\"caption\":\"Introducing Experiences\"}},\"159\":{\"type\":\"1\",\"fields\":{\"video\":\"https:\\/\\/vimeo.com\\/193177901\",\"caption\":\"Introducing Itinerary\"}},\"160\":{\"type\":\"1\",\"fields\":{\"video\":\"https:\\/\\/vimeo.com\\/193177150\",\"caption\":\"Introducing Co-hosting\"}},\"161\":{\"type\":\"1\",\"fields\":{\"video\":\"https:\\/\\/vimeo.com\\/193177011\",\"caption\":\"Introducing Social Impact Experiences\"}}}}},\"162\":{\"type\":\"text\",\"enabled\":\"1\",\"fields\":{\"copy\":\"<p><strong>Our <\\/strong><strong><em>Argo<\\/em><\\/strong><strong> moment<\\/strong><br><\\/p>\\r\\n<p>Meanwhile, Bokeh\\u2019s CEO, David, went undercover with an exuberant crew of filmmakers to old Havana, Cuba. With no time to obtain permits, we developed alibis to explain the excessive amount of camera gear. We got the greenlight thanks to some quick thinking and charming Spanglish. <\\/p>\"}},\"163\":{\"type\":\"video\",\"enabled\":\"1\",\"fields\":{\"videoUrl\":\"https:\\/\\/vimeo.com\\/193176889\",\"caption\":\"Staying Connected in Cuba\"}},\"252\":{\"type\":\"twoUpImages\",\"enabled\":\"1\",\"fields\":{\"firstImage\":[\"29\"],\"secondImage\":[\"203\"]}},\"164\":{\"type\":\"threeUpImages\",\"enabled\":\"1\",\"fields\":{\"firstImage\":[\"152\"],\"secondImage\":[\"21\"],\"thirdImage\":[\"72\"]}},\"165\":{\"type\":\"text\",\"enabled\":\"1\",\"fields\":{\"copy\":\"<p><strong>In the clutch<\\/strong><br><\\/p>\\r\\n<p>Two days before the Airbnb Open, Brian needed a Hail Mary. He asked Bokeh to develop two more product videos for his keynote presentation, including the anthem piece that would be used to officially announce the launch of Airbnb Trips.<\\/p>\"}},\"166\":{\"type\":\"video\",\"enabled\":\"1\",\"fields\":{\"videoUrl\":\"https:\\/\\/vimeo.com\\/193184792\",\"caption\":\"Airbnb Collections Teaser | Aired During AO 2016 Keynote\"}},\"167\":{\"type\":\"videoCarousel\",\"enabled\":\"1\",\"fields\":{\"video\":{\"168\":{\"type\":\"1\",\"fields\":{\"video\":\"https:\\/\\/vimeo.com\\/194444259\",\"caption\":\"Burlesque\"}},\"169\":{\"type\":\"1\",\"fields\":{\"video\":\"https:\\/\\/vimeo.com\\/193185940\",\"caption\":\"Samurai\"}},\"170\":{\"type\":\"1\",\"fields\":{\"video\":\"https:\\/\\/vimeo.com\\/193185835\",\"caption\":\"Runner\"}},\"171\":{\"type\":\"1\",\"fields\":{\"video\":\"https:\\/\\/vimeo.com\\/193186104\",\"caption\":\"Scenester\"}}}}},\"221\":{\"type\":\"quote\",\"enabled\":\"1\",\"fields\":{\"quote\":\"\\u201cThis film brought the house down. I cannot imagine now having done this without it.\\u201d\",\"avatar\":\"\",\"personsName\":\"\",\"jobTitle\":\"\",\"shapeBackground\":\"\"}},\"180\":{\"type\":\"fiveUpImages\",\"enabled\":\"1\",\"fields\":{\"firstImage\":[\"199\"],\"secondImage\":[\"203\"],\"thirdImage\":[\"29\"],\"fourthImage\":[\"76\"],\"fifthImage\":[\"210\"]}},\"181\":{\"type\":\"fullWidthImage\",\"enabled\":\"1\",\"fields\":{\"image\":[\"177\"],\"caption\":\"\"}},\"179\":{\"type\":\"text\",\"enabled\":\"1\",\"fields\":{\"copy\":\"<p><strong>The payoff<\\/strong><\\/p>\\r\\n<p>The assets were leveraged across a variety of channels from Airbnb Open to product landing pages, social and YouTube, email newsletters, and paid media. The functional videos amassed over <strong>11 million views in less than three weeks<\\/strong>. On Airbnb product pages, the <strong>video click-through-rate reached as high as 15 percent<\\/strong>. <\\/p>\\r\\n<p>We received coverage in the <strong><em>NYTimes<\\/em><\\/strong><strong>, Adweek, <\\/strong><strong><em>Travel + Leisure<\\/em><\\/strong><strong>, TechCrunch, Mashable, <\\/strong><strong><em>The Telegraph<\\/em><\\/strong><strong>, and Fast Company.<\\/strong><\\/p>\"}}},\"2\":[\"96\"],\"9\":\"center\"}}', '2017-09-17 19:06:14', '2017-09-17 19:06:14', '0b9add9d-8e93-4bf2-82d4-c9782d202cd3'),
 ('128', '4', '2', '1', 'en_us', '32', '', '{\"typeId\":\"2\",\"authorId\":\"1\",\"title\":\"Airbnb\",\"slug\":\"airbnb\",\"postDate\":1502508000,\"expiryDate\":null,\"enabled\":1,\"parentId\":null,\"fields\":{\"6\":\"#dc0942\",\"4\":\"<p><strong>The campaign that <em>\\u201c<\\/em><em>brought the house down<\\/em><em>\\u201d<\\/em>&nbsp;at <a href=\\\"http:\\/\\/localhost:8888\\/bokeh\\/public_html\\/projects\\/airbnb#entry:4:url\\\">Airbnb<\\/a>.<\\/strong><\\/p>\",\"8\":\"center\",\"3\":[\"222\"],\"5\":\"On November 17, 2016, Airbnb announced the largest product expansion in its history. Just five weeks earlier, Bokeh was asked to join its sprint to the finish line.\",\"10\":{\"146\":{\"type\":\"quote\",\"enabled\":\"1\",\"fields\":{\"quote\":\"\\u201cThis film brought the house down. I cannot imagine now having done this without it.\\u201d\",\"avatar\":\"\",\"personsName\":\"Brian Chesky\",\"jobTitle\":\"CEO of Airbnb\",\"shapeBackground\":[\"show\"]}},\"147\":{\"type\":\"text\",\"enabled\":\"1\",\"fields\":{\"copy\":\"<p><strong>Mission:<\\/strong><\\/p>\\r\\n<p>On November 17, 2016, Airbnb announced the largest product expansion in its history. Just five weeks earlier, Bokeh was asked to join its sprint to the finish line.<\\/p>\\r\\n<p>Working alongside engineering, brand, product marketing, art, and C-level teams, we developed a dizzying amount of content to educate users on new features, advertise and build awareness on social media, and, ultimately, to introduce the world to Airbnb Trips on-stage at Airbnb Open in Los Angeles.<\\/p>\"}},\"153\":{\"type\":\"video\",\"enabled\":\"1\",\"fields\":{\"videoUrl\":\"https:\\/\\/vimeo.com\\/193175968\",\"caption\":\"Welcome to the World of Trips | Aired During Airbnb Open 2016 Keynote\"}},\"251\":{\"type\":\"text\",\"enabled\":\"1\",\"fields\":{\"copy\":\"<h2>Services<\\/h2>\\r\\n<ul><li>Concept<\\/li><li>Branding Animation<\\/li><li>Film\\/Video<\\/li><li>Animation<\\/li><li>Digital Ads<\\/li><li>Social Ads<\\/li><\\/ul>\\r\\n<h2>Deliverables<\\/h2>\\r\\n<ul><li>16 animated and live-action functional films<\\/li><li>Airbnb Trips Reveal and Future of Homes film<\\/li><li>4 15-second digital ads<\\/li><li>New Airbnb animated logo<\\/li><\\/ul>\"}},\"178\":{\"type\":\"video\",\"enabled\":\"1\",\"fields\":{\"videoUrl\":\"https:\\/\\/vimeo.com\\/231786676\",\"caption\":\"Airbnb motion logo\"}},\"155\":{\"type\":\"text\",\"enabled\":\"1\",\"fields\":{\"copy\":\"<p><strong>Let\\u2019s get functional<\\/strong><\\/p>\\r\\n<p>We started by developing eight animated and live-action product marketing videos to introduce users to key features built into the new Airbnb app. Each video needed to be playable in both landscape and portrait mode. Double the work&hellip; double the fun.<\\/p>\"}},\"157\":{\"type\":\"videoCarousel\",\"enabled\":\"1\",\"fields\":{\"video\":{\"158\":{\"type\":\"1\",\"fields\":{\"video\":\"https:\\/\\/vimeo.com\\/193177317\",\"caption\":\"Introducing Experiences\"}},\"159\":{\"type\":\"1\",\"fields\":{\"video\":\"https:\\/\\/vimeo.com\\/193177901\",\"caption\":\"Introducing Itinerary\"}},\"160\":{\"type\":\"1\",\"fields\":{\"video\":\"https:\\/\\/vimeo.com\\/193177150\",\"caption\":\"Introducing Co-hosting\"}},\"161\":{\"type\":\"1\",\"fields\":{\"video\":\"https:\\/\\/vimeo.com\\/193177011\",\"caption\":\"Introducing Social Impact Experiences\"}}}}},\"162\":{\"type\":\"text\",\"enabled\":\"1\",\"fields\":{\"copy\":\"<p><strong>Our <\\/strong><strong><em>Argo<\\/em><\\/strong><strong> moment<\\/strong><br><\\/p>\\r\\n<p>Meanwhile, Bokeh\\u2019s CEO, David, went undercover with an exuberant crew of filmmakers to old Havana, Cuba. With no time to obtain permits, we developed alibis to explain the excessive amount of camera gear. We got the greenlight thanks to some quick thinking and charming Spanglish. <\\/p>\"}},\"163\":{\"type\":\"video\",\"enabled\":\"1\",\"fields\":{\"videoUrl\":\"https:\\/\\/vimeo.com\\/193176889\",\"caption\":\"Staying Connected in Cuba\"}},\"252\":{\"type\":\"twoUpImages\",\"enabled\":\"1\",\"fields\":{\"firstImage\":[\"29\"],\"secondImage\":[\"203\"]}},\"164\":{\"type\":\"threeUpImages\",\"enabled\":\"1\",\"fields\":{\"firstImage\":[\"152\"],\"secondImage\":[\"21\"],\"thirdImage\":[\"72\"]}},\"165\":{\"type\":\"text\",\"enabled\":\"1\",\"fields\":{\"copy\":\"<p><strong>In the clutch<\\/strong><br><\\/p>\\r\\n<p>Two days before the Airbnb Open, Brian needed a Hail Mary. He asked Bokeh to develop two more product videos for his keynote presentation, including the anthem piece that would be used to officially announce the launch of Airbnb Trips.<\\/p>\"}},\"166\":{\"type\":\"video\",\"enabled\":\"1\",\"fields\":{\"videoUrl\":\"https:\\/\\/vimeo.com\\/193184792\",\"caption\":\"Airbnb Collections Teaser | Aired During AO 2016 Keynote\"}},\"167\":{\"type\":\"videoCarousel\",\"enabled\":\"1\",\"fields\":{\"video\":{\"168\":{\"type\":\"1\",\"fields\":{\"video\":\"https:\\/\\/vimeo.com\\/194444259\",\"caption\":\"Burlesque\"}},\"169\":{\"type\":\"1\",\"fields\":{\"video\":\"https:\\/\\/vimeo.com\\/193185940\",\"caption\":\"Samurai\"}},\"170\":{\"type\":\"1\",\"fields\":{\"video\":\"https:\\/\\/vimeo.com\\/193185835\",\"caption\":\"Runner\"}},\"171\":{\"type\":\"1\",\"fields\":{\"video\":\"https:\\/\\/vimeo.com\\/193186104\",\"caption\":\"Scenester\"}}}}},\"221\":{\"type\":\"quote\",\"enabled\":\"1\",\"fields\":{\"quote\":\"\\u201cThis film brought the house down. I cannot imagine now having done this without it.\\u201d\",\"avatar\":\"\",\"personsName\":\"\",\"jobTitle\":\"\",\"shapeBackground\":\"\"}},\"180\":{\"type\":\"fiveUpImages\",\"enabled\":\"1\",\"fields\":{\"firstImage\":[\"199\"],\"secondImage\":[\"203\"],\"thirdImage\":[\"29\"],\"fourthImage\":[\"76\"],\"fifthImage\":[\"210\"]}},\"181\":{\"type\":\"fullWidthImage\",\"enabled\":\"1\",\"fields\":{\"image\":[\"177\"],\"caption\":\"\"}},\"179\":{\"type\":\"text\",\"enabled\":\"1\",\"fields\":{\"copy\":\"<p><strong>The payoff<\\/strong><\\/p>\\r\\n<p>The assets were leveraged across a variety of channels from Airbnb Open to product landing pages, social and YouTube, email newsletters, and paid media. The functional videos amassed over <strong>11 million views in less than three weeks<\\/strong>. On Airbnb product pages, the <strong>video click-through-rate reached as high as 15 percent<\\/strong>. <\\/p>\\r\\n<p>We received coverage in the <strong><em>NYTimes<\\/em><\\/strong><strong>, Adweek, <\\/strong><strong><em>Travel + Leisure<\\/em><\\/strong><strong>, TechCrunch, Mashable, <\\/strong><strong><em>The Telegraph<\\/em><\\/strong><strong>, and Fast Company.<\\/strong><\\/p>\"}}},\"2\":[\"96\"],\"9\":\"center\"}}', '2017-09-17 19:06:41', '2017-09-17 19:06:41', '5fe1b02c-d941-4a8c-a6bc-bd3171a9c644'),
 ('129', '77', '2', '1', 'en_us', '28', '', '{\"typeId\":\"2\",\"authorId\":\"75\",\"title\":\"Instagram\",\"slug\":\"instagram\",\"postDate\":1503364800,\"expiryDate\":null,\"enabled\":1,\"parentId\":null,\"fields\":{\"6\":\"#5d7ee9\",\"4\":\"<p>We backpacked for four months around the world to shoot a series for <a href=\\\"http:\\/\\/localhost:8888\\/bokeh\\/public_html\\/projects\\/instagram#entry:77:url\\\"><\\/a><a href=\\\"http:\\/\\/localhost:8888\\/bokeh\\/public_html\\/projects\\/instagram#entry:77:url\\\">Instagram<\\/a>.<\\/p>\",\"8\":\"center\",\"3\":[\"219\"],\"5\":\"Intro Paraggraph\",\"10\":\"\",\"2\":\"\",\"9\":\"bottom\"}}', '2017-09-17 19:07:26', '2017-09-17 19:07:26', '22ca57c7-738d-456c-a50f-f4f6864db472'),
 ('130', '28', '2', '1', 'en_us', '23', '', '{\"typeId\":\"2\",\"authorId\":\"1\",\"title\":\"Philz Coffee\",\"slug\":\"philz-coffee\",\"postDate\":1502594280,\"expiryDate\":null,\"enabled\":1,\"parentId\":null,\"fields\":{\"6\":\"#f38681\",\"4\":\"<p>We cold called <a href=\\\"http:\\/\\/localhost:8888\\/bokeh\\/public_html\\/projects\\/philz-coffee#entry:28:url\\\">Philz Coffee<\\/a> to complain about their logo, and they let us do a rebrand.<\\/p>\",\"8\":\"center\",\"3\":[\"57\"],\"5\":\"This is an intro paragraph\",\"10\":{\"32\":{\"type\":\"text\",\"enabled\":\"1\",\"fields\":{\"copy\":\"<h2>Heading Two<\\/h2>\\r\\n<p>Topping toffee bonbon gingerbread souffl\\u00e9. Tootsie roll cupcake gummi bears drag\\u00e9e chocolate. Liquorice chocolate bar wafer donut souffl\\u00e9. Gummies dessert croissant. Bonbon cake marshmallow liquorice. Cotton candy gummies cupcake sweet. Donut dessert brownie croissant sweet.<\\/p>\"}},\"35\":{\"type\":\"inlineImage\",\"enabled\":\"1\",\"fields\":{\"image\":[\"56\"],\"caption\":\"\"}},\"33\":{\"type\":\"quote\",\"enabled\":\"1\",\"fields\":{\"quote\":\"Jelly beans apple pie pie ice cream tiramisu jelly-o chupa chups tootsie roll. Jujubes biscuit brownie carrot cake. Lollipop tart marzipan pastry sugar plum.\",\"avatar\":[\"57\"],\"personsName\":\"John Doe\",\"jobTitle\":\"Coffee Lover\",\"shapeBackground\":\"\"}},\"34\":{\"type\":\"video\",\"enabled\":\"1\",\"fields\":{\"videoUrl\":\"https:\\/\\/www.youtube.com\\/watch?v=wxLUj1Mrars\",\"caption\":\"Caption\"}},\"50\":{\"type\":\"text\",\"enabled\":\"1\",\"fields\":{\"copy\":\"<p>Gingerbread sweet roll danish marshmallow lemon drops cake halvah chupa chups cake. Macaroon tart liquorice cake.<a href=\\\"\\/\\/google.ca\\\">This is a link<\\/a>. Biscuit pastry cake muffin chocolate bar. Gummies bear claw bonbon candy canes danish powder jelly wafer. Jelly pie gingerbread. Jelly brownie pudding gummies chocolate cake cupcake brownie danish gummies. Liquorice gingerbread souffl\\u00e9.<\\/p>\"}},\"36\":{\"type\":\"fullWidthImage\",\"enabled\":\"1\",\"fields\":{\"image\":[\"57\"],\"caption\":\"Coffee Beanz\"}},\"51\":{\"type\":\"text\",\"enabled\":\"1\",\"fields\":{\"copy\":\"<p>Sugar plum croissant drag\\u00e9e oat cake pudding chocolate jelly-o cake cupcake. Pudding bonbon lemon drops chupa chups. Drag\\u00e9e jelly gummi bears gummies donut gummies. Jujubes cotton candy apple pie muffin. Sweet liquorice cake gummies bear claw. Marzipan tootsie roll marzipan muffin toffee gummi bears marzipan cake jelly beans. Donut chupa chups cake topping sesame snaps dessert biscuit brownie. Croissant carrot cake topping pudding powder donut. Tiramisu cupcake souffl\\u00e9 biscuit cake chocolate bar drag\\u00e9e danish chocolate cake. Pudding souffl\\u00e9 bonbon bear claw souffl\\u00e9 cotton candy tart.<\\/p>\"}},\"37\":{\"type\":\"twoUpImages\",\"enabled\":\"1\",\"fields\":{\"firstImage\":[\"29\"],\"secondImage\":[\"29\"]}},\"52\":{\"type\":\"text\",\"enabled\":\"1\",\"fields\":{\"copy\":\"<p>Souffl\\u00e9 macaroon cake donut cotton candy jelly bear claw. Topping toffee cotton candy macaroon danish sugar plum carrot cake. Pudding powder biscuit. Liquorice toffee cupcake macaroon sesame snaps jujubes tiramisu. Candy canes powder apple pie souffl\\u00e9 lollipop oat cake. Sugar plum cheesecake chocolate. Liquorice sweet roll souffl\\u00e9 chocolate cake bear claw sweet roll.<\\/p>\"}},\"38\":{\"type\":\"threeUpImages\",\"enabled\":\"1\",\"fields\":{\"firstImage\":[\"72\"],\"secondImage\":[\"19\"],\"thirdImage\":[\"19\"]}},\"53\":{\"type\":\"text\",\"enabled\":\"1\",\"fields\":{\"copy\":\"<h1>Heading One<\\/h1>\\r\\n<p>Candy canes souffl\\u00e9 apple pie sweet roll. Bear claw halvah jelly beans pie danish jelly ice cream. Dessert cookie macaroon tootsie roll drag\\u00e9e. Sweet roll pastry muffin marzipan liquorice chocolate ice cream oat cake sweet. Tart tart fruitcake. Gingerbread chocolate bar sweet roll cotton candy cookie donut oat cake halvah. Chocolate sesame snaps apple pie sweet tart cookie. Candy canes bonbon candy icing drag\\u00e9e cake chocolate danish pastry. Liquorice croissant lollipop chocolate macaroon sweet.<\\/p>\"}},\"39\":{\"type\":\"fiveUpImages\",\"enabled\":\"1\",\"fields\":{\"firstImage\":[\"71\"],\"secondImage\":[\"74\"],\"thirdImage\":[\"70\"],\"fourthImage\":[\"74\"],\"fifthImage\":[\"71\"]}},\"54\":{\"type\":\"text\",\"enabled\":\"1\",\"fields\":{\"copy\":\"<p>Caramels lollipop oat cake. Chupa chups candy gummies ice cream jujubes carrot cake. Powder halvah candy canes. Fruitcake pudding pastry brownie tart. Souffl\\u00e9 caramels tiramisu wafer marshmallow carrot cake. Bonbon topping souffl\\u00e9 caramels. Topping sugar plum sesame snaps lollipop wafer carrot cake chocolate. Cake chocolate bar cake sweet. Apple pie brownie macaroon tiramisu tart powder sweet roll bonbon. Gummies biscuit candy canes sugar plum cupcake drag\\u00e9e toffee muffin topping.<\\/p>\"}},\"40\":{\"type\":\"videoCarousel\",\"enabled\":\"1\",\"fields\":{\"video\":{\"41\":{\"type\":\"1\",\"fields\":{\"video\":\"https:\\/\\/vimeo.com\\/230046783\",\"caption\":\"\"}},\"42\":{\"type\":\"1\",\"fields\":{\"video\":\"https:\\/\\/vimeo.com\\/124346309\",\"caption\":\"\"}},\"43\":{\"type\":\"1\",\"fields\":{\"video\":\"https:\\/\\/vimeo.com\\/230046783\",\"caption\":\"\"}},\"44\":{\"type\":\"1\",\"fields\":{\"video\":\"https:\\/\\/vimeo.com\\/124346309\",\"caption\":\"\"}}}}},\"55\":{\"type\":\"text\",\"enabled\":\"1\",\"fields\":{\"copy\":\"<p>Cheesecake cupcake lollipop muffin. Cheesecake icing wafer jujubes lollipop muffin sweet chocolate bar drag\\u00e9e. Cake chupa chups chocolate muffin jelly bear claw. Tart jelly toffee pastry cake. Icing ice cream bear claw. Caramels souffl\\u00e9 bonbon chocolate marshmallow. Icing carrot cake jujubes dessert cookie.<\\/p>\"}},\"64\":{\"type\":\"imageCarousel\",\"enabled\":\"1\",\"fields\":{\"image\":{\"65\":{\"type\":\"2\",\"fields\":{\"image\":[\"58\"],\"caption\":\"\"}},\"66\":{\"type\":\"2\",\"fields\":{\"image\":[\"59\"],\"caption\":\"\"}},\"67\":{\"type\":\"2\",\"fields\":{\"image\":[\"60\"],\"caption\":\"\"}},\"68\":{\"type\":\"2\",\"fields\":{\"image\":[\"61\"],\"caption\":\"\"}},\"69\":{\"type\":\"2\",\"fields\":{\"image\":[\"62\"],\"caption\":\"\"}}}}}},\"2\":\"\",\"9\":\"center\"}}', '2017-09-17 19:08:31', '2017-09-17 19:08:31', '9fb7980c-0a0d-4891-a39c-bea44035634f'),
 ('131', '2', '1', '1', 'en_us', '46', '', '{\"typeId\":null,\"authorId\":null,\"title\":\"Welcome\",\"slug\":\"homepage\",\"postDate\":1502679916,\"expiryDate\":null,\"enabled\":1,\"parentId\":null,\"fields\":{\"51\":\"We\'ve worked with some of the best teams in the world, and are proud to call these clients our partners and friends\",\"52\":{\"131\":{\"type\":\"clientLogo\",\"enabled\":\"1\",\"fields\":{\"client\":[\"120\"]}},\"132\":{\"type\":\"clientLogo\",\"enabled\":\"1\",\"fields\":{\"client\":[\"117\"]}},\"133\":{\"type\":\"clientLogo\",\"enabled\":\"1\",\"fields\":{\"client\":[\"121\"]}},\"134\":{\"type\":\"clientLogo\",\"enabled\":\"1\",\"fields\":{\"client\":[\"128\"]}},\"135\":{\"type\":\"clientLogo\",\"enabled\":\"1\",\"fields\":{\"client\":[\"127\"]}},\"136\":{\"type\":\"clientLogo\",\"enabled\":\"1\",\"fields\":{\"client\":[\"129\"]}},\"137\":{\"type\":\"clientLogo\",\"enabled\":\"1\",\"fields\":{\"client\":[\"122\"]}},\"138\":{\"type\":\"clientLogo\",\"enabled\":\"1\",\"fields\":{\"client\":[\"125\"]}},\"139\":{\"type\":\"clientLogo\",\"enabled\":\"1\",\"fields\":{\"client\":[\"126\"]}},\"140\":{\"type\":\"clientLogo\",\"enabled\":\"1\",\"fields\":{\"client\":[\"123\"]}},\"141\":{\"type\":\"clientLogo\",\"enabled\":\"1\",\"fields\":{\"client\":[\"118\"]}},\"142\":{\"type\":\"clientLogo\",\"enabled\":\"1\",\"fields\":{\"client\":[\"145\"]}},\"143\":{\"type\":\"clientLogo\",\"enabled\":\"1\",\"fields\":{\"client\":[\"124\"]}},\"144\":{\"type\":\"clientLogo\",\"enabled\":\"1\",\"fields\":{\"client\":[\"130\"]}},\"253\":{\"type\":\"clientLogo\",\"enabled\":\"1\",\"fields\":{\"client\":[\"117\"]}},\"254\":{\"type\":\"clientLogo\",\"enabled\":\"1\",\"fields\":{\"client\":[\"120\"]}},\"255\":{\"type\":\"clientLogo\",\"enabled\":\"1\",\"fields\":{\"client\":[\"128\"]}},\"256\":{\"type\":\"clientLogo\",\"enabled\":\"1\",\"fields\":{\"client\":[\"129\"]}},\"257\":{\"type\":\"clientLogo\",\"enabled\":\"1\",\"fields\":{\"client\":[\"121\"]}},\"258\":{\"type\":\"clientLogo\",\"enabled\":\"1\",\"fields\":{\"client\":[\"122\"]}},\"267\":{\"type\":\"clientLogo\",\"enabled\":\"1\",\"fields\":{\"client\":[\"145\"]}},\"268\":{\"type\":\"clientLogo\",\"enabled\":\"1\",\"fields\":{\"client\":[\"124\"]}},\"269\":{\"type\":\"clientLogo\",\"enabled\":\"1\",\"fields\":{\"client\":[\"125\"]}},\"270\":{\"type\":\"clientLogo\",\"enabled\":\"1\",\"fields\":{\"client\":[\"130\"]}},\"271\":{\"type\":\"clientLogo\",\"enabled\":\"1\",\"fields\":{\"client\":[\"118\"]}},\"272\":{\"type\":\"clientLogo\",\"enabled\":\"1\",\"fields\":{\"client\":[\"119\"]}},\"273\":{\"type\":\"clientLogo\",\"enabled\":\"1\",\"fields\":{\"client\":[\"121\"]}},\"274\":{\"type\":\"clientLogo\",\"enabled\":\"1\",\"fields\":{\"client\":[\"120\"]}}},\"6\":\"#fbb04a\",\"38\":[\"4\",\"77\",\"28\"],\"3\":[\"247\"],\"46\":{\"78\":{\"type\":\"offeredServices\",\"enabled\":\"1\",\"fields\":{\"serviceType\":\"Strategy\",\"service\":{\"79\":{\"type\":\"3\",\"fields\":{\"service\":\"Branding\"}},\"80\":{\"type\":\"3\",\"fields\":{\"service\":\"Content\"}},\"81\":{\"type\":\"3\",\"fields\":{\"service\":\"Social\"}},\"82\":{\"type\":\"3\",\"fields\":{\"service\":\"Digital\"}}}}},\"83\":{\"type\":\"offeredServices\",\"enabled\":\"1\",\"fields\":{\"serviceType\":\"Design\",\"service\":{\"84\":{\"type\":\"3\",\"fields\":{\"service\":\"Identity\"}},\"85\":{\"type\":\"3\",\"fields\":{\"service\":\"Style Guidelines\"}},\"86\":{\"type\":\"3\",\"fields\":{\"service\":\"Print\\/OOH\"}},\"87\":{\"type\":\"3\",\"fields\":{\"service\":\"UX\\/UI\"}}}}},\"88\":{\"type\":\"offeredServices\",\"enabled\":\"1\",\"fields\":{\"serviceType\":\"Content\",\"service\":{\"89\":{\"type\":\"3\",\"fields\":{\"service\":\"Film\\/Video\"}},\"90\":{\"type\":\"3\",\"fields\":{\"service\":\"Animation\"}},\"91\":{\"type\":\"3\",\"fields\":{\"service\":\"Product\\/Lifestyle Photography\"}},\"92\":{\"type\":\"3\",\"fields\":{\"service\":\"Copywriting\"}}}}}},\"50\":\"#000000\",\"40\":{\"93\":{\"type\":\"service\",\"enabled\":\"1\",\"fields\":{\"copyLineOne\":\"We believe that open-hearted collaboration allows us to be in the right place to tell the right story on the channels that matter most.\",\"copyLineTwo\":\"That a unique balance of hunger and humility enables our imagination to be boundless.\",\"copyLineThree\":\"Bold, honest, and always capable, our ideas empower brands to speak with creativity and heart.\",\"color\":\"#8320d7\"}}},\"57\":{\"275\":{\"type\":\"word\",\"enabled\":\"1\",\"fields\":{\"word\":\"creative\"}},\"276\":{\"type\":\"word\",\"enabled\":\"1\",\"fields\":{\"word\":\"strategy\"}},\"277\":{\"type\":\"word\",\"enabled\":\"1\",\"fields\":{\"word\":\"design\"}},\"278\":{\"type\":\"word\",\"enabled\":\"1\",\"fields\":{\"word\":\"digital\"}}},\"7\":[\"248\"]}}', '2017-09-17 19:10:08', '2017-09-17 19:10:08', 'dcff71b2-509b-48da-9796-139408218111'),
 ('132', '2', '1', '1', 'en_us', '47', '', '{\"typeId\":null,\"authorId\":null,\"title\":\"Welcome\",\"slug\":\"homepage\",\"postDate\":1502679916,\"expiryDate\":null,\"enabled\":1,\"parentId\":null,\"fields\":{\"51\":\"We\'ve worked with some of the best teams in the world, and are proud to call these clients our partners and friends\",\"52\":{\"131\":{\"type\":\"clientLogo\",\"enabled\":\"1\",\"fields\":{\"client\":[\"120\"]}},\"132\":{\"type\":\"clientLogo\",\"enabled\":\"1\",\"fields\":{\"client\":[\"117\"]}},\"133\":{\"type\":\"clientLogo\",\"enabled\":\"1\",\"fields\":{\"client\":[\"121\"]}},\"134\":{\"type\":\"clientLogo\",\"enabled\":\"1\",\"fields\":{\"client\":[\"128\"]}},\"135\":{\"type\":\"clientLogo\",\"enabled\":\"1\",\"fields\":{\"client\":[\"127\"]}},\"136\":{\"type\":\"clientLogo\",\"enabled\":\"1\",\"fields\":{\"client\":[\"129\"]}},\"137\":{\"type\":\"clientLogo\",\"enabled\":\"1\",\"fields\":{\"client\":[\"122\"]}},\"138\":{\"type\":\"clientLogo\",\"enabled\":\"1\",\"fields\":{\"client\":[\"125\"]}},\"139\":{\"type\":\"clientLogo\",\"enabled\":\"1\",\"fields\":{\"client\":[\"126\"]}},\"140\":{\"type\":\"clientLogo\",\"enabled\":\"1\",\"fields\":{\"client\":[\"123\"]}},\"141\":{\"type\":\"clientLogo\",\"enabled\":\"1\",\"fields\":{\"client\":[\"118\"]}},\"142\":{\"type\":\"clientLogo\",\"enabled\":\"1\",\"fields\":{\"client\":[\"145\"]}},\"143\":{\"type\":\"clientLogo\",\"enabled\":\"1\",\"fields\":{\"client\":[\"124\"]}},\"144\":{\"type\":\"clientLogo\",\"enabled\":\"1\",\"fields\":{\"client\":[\"130\"]}},\"253\":{\"type\":\"clientLogo\",\"enabled\":\"1\",\"fields\":{\"client\":[\"117\"]}},\"254\":{\"type\":\"clientLogo\",\"enabled\":\"1\",\"fields\":{\"client\":[\"120\"]}},\"255\":{\"type\":\"clientLogo\",\"enabled\":\"1\",\"fields\":{\"client\":[\"128\"]}},\"256\":{\"type\":\"clientLogo\",\"enabled\":\"1\",\"fields\":{\"client\":[\"129\"]}},\"257\":{\"type\":\"clientLogo\",\"enabled\":\"1\",\"fields\":{\"client\":[\"121\"]}},\"258\":{\"type\":\"clientLogo\",\"enabled\":\"1\",\"fields\":{\"client\":[\"122\"]}},\"267\":{\"type\":\"clientLogo\",\"enabled\":\"1\",\"fields\":{\"client\":[\"145\"]}},\"268\":{\"type\":\"clientLogo\",\"enabled\":\"1\",\"fields\":{\"client\":[\"124\"]}},\"269\":{\"type\":\"clientLogo\",\"enabled\":\"1\",\"fields\":{\"client\":[\"125\"]}},\"270\":{\"type\":\"clientLogo\",\"enabled\":\"1\",\"fields\":{\"client\":[\"130\"]}},\"271\":{\"type\":\"clientLogo\",\"enabled\":\"1\",\"fields\":{\"client\":[\"118\"]}},\"272\":{\"type\":\"clientLogo\",\"enabled\":\"1\",\"fields\":{\"client\":[\"119\"]}},\"273\":{\"type\":\"clientLogo\",\"enabled\":\"1\",\"fields\":{\"client\":[\"121\"]}},\"274\":{\"type\":\"clientLogo\",\"enabled\":\"1\",\"fields\":{\"client\":[\"120\"]}}},\"6\":\"#fbb04a\",\"38\":[\"4\",\"77\",\"28\"],\"3\":[\"247\"],\"46\":{\"78\":{\"type\":\"offeredServices\",\"enabled\":\"1\",\"fields\":{\"serviceType\":\"Strategy\",\"service\":{\"79\":{\"type\":\"3\",\"fields\":{\"service\":\"Branding\"}},\"80\":{\"type\":\"3\",\"fields\":{\"service\":\"Content\"}},\"81\":{\"type\":\"3\",\"fields\":{\"service\":\"Social\"}},\"82\":{\"type\":\"3\",\"fields\":{\"service\":\"Digital\"}}}}},\"83\":{\"type\":\"offeredServices\",\"enabled\":\"1\",\"fields\":{\"serviceType\":\"Design\",\"service\":{\"84\":{\"type\":\"3\",\"fields\":{\"service\":\"Identity\"}},\"85\":{\"type\":\"3\",\"fields\":{\"service\":\"Style Guidelines\"}},\"86\":{\"type\":\"3\",\"fields\":{\"service\":\"Print\\/OOH\"}},\"87\":{\"type\":\"3\",\"fields\":{\"service\":\"UX\\/UI\"}}}}},\"88\":{\"type\":\"offeredServices\",\"enabled\":\"1\",\"fields\":{\"serviceType\":\"Content\",\"service\":{\"89\":{\"type\":\"3\",\"fields\":{\"service\":\"Film\\/Video\"}},\"90\":{\"type\":\"3\",\"fields\":{\"service\":\"Animation\"}},\"91\":{\"type\":\"3\",\"fields\":{\"service\":\"Product\\/Lifestyle Photography\"}},\"92\":{\"type\":\"3\",\"fields\":{\"service\":\"Copywriting\"}}}}}},\"50\":\"#000000\",\"40\":{\"93\":{\"type\":\"service\",\"enabled\":\"1\",\"fields\":{\"copyLineOne\":\"We believe that open-hearted collaboration allows us to be in the right place to tell the right story on the channels that matter most.\",\"copyLineTwo\":\"That a unique balance of hunger and humility enables our imagination to be boundless.\",\"copyLineThree\":\"Bold, honest, and always capable, our ideas empower brands to speak with creativity and heart.\",\"color\":\"#f650a1\"}}},\"57\":{\"275\":{\"type\":\"word\",\"enabled\":\"1\",\"fields\":{\"word\":\"creative\"}},\"276\":{\"type\":\"word\",\"enabled\":\"1\",\"fields\":{\"word\":\"strategy\"}},\"277\":{\"type\":\"word\",\"enabled\":\"1\",\"fields\":{\"word\":\"design\"}},\"278\":{\"type\":\"word\",\"enabled\":\"1\",\"fields\":{\"word\":\"digital\"}}},\"7\":[\"248\"]}}', '2017-09-17 19:14:13', '2017-09-17 19:14:13', '15438648-ee69-496f-9db4-6d5b7001541e'),
 ('133', '28', '2', '1', 'en_us', '24', '', '{\"typeId\":\"2\",\"authorId\":\"1\",\"title\":\"Philz Coffee\",\"slug\":\"philz-coffee\",\"postDate\":1502594280,\"expiryDate\":null,\"enabled\":1,\"parentId\":null,\"fields\":{\"6\":\"#ff7578\",\"4\":\"<p>We cold called <a href=\\\"http:\\/\\/localhost:8888\\/bokeh\\/public_html\\/projects\\/philz-coffee#entry:28:url\\\">Philz Coffee<\\/a> to complain about their logo, and they let us do a rebrand.<\\/p>\",\"8\":\"center\",\"3\":[\"57\"],\"5\":\"This is an intro paragraph\",\"10\":{\"32\":{\"type\":\"text\",\"enabled\":\"1\",\"fields\":{\"copy\":\"<h2>Heading Two<\\/h2>\\r\\n<p>Topping toffee bonbon gingerbread souffl\\u00e9. Tootsie roll cupcake gummi bears drag\\u00e9e chocolate. Liquorice chocolate bar wafer donut souffl\\u00e9. Gummies dessert croissant. Bonbon cake marshmallow liquorice. Cotton candy gummies cupcake sweet. Donut dessert brownie croissant sweet.<\\/p>\"}},\"35\":{\"type\":\"inlineImage\",\"enabled\":\"1\",\"fields\":{\"image\":[\"56\"],\"caption\":\"\"}},\"33\":{\"type\":\"quote\",\"enabled\":\"1\",\"fields\":{\"quote\":\"Jelly beans apple pie pie ice cream tiramisu jelly-o chupa chups tootsie roll. Jujubes biscuit brownie carrot cake. Lollipop tart marzipan pastry sugar plum.\",\"avatar\":[\"57\"],\"personsName\":\"John Doe\",\"jobTitle\":\"Coffee Lover\",\"shapeBackground\":\"\"}},\"34\":{\"type\":\"video\",\"enabled\":\"1\",\"fields\":{\"videoUrl\":\"https:\\/\\/www.youtube.com\\/watch?v=wxLUj1Mrars\",\"caption\":\"Caption\"}},\"50\":{\"type\":\"text\",\"enabled\":\"1\",\"fields\":{\"copy\":\"<p>Gingerbread sweet roll danish marshmallow lemon drops cake halvah chupa chups cake. Macaroon tart liquorice cake.<a href=\\\"\\/\\/google.ca\\\">This is a link<\\/a>. Biscuit pastry cake muffin chocolate bar. Gummies bear claw bonbon candy canes danish powder jelly wafer. Jelly pie gingerbread. Jelly brownie pudding gummies chocolate cake cupcake brownie danish gummies. Liquorice gingerbread souffl\\u00e9.<\\/p>\"}},\"36\":{\"type\":\"fullWidthImage\",\"enabled\":\"1\",\"fields\":{\"image\":[\"57\"],\"caption\":\"Coffee Beanz\"}},\"51\":{\"type\":\"text\",\"enabled\":\"1\",\"fields\":{\"copy\":\"<p>Sugar plum croissant drag\\u00e9e oat cake pudding chocolate jelly-o cake cupcake. Pudding bonbon lemon drops chupa chups. Drag\\u00e9e jelly gummi bears gummies donut gummies. Jujubes cotton candy apple pie muffin. Sweet liquorice cake gummies bear claw. Marzipan tootsie roll marzipan muffin toffee gummi bears marzipan cake jelly beans. Donut chupa chups cake topping sesame snaps dessert biscuit brownie. Croissant carrot cake topping pudding powder donut. Tiramisu cupcake souffl\\u00e9 biscuit cake chocolate bar drag\\u00e9e danish chocolate cake. Pudding souffl\\u00e9 bonbon bear claw souffl\\u00e9 cotton candy tart.<\\/p>\"}},\"37\":{\"type\":\"twoUpImages\",\"enabled\":\"1\",\"fields\":{\"firstImage\":[\"29\"],\"secondImage\":[\"29\"]}},\"52\":{\"type\":\"text\",\"enabled\":\"1\",\"fields\":{\"copy\":\"<p>Souffl\\u00e9 macaroon cake donut cotton candy jelly bear claw. Topping toffee cotton candy macaroon danish sugar plum carrot cake. Pudding powder biscuit. Liquorice toffee cupcake macaroon sesame snaps jujubes tiramisu. Candy canes powder apple pie souffl\\u00e9 lollipop oat cake. Sugar plum cheesecake chocolate. Liquorice sweet roll souffl\\u00e9 chocolate cake bear claw sweet roll.<\\/p>\"}},\"38\":{\"type\":\"threeUpImages\",\"enabled\":\"1\",\"fields\":{\"firstImage\":[\"72\"],\"secondImage\":[\"19\"],\"thirdImage\":[\"19\"]}},\"53\":{\"type\":\"text\",\"enabled\":\"1\",\"fields\":{\"copy\":\"<h1>Heading One<\\/h1>\\r\\n<p>Candy canes souffl\\u00e9 apple pie sweet roll. Bear claw halvah jelly beans pie danish jelly ice cream. Dessert cookie macaroon tootsie roll drag\\u00e9e. Sweet roll pastry muffin marzipan liquorice chocolate ice cream oat cake sweet. Tart tart fruitcake. Gingerbread chocolate bar sweet roll cotton candy cookie donut oat cake halvah. Chocolate sesame snaps apple pie sweet tart cookie. Candy canes bonbon candy icing drag\\u00e9e cake chocolate danish pastry. Liquorice croissant lollipop chocolate macaroon sweet.<\\/p>\"}},\"39\":{\"type\":\"fiveUpImages\",\"enabled\":\"1\",\"fields\":{\"firstImage\":[\"71\"],\"secondImage\":[\"74\"],\"thirdImage\":[\"70\"],\"fourthImage\":[\"74\"],\"fifthImage\":[\"71\"]}},\"54\":{\"type\":\"text\",\"enabled\":\"1\",\"fields\":{\"copy\":\"<p>Caramels lollipop oat cake. Chupa chups candy gummies ice cream jujubes carrot cake. Powder halvah candy canes. Fruitcake pudding pastry brownie tart. Souffl\\u00e9 caramels tiramisu wafer marshmallow carrot cake. Bonbon topping souffl\\u00e9 caramels. Topping sugar plum sesame snaps lollipop wafer carrot cake chocolate. Cake chocolate bar cake sweet. Apple pie brownie macaroon tiramisu tart powder sweet roll bonbon. Gummies biscuit candy canes sugar plum cupcake drag\\u00e9e toffee muffin topping.<\\/p>\"}},\"40\":{\"type\":\"videoCarousel\",\"enabled\":\"1\",\"fields\":{\"video\":{\"41\":{\"type\":\"1\",\"fields\":{\"video\":\"https:\\/\\/vimeo.com\\/230046783\",\"caption\":\"\"}},\"42\":{\"type\":\"1\",\"fields\":{\"video\":\"https:\\/\\/vimeo.com\\/124346309\",\"caption\":\"\"}},\"43\":{\"type\":\"1\",\"fields\":{\"video\":\"https:\\/\\/vimeo.com\\/230046783\",\"caption\":\"\"}},\"44\":{\"type\":\"1\",\"fields\":{\"video\":\"https:\\/\\/vimeo.com\\/124346309\",\"caption\":\"\"}}}}},\"55\":{\"type\":\"text\",\"enabled\":\"1\",\"fields\":{\"copy\":\"<p>Cheesecake cupcake lollipop muffin. Cheesecake icing wafer jujubes lollipop muffin sweet chocolate bar drag\\u00e9e. Cake chupa chups chocolate muffin jelly bear claw. Tart jelly toffee pastry cake. Icing ice cream bear claw. Caramels souffl\\u00e9 bonbon chocolate marshmallow. Icing carrot cake jujubes dessert cookie.<\\/p>\"}},\"64\":{\"type\":\"imageCarousel\",\"enabled\":\"1\",\"fields\":{\"image\":{\"65\":{\"type\":\"2\",\"fields\":{\"image\":[\"58\"],\"caption\":\"\"}},\"66\":{\"type\":\"2\",\"fields\":{\"image\":[\"59\"],\"caption\":\"\"}},\"67\":{\"type\":\"2\",\"fields\":{\"image\":[\"60\"],\"caption\":\"\"}},\"68\":{\"type\":\"2\",\"fields\":{\"image\":[\"61\"],\"caption\":\"\"}},\"69\":{\"type\":\"2\",\"fields\":{\"image\":[\"62\"],\"caption\":\"\"}}}}}},\"2\":\"\",\"9\":\"center\"}}', '2017-09-17 19:15:23', '2017-09-17 19:15:23', 'f34c0c88-1a16-493a-858c-46201a8dcb5e'),
 ('134', '2', '1', '1', 'en_us', '48', '', '{\"typeId\":null,\"authorId\":null,\"title\":\"Welcome\",\"slug\":\"homepage\",\"postDate\":1502679916,\"expiryDate\":null,\"enabled\":1,\"parentId\":null,\"fields\":{\"51\":\"We\'ve worked with some of the best teams in the world, and are proud to call these clients our partners and friends\",\"52\":{\"131\":{\"type\":\"clientLogo\",\"enabled\":\"1\",\"fields\":{\"client\":[\"120\"]}},\"132\":{\"type\":\"clientLogo\",\"enabled\":\"1\",\"fields\":{\"client\":[\"117\"]}},\"133\":{\"type\":\"clientLogo\",\"enabled\":\"1\",\"fields\":{\"client\":[\"121\"]}},\"134\":{\"type\":\"clientLogo\",\"enabled\":\"1\",\"fields\":{\"client\":[\"128\"]}},\"135\":{\"type\":\"clientLogo\",\"enabled\":\"1\",\"fields\":{\"client\":[\"127\"]}},\"136\":{\"type\":\"clientLogo\",\"enabled\":\"1\",\"fields\":{\"client\":[\"129\"]}},\"137\":{\"type\":\"clientLogo\",\"enabled\":\"1\",\"fields\":{\"client\":[\"122\"]}},\"138\":{\"type\":\"clientLogo\",\"enabled\":\"1\",\"fields\":{\"client\":[\"125\"]}},\"139\":{\"type\":\"clientLogo\",\"enabled\":\"1\",\"fields\":{\"client\":[\"126\"]}},\"140\":{\"type\":\"clientLogo\",\"enabled\":\"1\",\"fields\":{\"client\":[\"123\"]}},\"141\":{\"type\":\"clientLogo\",\"enabled\":\"1\",\"fields\":{\"client\":[\"118\"]}},\"142\":{\"type\":\"clientLogo\",\"enabled\":\"1\",\"fields\":{\"client\":[\"145\"]}},\"143\":{\"type\":\"clientLogo\",\"enabled\":\"1\",\"fields\":{\"client\":[\"124\"]}},\"144\":{\"type\":\"clientLogo\",\"enabled\":\"1\",\"fields\":{\"client\":[\"130\"]}},\"253\":{\"type\":\"clientLogo\",\"enabled\":\"1\",\"fields\":{\"client\":[\"117\"]}},\"254\":{\"type\":\"clientLogo\",\"enabled\":\"1\",\"fields\":{\"client\":[\"120\"]}},\"255\":{\"type\":\"clientLogo\",\"enabled\":\"1\",\"fields\":{\"client\":[\"128\"]}},\"256\":{\"type\":\"clientLogo\",\"enabled\":\"1\",\"fields\":{\"client\":[\"129\"]}},\"257\":{\"type\":\"clientLogo\",\"enabled\":\"1\",\"fields\":{\"client\":[\"121\"]}},\"258\":{\"type\":\"clientLogo\",\"enabled\":\"1\",\"fields\":{\"client\":[\"122\"]}},\"267\":{\"type\":\"clientLogo\",\"enabled\":\"1\",\"fields\":{\"client\":[\"145\"]}},\"268\":{\"type\":\"clientLogo\",\"enabled\":\"1\",\"fields\":{\"client\":[\"124\"]}},\"269\":{\"type\":\"clientLogo\",\"enabled\":\"1\",\"fields\":{\"client\":[\"125\"]}},\"270\":{\"type\":\"clientLogo\",\"enabled\":\"1\",\"fields\":{\"client\":[\"130\"]}},\"271\":{\"type\":\"clientLogo\",\"enabled\":\"1\",\"fields\":{\"client\":[\"118\"]}},\"272\":{\"type\":\"clientLogo\",\"enabled\":\"1\",\"fields\":{\"client\":[\"119\"]}},\"273\":{\"type\":\"clientLogo\",\"enabled\":\"1\",\"fields\":{\"client\":[\"121\"]}},\"274\":{\"type\":\"clientLogo\",\"enabled\":\"1\",\"fields\":{\"client\":[\"120\"]}}},\"6\":\"#fbb04a\",\"38\":[\"4\",\"77\",\"28\"],\"3\":[\"247\"],\"46\":{\"78\":{\"type\":\"offeredServices\",\"enabled\":\"1\",\"fields\":{\"serviceType\":\"Strategy\",\"service\":{\"79\":{\"type\":\"3\",\"fields\":{\"service\":\"Branding\"}},\"80\":{\"type\":\"3\",\"fields\":{\"service\":\"Content\"}},\"81\":{\"type\":\"3\",\"fields\":{\"service\":\"Social\"}},\"82\":{\"type\":\"3\",\"fields\":{\"service\":\"Digital\"}}}}},\"83\":{\"type\":\"offeredServices\",\"enabled\":\"1\",\"fields\":{\"serviceType\":\"Design\",\"service\":{\"84\":{\"type\":\"3\",\"fields\":{\"service\":\"Identity\"}},\"85\":{\"type\":\"3\",\"fields\":{\"service\":\"Style Guidelines\"}},\"86\":{\"type\":\"3\",\"fields\":{\"service\":\"Print\\/OOH\"}},\"87\":{\"type\":\"3\",\"fields\":{\"service\":\"UX\\/UI\"}}}}},\"88\":{\"type\":\"offeredServices\",\"enabled\":\"1\",\"fields\":{\"serviceType\":\"Content\",\"service\":{\"89\":{\"type\":\"3\",\"fields\":{\"service\":\"Film\\/Video\"}},\"90\":{\"type\":\"3\",\"fields\":{\"service\":\"Animation\"}},\"91\":{\"type\":\"3\",\"fields\":{\"service\":\"Product\\/Lifestyle Photography\"}},\"92\":{\"type\":\"3\",\"fields\":{\"service\":\"Copywriting\"}}}}}},\"50\":\"#000000\",\"40\":{\"93\":{\"type\":\"service\",\"enabled\":\"1\",\"fields\":{\"copyLineOne\":\"We believe that open-hearted collaboration allows us to be in the right place to tell the right story on the channels that matter most.\",\"copyLineTwo\":\"That a unique balance of hunger and humility enables our imagination to be boundless.\",\"copyLineThree\":\"Bold, honest, and always capable, our ideas empower brands to speak with creativity and heart.\",\"color\":\"#b2a3d8\"}}},\"57\":{\"275\":{\"type\":\"word\",\"enabled\":\"1\",\"fields\":{\"word\":\"creative\"}},\"276\":{\"type\":\"word\",\"enabled\":\"1\",\"fields\":{\"word\":\"strategy\"}},\"277\":{\"type\":\"word\",\"enabled\":\"1\",\"fields\":{\"word\":\"design\"}},\"278\":{\"type\":\"word\",\"enabled\":\"1\",\"fields\":{\"word\":\"digital\"}}},\"7\":[\"248\"]}}', '2017-09-17 19:16:55', '2017-09-17 19:16:55', '6f9eac77-3a61-4b24-90ac-b0d2d07a751b'),
 ('135', '2', '1', '1', 'en_us', '49', '', '{\"typeId\":null,\"authorId\":null,\"title\":\"Welcome\",\"slug\":\"homepage\",\"postDate\":1502679916,\"expiryDate\":null,\"enabled\":1,\"parentId\":null,\"fields\":{\"51\":\"We\'ve worked with some of the best teams in the world, and are proud to call these clients our partners and friends\",\"52\":{\"131\":{\"type\":\"clientLogo\",\"enabled\":\"1\",\"fields\":{\"client\":[\"120\"]}},\"132\":{\"type\":\"clientLogo\",\"enabled\":\"1\",\"fields\":{\"client\":[\"117\"]}},\"133\":{\"type\":\"clientLogo\",\"enabled\":\"1\",\"fields\":{\"client\":[\"121\"]}},\"134\":{\"type\":\"clientLogo\",\"enabled\":\"1\",\"fields\":{\"client\":[\"128\"]}},\"135\":{\"type\":\"clientLogo\",\"enabled\":\"1\",\"fields\":{\"client\":[\"127\"]}},\"136\":{\"type\":\"clientLogo\",\"enabled\":\"1\",\"fields\":{\"client\":[\"129\"]}},\"137\":{\"type\":\"clientLogo\",\"enabled\":\"1\",\"fields\":{\"client\":[\"122\"]}},\"138\":{\"type\":\"clientLogo\",\"enabled\":\"1\",\"fields\":{\"client\":[\"125\"]}},\"139\":{\"type\":\"clientLogo\",\"enabled\":\"1\",\"fields\":{\"client\":[\"126\"]}},\"140\":{\"type\":\"clientLogo\",\"enabled\":\"1\",\"fields\":{\"client\":[\"123\"]}},\"141\":{\"type\":\"clientLogo\",\"enabled\":\"1\",\"fields\":{\"client\":[\"118\"]}},\"142\":{\"type\":\"clientLogo\",\"enabled\":\"1\",\"fields\":{\"client\":[\"145\"]}},\"143\":{\"type\":\"clientLogo\",\"enabled\":\"1\",\"fields\":{\"client\":[\"124\"]}},\"144\":{\"type\":\"clientLogo\",\"enabled\":\"1\",\"fields\":{\"client\":[\"130\"]}},\"253\":{\"type\":\"clientLogo\",\"enabled\":\"1\",\"fields\":{\"client\":[\"117\"]}},\"254\":{\"type\":\"clientLogo\",\"enabled\":\"1\",\"fields\":{\"client\":[\"120\"]}},\"255\":{\"type\":\"clientLogo\",\"enabled\":\"1\",\"fields\":{\"client\":[\"128\"]}},\"256\":{\"type\":\"clientLogo\",\"enabled\":\"1\",\"fields\":{\"client\":[\"129\"]}},\"257\":{\"type\":\"clientLogo\",\"enabled\":\"1\",\"fields\":{\"client\":[\"121\"]}},\"258\":{\"type\":\"clientLogo\",\"enabled\":\"1\",\"fields\":{\"client\":[\"122\"]}},\"267\":{\"type\":\"clientLogo\",\"enabled\":\"1\",\"fields\":{\"client\":[\"145\"]}},\"268\":{\"type\":\"clientLogo\",\"enabled\":\"1\",\"fields\":{\"client\":[\"124\"]}},\"269\":{\"type\":\"clientLogo\",\"enabled\":\"1\",\"fields\":{\"client\":[\"125\"]}},\"270\":{\"type\":\"clientLogo\",\"enabled\":\"1\",\"fields\":{\"client\":[\"130\"]}},\"271\":{\"type\":\"clientLogo\",\"enabled\":\"1\",\"fields\":{\"client\":[\"118\"]}},\"272\":{\"type\":\"clientLogo\",\"enabled\":\"1\",\"fields\":{\"client\":[\"119\"]}},\"273\":{\"type\":\"clientLogo\",\"enabled\":\"1\",\"fields\":{\"client\":[\"121\"]}},\"274\":{\"type\":\"clientLogo\",\"enabled\":\"1\",\"fields\":{\"client\":[\"120\"]}}},\"6\":\"#fbb04a\",\"38\":[\"4\",\"77\",\"28\"],\"3\":[\"247\"],\"46\":{\"78\":{\"type\":\"offeredServices\",\"enabled\":\"1\",\"fields\":{\"serviceType\":\"Strategy\",\"service\":{\"79\":{\"type\":\"3\",\"fields\":{\"service\":\"Branding\"}},\"80\":{\"type\":\"3\",\"fields\":{\"service\":\"Content\"}},\"81\":{\"type\":\"3\",\"fields\":{\"service\":\"Social\"}},\"82\":{\"type\":\"3\",\"fields\":{\"service\":\"Digital\"}}}}},\"83\":{\"type\":\"offeredServices\",\"enabled\":\"1\",\"fields\":{\"serviceType\":\"Design\",\"service\":{\"84\":{\"type\":\"3\",\"fields\":{\"service\":\"Identity\"}},\"85\":{\"type\":\"3\",\"fields\":{\"service\":\"Style Guidelines\"}},\"86\":{\"type\":\"3\",\"fields\":{\"service\":\"Print\\/OOH\"}},\"87\":{\"type\":\"3\",\"fields\":{\"service\":\"UX\\/UI\"}}}}},\"88\":{\"type\":\"offeredServices\",\"enabled\":\"1\",\"fields\":{\"serviceType\":\"Content\",\"service\":{\"89\":{\"type\":\"3\",\"fields\":{\"service\":\"Film\\/Video\"}},\"90\":{\"type\":\"3\",\"fields\":{\"service\":\"Animation\"}},\"91\":{\"type\":\"3\",\"fields\":{\"service\":\"Product\\/Lifestyle Photography\"}},\"92\":{\"type\":\"3\",\"fields\":{\"service\":\"Copywriting\"}}}}}},\"50\":\"#000000\",\"40\":{\"93\":{\"type\":\"service\",\"enabled\":\"1\",\"fields\":{\"copyLineOne\":\"We believe that open-hearted collaboration allows us to be in the right place to tell the right story on the channels that matter most.\",\"copyLineTwo\":\"That a unique balance of hunger and humility enables our imagination to be boundless.\",\"copyLineThree\":\"Bold, honest, and always capable, our ideas empower brands to speak with creativity and heart.\",\"color\":\"#977bdd\"}}},\"57\":{\"275\":{\"type\":\"word\",\"enabled\":\"1\",\"fields\":{\"word\":\"creative\"}},\"276\":{\"type\":\"word\",\"enabled\":\"1\",\"fields\":{\"word\":\"strategy\"}},\"277\":{\"type\":\"word\",\"enabled\":\"1\",\"fields\":{\"word\":\"design\"}},\"278\":{\"type\":\"word\",\"enabled\":\"1\",\"fields\":{\"word\":\"digital\"}}},\"7\":[\"248\"]}}', '2017-09-17 19:17:28', '2017-09-17 19:17:28', '7f0b004b-2146-4830-b221-3cb3fcbe97dd'),
 ('136', '2', '1', '1', 'en_us', '50', '', '{\"typeId\":null,\"authorId\":null,\"title\":\"Welcome\",\"slug\":\"homepage\",\"postDate\":1502679916,\"expiryDate\":null,\"enabled\":1,\"parentId\":null,\"fields\":{\"51\":\"We\'ve worked with some of the best teams in the world, and are proud to call these clients our partners and friends\",\"52\":{\"131\":{\"type\":\"clientLogo\",\"enabled\":\"1\",\"fields\":{\"client\":[\"120\"]}},\"132\":{\"type\":\"clientLogo\",\"enabled\":\"1\",\"fields\":{\"client\":[\"117\"]}},\"133\":{\"type\":\"clientLogo\",\"enabled\":\"1\",\"fields\":{\"client\":[\"121\"]}},\"134\":{\"type\":\"clientLogo\",\"enabled\":\"1\",\"fields\":{\"client\":[\"128\"]}},\"135\":{\"type\":\"clientLogo\",\"enabled\":\"1\",\"fields\":{\"client\":[\"127\"]}},\"136\":{\"type\":\"clientLogo\",\"enabled\":\"1\",\"fields\":{\"client\":[\"129\"]}},\"137\":{\"type\":\"clientLogo\",\"enabled\":\"1\",\"fields\":{\"client\":[\"122\"]}},\"138\":{\"type\":\"clientLogo\",\"enabled\":\"1\",\"fields\":{\"client\":[\"125\"]}},\"139\":{\"type\":\"clientLogo\",\"enabled\":\"1\",\"fields\":{\"client\":[\"126\"]}},\"140\":{\"type\":\"clientLogo\",\"enabled\":\"1\",\"fields\":{\"client\":[\"123\"]}},\"141\":{\"type\":\"clientLogo\",\"enabled\":\"1\",\"fields\":{\"client\":[\"118\"]}},\"142\":{\"type\":\"clientLogo\",\"enabled\":\"1\",\"fields\":{\"client\":[\"145\"]}},\"143\":{\"type\":\"clientLogo\",\"enabled\":\"1\",\"fields\":{\"client\":[\"124\"]}},\"144\":{\"type\":\"clientLogo\",\"enabled\":\"1\",\"fields\":{\"client\":[\"130\"]}},\"253\":{\"type\":\"clientLogo\",\"enabled\":\"1\",\"fields\":{\"client\":[\"117\"]}},\"254\":{\"type\":\"clientLogo\",\"enabled\":\"1\",\"fields\":{\"client\":[\"120\"]}},\"255\":{\"type\":\"clientLogo\",\"enabled\":\"1\",\"fields\":{\"client\":[\"128\"]}},\"256\":{\"type\":\"clientLogo\",\"enabled\":\"1\",\"fields\":{\"client\":[\"129\"]}},\"257\":{\"type\":\"clientLogo\",\"enabled\":\"1\",\"fields\":{\"client\":[\"121\"]}},\"258\":{\"type\":\"clientLogo\",\"enabled\":\"1\",\"fields\":{\"client\":[\"122\"]}},\"267\":{\"type\":\"clientLogo\",\"enabled\":\"1\",\"fields\":{\"client\":[\"145\"]}},\"268\":{\"type\":\"clientLogo\",\"enabled\":\"1\",\"fields\":{\"client\":[\"124\"]}},\"269\":{\"type\":\"clientLogo\",\"enabled\":\"1\",\"fields\":{\"client\":[\"125\"]}},\"270\":{\"type\":\"clientLogo\",\"enabled\":\"1\",\"fields\":{\"client\":[\"130\"]}},\"271\":{\"type\":\"clientLogo\",\"enabled\":\"1\",\"fields\":{\"client\":[\"118\"]}},\"272\":{\"type\":\"clientLogo\",\"enabled\":\"1\",\"fields\":{\"client\":[\"119\"]}},\"273\":{\"type\":\"clientLogo\",\"enabled\":\"1\",\"fields\":{\"client\":[\"121\"]}},\"274\":{\"type\":\"clientLogo\",\"enabled\":\"1\",\"fields\":{\"client\":[\"120\"]}}},\"6\":\"#ffc786\",\"38\":[\"4\",\"77\",\"28\"],\"3\":[\"247\"],\"46\":{\"78\":{\"type\":\"offeredServices\",\"enabled\":\"1\",\"fields\":{\"serviceType\":\"Strategy\",\"service\":{\"79\":{\"type\":\"3\",\"fields\":{\"service\":\"Branding\"}},\"80\":{\"type\":\"3\",\"fields\":{\"service\":\"Content\"}},\"81\":{\"type\":\"3\",\"fields\":{\"service\":\"Social\"}},\"82\":{\"type\":\"3\",\"fields\":{\"service\":\"Digital\"}}}}},\"83\":{\"type\":\"offeredServices\",\"enabled\":\"1\",\"fields\":{\"serviceType\":\"Design\",\"service\":{\"84\":{\"type\":\"3\",\"fields\":{\"service\":\"Identity\"}},\"85\":{\"type\":\"3\",\"fields\":{\"service\":\"Style Guidelines\"}},\"86\":{\"type\":\"3\",\"fields\":{\"service\":\"Print\\/OOH\"}},\"87\":{\"type\":\"3\",\"fields\":{\"service\":\"UX\\/UI\"}}}}},\"88\":{\"type\":\"offeredServices\",\"enabled\":\"1\",\"fields\":{\"serviceType\":\"Content\",\"service\":{\"89\":{\"type\":\"3\",\"fields\":{\"service\":\"Film\\/Video\"}},\"90\":{\"type\":\"3\",\"fields\":{\"service\":\"Animation\"}},\"91\":{\"type\":\"3\",\"fields\":{\"service\":\"Product\\/Lifestyle Photography\"}},\"92\":{\"type\":\"3\",\"fields\":{\"service\":\"Copywriting\"}}}}}},\"50\":\"#000000\",\"40\":{\"93\":{\"type\":\"service\",\"enabled\":\"1\",\"fields\":{\"copyLineOne\":\"We believe that open-hearted collaboration allows us to be in the right place to tell the right story on the channels that matter most.\",\"copyLineTwo\":\"That a unique balance of hunger and humility enables our imagination to be boundless.\",\"copyLineThree\":\"Bold, honest, and always capable, our ideas empower brands to speak with creativity and heart.\",\"color\":\"#602780\"}}},\"57\":{\"275\":{\"type\":\"word\",\"enabled\":\"1\",\"fields\":{\"word\":\"creative\"}},\"276\":{\"type\":\"word\",\"enabled\":\"1\",\"fields\":{\"word\":\"strategy\"}},\"277\":{\"type\":\"word\",\"enabled\":\"1\",\"fields\":{\"word\":\"design\"}},\"278\":{\"type\":\"word\",\"enabled\":\"1\",\"fields\":{\"word\":\"digital\"}}},\"7\":[\"248\"]}}', '2017-09-17 19:24:22', '2017-09-17 19:24:22', '9374f581-ef4f-4c6f-9bf5-54831c2d9faa'),
 ('137', '4', '2', '1', 'en_us', '33', '', '{\"typeId\":\"2\",\"authorId\":\"1\",\"title\":\"Airbnb\",\"slug\":\"airbnb\",\"postDate\":1502508000,\"expiryDate\":null,\"enabled\":1,\"parentId\":null,\"fields\":{\"6\":\"#f62961\",\"4\":\"<p><strong>The campaign that <em>\\u201c<\\/em><em>brought the house down<\\/em><em>\\u201d<\\/em>&nbsp;at <a href=\\\"http:\\/\\/localhost:8888\\/bokeh\\/public_html\\/projects\\/airbnb#entry:4:url\\\">Airbnb<\\/a>.<\\/strong><\\/p>\",\"8\":\"center\",\"3\":[\"222\"],\"5\":\"On November 17, 2016, Airbnb announced the largest product expansion in its history. Just five weeks earlier, Bokeh was asked to join its sprint to the finish line.\",\"10\":{\"146\":{\"type\":\"quote\",\"enabled\":\"1\",\"fields\":{\"quote\":\"\\u201cThis film brought the house down. I cannot imagine now having done this without it.\\u201d\",\"avatar\":\"\",\"personsName\":\"Brian Chesky\",\"jobTitle\":\"CEO of Airbnb\",\"shapeBackground\":[\"show\"]}},\"147\":{\"type\":\"text\",\"enabled\":\"1\",\"fields\":{\"copy\":\"<p><strong>Mission:<\\/strong><\\/p>\\r\\n<p>On November 17, 2016, Airbnb announced the largest product expansion in its history. Just five weeks earlier, Bokeh was asked to join its sprint to the finish line.<\\/p>\\r\\n<p>Working alongside engineering, brand, product marketing, art, and C-level teams, we developed a dizzying amount of content to educate users on new features, advertise and build awareness on social media, and, ultimately, to introduce the world to Airbnb Trips on-stage at Airbnb Open in Los Angeles.<\\/p>\"}},\"153\":{\"type\":\"video\",\"enabled\":\"1\",\"fields\":{\"videoUrl\":\"https:\\/\\/vimeo.com\\/193175968\",\"caption\":\"Welcome to the World of Trips | Aired During Airbnb Open 2016 Keynote\"}},\"251\":{\"type\":\"text\",\"enabled\":\"1\",\"fields\":{\"copy\":\"<h2>Services<\\/h2>\\r\\n<ul><li>Concept<\\/li><li>Branding Animation<\\/li><li>Film\\/Video<\\/li><li>Animation<\\/li><li>Digital Ads<\\/li><li>Social Ads<\\/li><\\/ul>\\r\\n<h2>Deliverables<\\/h2>\\r\\n<ul><li>16 animated and live-action functional films<\\/li><li>Airbnb Trips Reveal and Future of Homes film<\\/li><li>4 15-second digital ads<\\/li><li>New Airbnb animated logo<\\/li><\\/ul>\"}},\"178\":{\"type\":\"video\",\"enabled\":\"1\",\"fields\":{\"videoUrl\":\"https:\\/\\/vimeo.com\\/231786676\",\"caption\":\"Airbnb motion logo\"}},\"155\":{\"type\":\"text\",\"enabled\":\"1\",\"fields\":{\"copy\":\"<p><strong>Let\\u2019s get functional<\\/strong><\\/p>\\r\\n<p>We started by developing eight animated and live-action product marketing videos to introduce users to key features built into the new Airbnb app. Each video needed to be playable in both landscape and portrait mode. Double the work&hellip; double the fun.<\\/p>\"}},\"157\":{\"type\":\"videoCarousel\",\"enabled\":\"1\",\"fields\":{\"video\":{\"158\":{\"type\":\"1\",\"fields\":{\"video\":\"https:\\/\\/vimeo.com\\/193177317\",\"caption\":\"Introducing Experiences\"}},\"159\":{\"type\":\"1\",\"fields\":{\"video\":\"https:\\/\\/vimeo.com\\/193177901\",\"caption\":\"Introducing Itinerary\"}},\"160\":{\"type\":\"1\",\"fields\":{\"video\":\"https:\\/\\/vimeo.com\\/193177150\",\"caption\":\"Introducing Co-hosting\"}},\"161\":{\"type\":\"1\",\"fields\":{\"video\":\"https:\\/\\/vimeo.com\\/193177011\",\"caption\":\"Introducing Social Impact Experiences\"}}}}},\"162\":{\"type\":\"text\",\"enabled\":\"1\",\"fields\":{\"copy\":\"<p><strong>Our <\\/strong><strong><em>Argo<\\/em><\\/strong><strong> moment<\\/strong><br><\\/p>\\r\\n<p>Meanwhile, Bokeh\\u2019s CEO, David, went undercover with an exuberant crew of filmmakers to old Havana, Cuba. With no time to obtain permits, we developed alibis to explain the excessive amount of camera gear. We got the greenlight thanks to some quick thinking and charming Spanglish. <\\/p>\"}},\"163\":{\"type\":\"video\",\"enabled\":\"1\",\"fields\":{\"videoUrl\":\"https:\\/\\/vimeo.com\\/193176889\",\"caption\":\"Staying Connected in Cuba\"}},\"252\":{\"type\":\"twoUpImages\",\"enabled\":\"1\",\"fields\":{\"firstImage\":[\"29\"],\"secondImage\":[\"203\"]}},\"164\":{\"type\":\"threeUpImages\",\"enabled\":\"1\",\"fields\":{\"firstImage\":[\"152\"],\"secondImage\":[\"21\"],\"thirdImage\":[\"72\"]}},\"165\":{\"type\":\"text\",\"enabled\":\"1\",\"fields\":{\"copy\":\"<p><strong>In the clutch<\\/strong><br><\\/p>\\r\\n<p>Two days before the Airbnb Open, Brian needed a Hail Mary. He asked Bokeh to develop two more product videos for his keynote presentation, including the anthem piece that would be used to officially announce the launch of Airbnb Trips.<\\/p>\"}},\"166\":{\"type\":\"video\",\"enabled\":\"1\",\"fields\":{\"videoUrl\":\"https:\\/\\/vimeo.com\\/193184792\",\"caption\":\"Airbnb Collections Teaser | Aired During AO 2016 Keynote\"}},\"167\":{\"type\":\"videoCarousel\",\"enabled\":\"1\",\"fields\":{\"video\":{\"168\":{\"type\":\"1\",\"fields\":{\"video\":\"https:\\/\\/vimeo.com\\/194444259\",\"caption\":\"Burlesque\"}},\"169\":{\"type\":\"1\",\"fields\":{\"video\":\"https:\\/\\/vimeo.com\\/193185940\",\"caption\":\"Samurai\"}},\"170\":{\"type\":\"1\",\"fields\":{\"video\":\"https:\\/\\/vimeo.com\\/193185835\",\"caption\":\"Runner\"}},\"171\":{\"type\":\"1\",\"fields\":{\"video\":\"https:\\/\\/vimeo.com\\/193186104\",\"caption\":\"Scenester\"}}}}},\"221\":{\"type\":\"quote\",\"enabled\":\"1\",\"fields\":{\"quote\":\"\\u201cThis film brought the house down. I cannot imagine now having done this without it.\\u201d\",\"avatar\":\"\",\"personsName\":\"\",\"jobTitle\":\"\",\"shapeBackground\":\"\"}},\"180\":{\"type\":\"fiveUpImages\",\"enabled\":\"1\",\"fields\":{\"firstImage\":[\"199\"],\"secondImage\":[\"203\"],\"thirdImage\":[\"29\"],\"fourthImage\":[\"76\"],\"fifthImage\":[\"210\"]}},\"181\":{\"type\":\"fullWidthImage\",\"enabled\":\"1\",\"fields\":{\"image\":[\"177\"],\"caption\":\"\"}},\"179\":{\"type\":\"text\",\"enabled\":\"1\",\"fields\":{\"copy\":\"<p><strong>The payoff<\\/strong><\\/p>\\r\\n<p>The assets were leveraged across a variety of channels from Airbnb Open to product landing pages, social and YouTube, email newsletters, and paid media. The functional videos amassed over <strong>11 million views in less than three weeks<\\/strong>. On Airbnb product pages, the <strong>video click-through-rate reached as high as 15 percent<\\/strong>. <\\/p>\\r\\n<p>We received coverage in the <strong><em>NYTimes<\\/em><\\/strong><strong>, Adweek, <\\/strong><strong><em>Travel + Leisure<\\/em><\\/strong><strong>, TechCrunch, Mashable, <\\/strong><strong><em>The Telegraph<\\/em><\\/strong><strong>, and Fast Company.<\\/strong><\\/p>\"}}},\"2\":[\"96\"],\"9\":\"center\"}}', '2017-09-17 19:24:42', '2017-09-17 19:24:42', '321f7daa-62d1-43b0-b600-42b68bd69d4e'),
 ('138', '77', '2', '1', 'en_us', '29', '', '{\"typeId\":\"2\",\"authorId\":\"75\",\"title\":\"Instagram\",\"slug\":\"instagram\",\"postDate\":1503364800,\"expiryDate\":null,\"enabled\":1,\"parentId\":null,\"fields\":{\"6\":\"#197cba\",\"4\":\"<p>We backpacked for four months around the world to shoot a series for <a href=\\\"http:\\/\\/localhost:8888\\/bokeh\\/public_html\\/projects\\/instagram#entry:77:url\\\"><\\/a><a href=\\\"http:\\/\\/localhost:8888\\/bokeh\\/public_html\\/projects\\/instagram#entry:77:url\\\">Instagram<\\/a>.<\\/p>\",\"8\":\"center\",\"3\":[\"219\"],\"5\":\"Intro Paraggraph\",\"10\":\"\",\"2\":\"\",\"9\":\"bottom\"}}', '2017-09-17 19:24:57', '2017-09-17 19:24:57', '4cfc546d-a10a-4509-a6fb-0396be0a8399'),
 ('139', '28', '2', '1', 'en_us', '25', '', '{\"typeId\":\"2\",\"authorId\":\"1\",\"title\":\"Philz Coffee\",\"slug\":\"philz-coffee\",\"postDate\":1502594280,\"expiryDate\":null,\"enabled\":1,\"parentId\":null,\"fields\":{\"6\":\"#aa73eb\",\"4\":\"<p>We cold called <a href=\\\"http:\\/\\/localhost:8888\\/bokeh\\/public_html\\/projects\\/philz-coffee#entry:28:url\\\">Philz Coffee<\\/a> to complain about their logo, and they let us do a rebrand.<\\/p>\",\"8\":\"center\",\"3\":[\"57\"],\"5\":\"This is an intro paragraph\",\"10\":{\"32\":{\"type\":\"text\",\"enabled\":\"1\",\"fields\":{\"copy\":\"<h2>Heading Two<\\/h2>\\r\\n<p>Topping toffee bonbon gingerbread souffl\\u00e9. Tootsie roll cupcake gummi bears drag\\u00e9e chocolate. Liquorice chocolate bar wafer donut souffl\\u00e9. Gummies dessert croissant. Bonbon cake marshmallow liquorice. Cotton candy gummies cupcake sweet. Donut dessert brownie croissant sweet.<\\/p>\"}},\"35\":{\"type\":\"inlineImage\",\"enabled\":\"1\",\"fields\":{\"image\":[\"56\"],\"caption\":\"\"}},\"33\":{\"type\":\"quote\",\"enabled\":\"1\",\"fields\":{\"quote\":\"Jelly beans apple pie pie ice cream tiramisu jelly-o chupa chups tootsie roll. Jujubes biscuit brownie carrot cake. Lollipop tart marzipan pastry sugar plum.\",\"avatar\":[\"57\"],\"personsName\":\"John Doe\",\"jobTitle\":\"Coffee Lover\",\"shapeBackground\":\"\"}},\"34\":{\"type\":\"video\",\"enabled\":\"1\",\"fields\":{\"videoUrl\":\"https:\\/\\/www.youtube.com\\/watch?v=wxLUj1Mrars\",\"caption\":\"Caption\"}},\"50\":{\"type\":\"text\",\"enabled\":\"1\",\"fields\":{\"copy\":\"<p>Gingerbread sweet roll danish marshmallow lemon drops cake halvah chupa chups cake. Macaroon tart liquorice cake.<a href=\\\"\\/\\/google.ca\\\">This is a link<\\/a>. Biscuit pastry cake muffin chocolate bar. Gummies bear claw bonbon candy canes danish powder jelly wafer. Jelly pie gingerbread. Jelly brownie pudding gummies chocolate cake cupcake brownie danish gummies. Liquorice gingerbread souffl\\u00e9.<\\/p>\"}},\"36\":{\"type\":\"fullWidthImage\",\"enabled\":\"1\",\"fields\":{\"image\":[\"57\"],\"caption\":\"Coffee Beanz\"}},\"51\":{\"type\":\"text\",\"enabled\":\"1\",\"fields\":{\"copy\":\"<p>Sugar plum croissant drag\\u00e9e oat cake pudding chocolate jelly-o cake cupcake. Pudding bonbon lemon drops chupa chups. Drag\\u00e9e jelly gummi bears gummies donut gummies. Jujubes cotton candy apple pie muffin. Sweet liquorice cake gummies bear claw. Marzipan tootsie roll marzipan muffin toffee gummi bears marzipan cake jelly beans. Donut chupa chups cake topping sesame snaps dessert biscuit brownie. Croissant carrot cake topping pudding powder donut. Tiramisu cupcake souffl\\u00e9 biscuit cake chocolate bar drag\\u00e9e danish chocolate cake. Pudding souffl\\u00e9 bonbon bear claw souffl\\u00e9 cotton candy tart.<\\/p>\"}},\"37\":{\"type\":\"twoUpImages\",\"enabled\":\"1\",\"fields\":{\"firstImage\":[\"29\"],\"secondImage\":[\"29\"]}},\"52\":{\"type\":\"text\",\"enabled\":\"1\",\"fields\":{\"copy\":\"<p>Souffl\\u00e9 macaroon cake donut cotton candy jelly bear claw. Topping toffee cotton candy macaroon danish sugar plum carrot cake. Pudding powder biscuit. Liquorice toffee cupcake macaroon sesame snaps jujubes tiramisu. Candy canes powder apple pie souffl\\u00e9 lollipop oat cake. Sugar plum cheesecake chocolate. Liquorice sweet roll souffl\\u00e9 chocolate cake bear claw sweet roll.<\\/p>\"}},\"38\":{\"type\":\"threeUpImages\",\"enabled\":\"1\",\"fields\":{\"firstImage\":[\"72\"],\"secondImage\":[\"19\"],\"thirdImage\":[\"19\"]}},\"53\":{\"type\":\"text\",\"enabled\":\"1\",\"fields\":{\"copy\":\"<h1>Heading One<\\/h1>\\r\\n<p>Candy canes souffl\\u00e9 apple pie sweet roll. Bear claw halvah jelly beans pie danish jelly ice cream. Dessert cookie macaroon tootsie roll drag\\u00e9e. Sweet roll pastry muffin marzipan liquorice chocolate ice cream oat cake sweet. Tart tart fruitcake. Gingerbread chocolate bar sweet roll cotton candy cookie donut oat cake halvah. Chocolate sesame snaps apple pie sweet tart cookie. Candy canes bonbon candy icing drag\\u00e9e cake chocolate danish pastry. Liquorice croissant lollipop chocolate macaroon sweet.<\\/p>\"}},\"39\":{\"type\":\"fiveUpImages\",\"enabled\":\"1\",\"fields\":{\"firstImage\":[\"71\"],\"secondImage\":[\"74\"],\"thirdImage\":[\"70\"],\"fourthImage\":[\"74\"],\"fifthImage\":[\"71\"]}},\"54\":{\"type\":\"text\",\"enabled\":\"1\",\"fields\":{\"copy\":\"<p>Caramels lollipop oat cake. Chupa chups candy gummies ice cream jujubes carrot cake. Powder halvah candy canes. Fruitcake pudding pastry brownie tart. Souffl\\u00e9 caramels tiramisu wafer marshmallow carrot cake. Bonbon topping souffl\\u00e9 caramels. Topping sugar plum sesame snaps lollipop wafer carrot cake chocolate. Cake chocolate bar cake sweet. Apple pie brownie macaroon tiramisu tart powder sweet roll bonbon. Gummies biscuit candy canes sugar plum cupcake drag\\u00e9e toffee muffin topping.<\\/p>\"}},\"40\":{\"type\":\"videoCarousel\",\"enabled\":\"1\",\"fields\":{\"video\":{\"41\":{\"type\":\"1\",\"fields\":{\"video\":\"https:\\/\\/vimeo.com\\/230046783\",\"caption\":\"\"}},\"42\":{\"type\":\"1\",\"fields\":{\"video\":\"https:\\/\\/vimeo.com\\/124346309\",\"caption\":\"\"}},\"43\":{\"type\":\"1\",\"fields\":{\"video\":\"https:\\/\\/vimeo.com\\/230046783\",\"caption\":\"\"}},\"44\":{\"type\":\"1\",\"fields\":{\"video\":\"https:\\/\\/vimeo.com\\/124346309\",\"caption\":\"\"}}}}},\"55\":{\"type\":\"text\",\"enabled\":\"1\",\"fields\":{\"copy\":\"<p>Cheesecake cupcake lollipop muffin. Cheesecake icing wafer jujubes lollipop muffin sweet chocolate bar drag\\u00e9e. Cake chupa chups chocolate muffin jelly bear claw. Tart jelly toffee pastry cake. Icing ice cream bear claw. Caramels souffl\\u00e9 bonbon chocolate marshmallow. Icing carrot cake jujubes dessert cookie.<\\/p>\"}},\"64\":{\"type\":\"imageCarousel\",\"enabled\":\"1\",\"fields\":{\"image\":{\"65\":{\"type\":\"2\",\"fields\":{\"image\":[\"58\"],\"caption\":\"\"}},\"66\":{\"type\":\"2\",\"fields\":{\"image\":[\"59\"],\"caption\":\"\"}},\"67\":{\"type\":\"2\",\"fields\":{\"image\":[\"60\"],\"caption\":\"\"}},\"68\":{\"type\":\"2\",\"fields\":{\"image\":[\"61\"],\"caption\":\"\"}},\"69\":{\"type\":\"2\",\"fields\":{\"image\":[\"62\"],\"caption\":\"\"}}}}}},\"2\":\"\",\"9\":\"center\"}}', '2017-09-17 19:25:14', '2017-09-17 19:25:14', '68058202-968f-47b2-a6ba-8e1ae3e6fa4e'),
 ('140', '28', '2', '1', 'en_us', '26', '', '{\"typeId\":\"2\",\"authorId\":\"1\",\"title\":\"Philz Coffee\",\"slug\":\"philz-coffee\",\"postDate\":1502594280,\"expiryDate\":null,\"enabled\":1,\"parentId\":null,\"fields\":{\"6\":\"#00b4ae\",\"4\":\"<p>We cold called <a href=\\\"http:\\/\\/localhost:8888\\/bokeh\\/public_html\\/projects\\/philz-coffee#entry:28:url\\\">Philz Coffee<\\/a> to complain about their logo, and they let us do a rebrand.<\\/p>\",\"8\":\"center\",\"3\":[\"57\"],\"5\":\"This is an intro paragraph\",\"10\":{\"32\":{\"type\":\"text\",\"enabled\":\"1\",\"fields\":{\"copy\":\"<h2>Heading Two<\\/h2>\\r\\n<p>Topping toffee bonbon gingerbread souffl\\u00e9. Tootsie roll cupcake gummi bears drag\\u00e9e chocolate. Liquorice chocolate bar wafer donut souffl\\u00e9. Gummies dessert croissant. Bonbon cake marshmallow liquorice. Cotton candy gummies cupcake sweet. Donut dessert brownie croissant sweet.<\\/p>\"}},\"35\":{\"type\":\"inlineImage\",\"enabled\":\"1\",\"fields\":{\"image\":[\"56\"],\"caption\":\"\"}},\"33\":{\"type\":\"quote\",\"enabled\":\"1\",\"fields\":{\"quote\":\"Jelly beans apple pie pie ice cream tiramisu jelly-o chupa chups tootsie roll. Jujubes biscuit brownie carrot cake. Lollipop tart marzipan pastry sugar plum.\",\"avatar\":[\"57\"],\"personsName\":\"John Doe\",\"jobTitle\":\"Coffee Lover\",\"shapeBackground\":\"\"}},\"34\":{\"type\":\"video\",\"enabled\":\"1\",\"fields\":{\"videoUrl\":\"https:\\/\\/www.youtube.com\\/watch?v=wxLUj1Mrars\",\"caption\":\"Caption\"}},\"50\":{\"type\":\"text\",\"enabled\":\"1\",\"fields\":{\"copy\":\"<p>Gingerbread sweet roll danish marshmallow lemon drops cake halvah chupa chups cake. Macaroon tart liquorice cake.<a href=\\\"\\/\\/google.ca\\\">This is a link<\\/a>. Biscuit pastry cake muffin chocolate bar. Gummies bear claw bonbon candy canes danish powder jelly wafer. Jelly pie gingerbread. Jelly brownie pudding gummies chocolate cake cupcake brownie danish gummies. Liquorice gingerbread souffl\\u00e9.<\\/p>\"}},\"36\":{\"type\":\"fullWidthImage\",\"enabled\":\"1\",\"fields\":{\"image\":[\"57\"],\"caption\":\"Coffee Beanz\"}},\"51\":{\"type\":\"text\",\"enabled\":\"1\",\"fields\":{\"copy\":\"<p>Sugar plum croissant drag\\u00e9e oat cake pudding chocolate jelly-o cake cupcake. Pudding bonbon lemon drops chupa chups. Drag\\u00e9e jelly gummi bears gummies donut gummies. Jujubes cotton candy apple pie muffin. Sweet liquorice cake gummies bear claw. Marzipan tootsie roll marzipan muffin toffee gummi bears marzipan cake jelly beans. Donut chupa chups cake topping sesame snaps dessert biscuit brownie. Croissant carrot cake topping pudding powder donut. Tiramisu cupcake souffl\\u00e9 biscuit cake chocolate bar drag\\u00e9e danish chocolate cake. Pudding souffl\\u00e9 bonbon bear claw souffl\\u00e9 cotton candy tart.<\\/p>\"}},\"37\":{\"type\":\"twoUpImages\",\"enabled\":\"1\",\"fields\":{\"firstImage\":[\"29\"],\"secondImage\":[\"29\"]}},\"52\":{\"type\":\"text\",\"enabled\":\"1\",\"fields\":{\"copy\":\"<p>Souffl\\u00e9 macaroon cake donut cotton candy jelly bear claw. Topping toffee cotton candy macaroon danish sugar plum carrot cake. Pudding powder biscuit. Liquorice toffee cupcake macaroon sesame snaps jujubes tiramisu. Candy canes powder apple pie souffl\\u00e9 lollipop oat cake. Sugar plum cheesecake chocolate. Liquorice sweet roll souffl\\u00e9 chocolate cake bear claw sweet roll.<\\/p>\"}},\"38\":{\"type\":\"threeUpImages\",\"enabled\":\"1\",\"fields\":{\"firstImage\":[\"72\"],\"secondImage\":[\"19\"],\"thirdImage\":[\"19\"]}},\"53\":{\"type\":\"text\",\"enabled\":\"1\",\"fields\":{\"copy\":\"<h1>Heading One<\\/h1>\\r\\n<p>Candy canes souffl\\u00e9 apple pie sweet roll. Bear claw halvah jelly beans pie danish jelly ice cream. Dessert cookie macaroon tootsie roll drag\\u00e9e. Sweet roll pastry muffin marzipan liquorice chocolate ice cream oat cake sweet. Tart tart fruitcake. Gingerbread chocolate bar sweet roll cotton candy cookie donut oat cake halvah. Chocolate sesame snaps apple pie sweet tart cookie. Candy canes bonbon candy icing drag\\u00e9e cake chocolate danish pastry. Liquorice croissant lollipop chocolate macaroon sweet.<\\/p>\"}},\"39\":{\"type\":\"fiveUpImages\",\"enabled\":\"1\",\"fields\":{\"firstImage\":[\"71\"],\"secondImage\":[\"74\"],\"thirdImage\":[\"70\"],\"fourthImage\":[\"74\"],\"fifthImage\":[\"71\"]}},\"54\":{\"type\":\"text\",\"enabled\":\"1\",\"fields\":{\"copy\":\"<p>Caramels lollipop oat cake. Chupa chups candy gummies ice cream jujubes carrot cake. Powder halvah candy canes. Fruitcake pudding pastry brownie tart. Souffl\\u00e9 caramels tiramisu wafer marshmallow carrot cake. Bonbon topping souffl\\u00e9 caramels. Topping sugar plum sesame snaps lollipop wafer carrot cake chocolate. Cake chocolate bar cake sweet. Apple pie brownie macaroon tiramisu tart powder sweet roll bonbon. Gummies biscuit candy canes sugar plum cupcake drag\\u00e9e toffee muffin topping.<\\/p>\"}},\"40\":{\"type\":\"videoCarousel\",\"enabled\":\"1\",\"fields\":{\"video\":{\"41\":{\"type\":\"1\",\"fields\":{\"video\":\"https:\\/\\/vimeo.com\\/230046783\",\"caption\":\"\"}},\"42\":{\"type\":\"1\",\"fields\":{\"video\":\"https:\\/\\/vimeo.com\\/124346309\",\"caption\":\"\"}},\"43\":{\"type\":\"1\",\"fields\":{\"video\":\"https:\\/\\/vimeo.com\\/230046783\",\"caption\":\"\"}},\"44\":{\"type\":\"1\",\"fields\":{\"video\":\"https:\\/\\/vimeo.com\\/124346309\",\"caption\":\"\"}}}}},\"55\":{\"type\":\"text\",\"enabled\":\"1\",\"fields\":{\"copy\":\"<p>Cheesecake cupcake lollipop muffin. Cheesecake icing wafer jujubes lollipop muffin sweet chocolate bar drag\\u00e9e. Cake chupa chups chocolate muffin jelly bear claw. Tart jelly toffee pastry cake. Icing ice cream bear claw. Caramels souffl\\u00e9 bonbon chocolate marshmallow. Icing carrot cake jujubes dessert cookie.<\\/p>\"}},\"64\":{\"type\":\"imageCarousel\",\"enabled\":\"1\",\"fields\":{\"image\":{\"65\":{\"type\":\"2\",\"fields\":{\"image\":[\"58\"],\"caption\":\"\"}},\"66\":{\"type\":\"2\",\"fields\":{\"image\":[\"59\"],\"caption\":\"\"}},\"67\":{\"type\":\"2\",\"fields\":{\"image\":[\"60\"],\"caption\":\"\"}},\"68\":{\"type\":\"2\",\"fields\":{\"image\":[\"61\"],\"caption\":\"\"}},\"69\":{\"type\":\"2\",\"fields\":{\"image\":[\"62\"],\"caption\":\"\"}}}}}},\"2\":\"\",\"9\":\"center\"}}', '2017-09-17 19:29:36', '2017-09-17 19:29:36', 'a7b3cdb3-ac2c-450f-aab4-6357acde7cc0'),
 ('141', '2', '1', '1', 'en_us', '51', '', '{\"typeId\":null,\"authorId\":null,\"title\":\"Welcome\",\"slug\":\"homepage\",\"postDate\":1502679916,\"expiryDate\":null,\"enabled\":1,\"parentId\":null,\"fields\":{\"51\":\"We\'ve worked with some of the best teams in the world, and are proud to call these clients our partners and friends\",\"52\":{\"131\":{\"type\":\"clientLogo\",\"enabled\":\"1\",\"fields\":{\"client\":[\"120\"]}},\"132\":{\"type\":\"clientLogo\",\"enabled\":\"1\",\"fields\":{\"client\":[\"117\"]}},\"133\":{\"type\":\"clientLogo\",\"enabled\":\"1\",\"fields\":{\"client\":[\"121\"]}},\"134\":{\"type\":\"clientLogo\",\"enabled\":\"1\",\"fields\":{\"client\":[\"128\"]}},\"135\":{\"type\":\"clientLogo\",\"enabled\":\"1\",\"fields\":{\"client\":[\"127\"]}},\"136\":{\"type\":\"clientLogo\",\"enabled\":\"1\",\"fields\":{\"client\":[\"129\"]}},\"137\":{\"type\":\"clientLogo\",\"enabled\":\"1\",\"fields\":{\"client\":[\"122\"]}},\"138\":{\"type\":\"clientLogo\",\"enabled\":\"1\",\"fields\":{\"client\":[\"125\"]}},\"139\":{\"type\":\"clientLogo\",\"enabled\":\"1\",\"fields\":{\"client\":[\"126\"]}},\"140\":{\"type\":\"clientLogo\",\"enabled\":\"1\",\"fields\":{\"client\":[\"123\"]}},\"141\":{\"type\":\"clientLogo\",\"enabled\":\"1\",\"fields\":{\"client\":[\"118\"]}},\"142\":{\"type\":\"clientLogo\",\"enabled\":\"1\",\"fields\":{\"client\":[\"145\"]}},\"143\":{\"type\":\"clientLogo\",\"enabled\":\"1\",\"fields\":{\"client\":[\"124\"]}},\"144\":{\"type\":\"clientLogo\",\"enabled\":\"1\",\"fields\":{\"client\":[\"130\"]}},\"253\":{\"type\":\"clientLogo\",\"enabled\":\"1\",\"fields\":{\"client\":[\"117\"]}},\"254\":{\"type\":\"clientLogo\",\"enabled\":\"1\",\"fields\":{\"client\":[\"120\"]}},\"255\":{\"type\":\"clientLogo\",\"enabled\":\"1\",\"fields\":{\"client\":[\"128\"]}},\"256\":{\"type\":\"clientLogo\",\"enabled\":\"1\",\"fields\":{\"client\":[\"129\"]}},\"257\":{\"type\":\"clientLogo\",\"enabled\":\"1\",\"fields\":{\"client\":[\"121\"]}},\"258\":{\"type\":\"clientLogo\",\"enabled\":\"1\",\"fields\":{\"client\":[\"122\"]}},\"267\":{\"type\":\"clientLogo\",\"enabled\":\"1\",\"fields\":{\"client\":[\"145\"]}},\"268\":{\"type\":\"clientLogo\",\"enabled\":\"1\",\"fields\":{\"client\":[\"124\"]}},\"269\":{\"type\":\"clientLogo\",\"enabled\":\"1\",\"fields\":{\"client\":[\"125\"]}},\"270\":{\"type\":\"clientLogo\",\"enabled\":\"1\",\"fields\":{\"client\":[\"130\"]}},\"271\":{\"type\":\"clientLogo\",\"enabled\":\"1\",\"fields\":{\"client\":[\"118\"]}},\"272\":{\"type\":\"clientLogo\",\"enabled\":\"1\",\"fields\":{\"client\":[\"119\"]}},\"273\":{\"type\":\"clientLogo\",\"enabled\":\"1\",\"fields\":{\"client\":[\"121\"]}},\"274\":{\"type\":\"clientLogo\",\"enabled\":\"1\",\"fields\":{\"client\":[\"120\"]}}},\"6\":\"#ffc786\",\"38\":[\"4\",\"77\",\"28\"],\"3\":[\"247\"],\"46\":{\"78\":{\"type\":\"offeredServices\",\"enabled\":\"1\",\"fields\":{\"serviceType\":\"Strategy\",\"service\":{\"79\":{\"type\":\"3\",\"fields\":{\"service\":\"Branding\"}},\"80\":{\"type\":\"3\",\"fields\":{\"service\":\"Content\"}},\"81\":{\"type\":\"3\",\"fields\":{\"service\":\"Social\"}},\"82\":{\"type\":\"3\",\"fields\":{\"service\":\"Digital\"}}}}},\"83\":{\"type\":\"offeredServices\",\"enabled\":\"1\",\"fields\":{\"serviceType\":\"Design\",\"service\":{\"84\":{\"type\":\"3\",\"fields\":{\"service\":\"Identity\"}},\"85\":{\"type\":\"3\",\"fields\":{\"service\":\"Style Guidelines\"}},\"86\":{\"type\":\"3\",\"fields\":{\"service\":\"Print\\/OOH\"}},\"87\":{\"type\":\"3\",\"fields\":{\"service\":\"UX\\/UI\"}}}}},\"88\":{\"type\":\"offeredServices\",\"enabled\":\"1\",\"fields\":{\"serviceType\":\"Content\",\"service\":{\"89\":{\"type\":\"3\",\"fields\":{\"service\":\"Film\\/Video\"}},\"90\":{\"type\":\"3\",\"fields\":{\"service\":\"Animation\"}},\"91\":{\"type\":\"3\",\"fields\":{\"service\":\"Product\\/Lifestyle Photography\"}},\"92\":{\"type\":\"3\",\"fields\":{\"service\":\"Copywriting\"}}}}}},\"50\":\"#000000\",\"40\":{\"93\":{\"type\":\"service\",\"enabled\":\"1\",\"fields\":{\"copyLineOne\":\"We believe that open-hearted collaboration allows us to be in the right place to tell the right story on the channels that matter most.\",\"copyLineTwo\":\"That a unique balance of hunger and humility enables our imagination to be boundless.\",\"copyLineThree\":\"Bold, honest, and always capable, our ideas empower brands to speak with creativity and heart.\",\"color\":\"#602780\"}}},\"57\":{\"275\":{\"type\":\"word\",\"enabled\":\"1\",\"fields\":{\"word\":\"creative\"}},\"276\":{\"type\":\"word\",\"enabled\":\"1\",\"fields\":{\"word\":\"strategy\"}},\"277\":{\"type\":\"word\",\"enabled\":\"1\",\"fields\":{\"word\":\"design\"}},\"278\":{\"type\":\"word\",\"enabled\":\"1\",\"fields\":{\"word\":\"digital\"}}},\"7\":[\"248\"]}}', '2017-09-17 19:30:13', '2017-09-17 19:30:13', '0d3def33-5e39-4fd0-99f5-8f43d6c4cc9c'),
 ('142', '2', '1', '1', 'en_us', '52', '', '{\"typeId\":null,\"authorId\":null,\"title\":\"Welcome\",\"slug\":\"homepage\",\"postDate\":1502679916,\"expiryDate\":null,\"enabled\":1,\"parentId\":null,\"fields\":{\"51\":\"We\'ve worked with some of the best teams in the world, and are proud to call these clients our partners and friends\",\"52\":{\"131\":{\"type\":\"clientLogo\",\"enabled\":\"1\",\"fields\":{\"client\":[\"120\"]}},\"132\":{\"type\":\"clientLogo\",\"enabled\":\"1\",\"fields\":{\"client\":[\"117\"]}},\"133\":{\"type\":\"clientLogo\",\"enabled\":\"1\",\"fields\":{\"client\":[\"121\"]}},\"134\":{\"type\":\"clientLogo\",\"enabled\":\"1\",\"fields\":{\"client\":[\"128\"]}},\"135\":{\"type\":\"clientLogo\",\"enabled\":\"1\",\"fields\":{\"client\":[\"127\"]}},\"136\":{\"type\":\"clientLogo\",\"enabled\":\"1\",\"fields\":{\"client\":[\"129\"]}},\"137\":{\"type\":\"clientLogo\",\"enabled\":\"1\",\"fields\":{\"client\":[\"122\"]}},\"138\":{\"type\":\"clientLogo\",\"enabled\":\"1\",\"fields\":{\"client\":[\"125\"]}},\"139\":{\"type\":\"clientLogo\",\"enabled\":\"1\",\"fields\":{\"client\":[\"126\"]}},\"140\":{\"type\":\"clientLogo\",\"enabled\":\"1\",\"fields\":{\"client\":[\"123\"]}},\"141\":{\"type\":\"clientLogo\",\"enabled\":\"1\",\"fields\":{\"client\":[\"118\"]}},\"142\":{\"type\":\"clientLogo\",\"enabled\":\"1\",\"fields\":{\"client\":[\"145\"]}},\"143\":{\"type\":\"clientLogo\",\"enabled\":\"1\",\"fields\":{\"client\":[\"124\"]}},\"144\":{\"type\":\"clientLogo\",\"enabled\":\"1\",\"fields\":{\"client\":[\"130\"]}},\"253\":{\"type\":\"clientLogo\",\"enabled\":\"1\",\"fields\":{\"client\":[\"117\"]}},\"254\":{\"type\":\"clientLogo\",\"enabled\":\"1\",\"fields\":{\"client\":[\"120\"]}},\"255\":{\"type\":\"clientLogo\",\"enabled\":\"1\",\"fields\":{\"client\":[\"128\"]}},\"256\":{\"type\":\"clientLogo\",\"enabled\":\"1\",\"fields\":{\"client\":[\"129\"]}},\"257\":{\"type\":\"clientLogo\",\"enabled\":\"1\",\"fields\":{\"client\":[\"121\"]}},\"258\":{\"type\":\"clientLogo\",\"enabled\":\"1\",\"fields\":{\"client\":[\"122\"]}},\"267\":{\"type\":\"clientLogo\",\"enabled\":\"1\",\"fields\":{\"client\":[\"145\"]}},\"268\":{\"type\":\"clientLogo\",\"enabled\":\"1\",\"fields\":{\"client\":[\"124\"]}},\"269\":{\"type\":\"clientLogo\",\"enabled\":\"1\",\"fields\":{\"client\":[\"125\"]}},\"270\":{\"type\":\"clientLogo\",\"enabled\":\"1\",\"fields\":{\"client\":[\"130\"]}},\"271\":{\"type\":\"clientLogo\",\"enabled\":\"1\",\"fields\":{\"client\":[\"118\"]}},\"272\":{\"type\":\"clientLogo\",\"enabled\":\"1\",\"fields\":{\"client\":[\"119\"]}},\"273\":{\"type\":\"clientLogo\",\"enabled\":\"1\",\"fields\":{\"client\":[\"121\"]}},\"274\":{\"type\":\"clientLogo\",\"enabled\":\"1\",\"fields\":{\"client\":[\"120\"]}}},\"6\":\"#ffc786\",\"38\":[\"4\",\"77\",\"28\"],\"3\":[\"247\"],\"46\":{\"78\":{\"type\":\"offeredServices\",\"enabled\":\"1\",\"fields\":{\"serviceType\":\"Strategy\",\"service\":{\"79\":{\"type\":\"3\",\"fields\":{\"service\":\"Branding\"}},\"80\":{\"type\":\"3\",\"fields\":{\"service\":\"Content\"}},\"81\":{\"type\":\"3\",\"fields\":{\"service\":\"Social\"}},\"82\":{\"type\":\"3\",\"fields\":{\"service\":\"Digital\"}}}}},\"83\":{\"type\":\"offeredServices\",\"enabled\":\"1\",\"fields\":{\"serviceType\":\"Design\",\"service\":{\"84\":{\"type\":\"3\",\"fields\":{\"service\":\"Identity\"}},\"85\":{\"type\":\"3\",\"fields\":{\"service\":\"Style Guidelines\"}},\"86\":{\"type\":\"3\",\"fields\":{\"service\":\"Print\\/OOH\"}},\"87\":{\"type\":\"3\",\"fields\":{\"service\":\"UX\\/UI\"}}}}},\"88\":{\"type\":\"offeredServices\",\"enabled\":\"1\",\"fields\":{\"serviceType\":\"Content\",\"service\":{\"89\":{\"type\":\"3\",\"fields\":{\"service\":\"Film\\/Video\"}},\"90\":{\"type\":\"3\",\"fields\":{\"service\":\"Animation\"}},\"91\":{\"type\":\"3\",\"fields\":{\"service\":\"Product\\/Lifestyle Photography\"}},\"92\":{\"type\":\"3\",\"fields\":{\"service\":\"Copywriting\"}}}}}},\"50\":\"#000000\",\"40\":{\"93\":{\"type\":\"service\",\"enabled\":\"1\",\"fields\":{\"copyLineOne\":\"We believe that open-hearted collaboration allows us to be in the right place to tell the right story on the channels that matter most.\",\"copyLineTwo\":\"That a unique balance of hunger and humility enables our imagination to be boundless.\",\"copyLineThree\":\"Bold, honest, and always capable, our ideas empower brands to speak with creativity and heart.\",\"color\":\"#db9142\"}}},\"57\":{\"275\":{\"type\":\"word\",\"enabled\":\"1\",\"fields\":{\"word\":\"creative\"}},\"276\":{\"type\":\"word\",\"enabled\":\"1\",\"fields\":{\"word\":\"strategy\"}},\"277\":{\"type\":\"word\",\"enabled\":\"1\",\"fields\":{\"word\":\"design\"}},\"278\":{\"type\":\"word\",\"enabled\":\"1\",\"fields\":{\"word\":\"digital\"}}},\"7\":[\"248\"]}}', '2017-09-17 19:30:56', '2017-09-17 19:30:56', '29e2e5ed-8efa-4f73-aadd-166c92601de5'),
 ('143', '4', '2', '1', 'en_us', '34', '', '{\"typeId\":\"2\",\"authorId\":\"1\",\"title\":\"Airbnb\",\"slug\":\"airbnb\",\"postDate\":1502508000,\"expiryDate\":null,\"enabled\":1,\"parentId\":null,\"fields\":{\"6\":\"#f62944\",\"4\":\"<p><strong>The campaign that <em>\\u201c<\\/em><em>brought the house down<\\/em><em>\\u201d<\\/em>&nbsp;at <a href=\\\"http:\\/\\/localhost:8888\\/bokeh\\/public_html\\/projects\\/airbnb#entry:4:url\\\">Airbnb<\\/a>.<\\/strong><\\/p>\",\"8\":\"center\",\"3\":[\"222\"],\"5\":\"On November 17, 2016, Airbnb announced the largest product expansion in its history. Just five weeks earlier, Bokeh was asked to join its sprint to the finish line.\",\"10\":{\"146\":{\"type\":\"quote\",\"enabled\":\"1\",\"fields\":{\"quote\":\"\\u201cThis film brought the house down. I cannot imagine now having done this without it.\\u201d\",\"avatar\":\"\",\"personsName\":\"Brian Chesky\",\"jobTitle\":\"CEO of Airbnb\",\"shapeBackground\":[\"show\"]}},\"147\":{\"type\":\"text\",\"enabled\":\"1\",\"fields\":{\"copy\":\"<p><strong>Mission:<\\/strong><\\/p>\\r\\n<p>On November 17, 2016, Airbnb announced the largest product expansion in its history. Just five weeks earlier, Bokeh was asked to join its sprint to the finish line.<\\/p>\\r\\n<p>Working alongside engineering, brand, product marketing, art, and C-level teams, we developed a dizzying amount of content to educate users on new features, advertise and build awareness on social media, and, ultimately, to introduce the world to Airbnb Trips on-stage at Airbnb Open in Los Angeles.<\\/p>\"}},\"153\":{\"type\":\"video\",\"enabled\":\"1\",\"fields\":{\"videoUrl\":\"https:\\/\\/vimeo.com\\/193175968\",\"caption\":\"Welcome to the World of Trips | Aired During Airbnb Open 2016 Keynote\"}},\"251\":{\"type\":\"text\",\"enabled\":\"1\",\"fields\":{\"copy\":\"<h2>Services<\\/h2>\\r\\n<ul><li>Concept<\\/li><li>Branding Animation<\\/li><li>Film\\/Video<\\/li><li>Animation<\\/li><li>Digital Ads<\\/li><li>Social Ads<\\/li><\\/ul>\\r\\n<h2>Deliverables<\\/h2>\\r\\n<ul><li>16 animated and live-action functional films<\\/li><li>Airbnb Trips Reveal and Future of Homes film<\\/li><li>4 15-second digital ads<\\/li><li>New Airbnb animated logo<\\/li><\\/ul>\"}},\"178\":{\"type\":\"video\",\"enabled\":\"1\",\"fields\":{\"videoUrl\":\"https:\\/\\/vimeo.com\\/231786676\",\"caption\":\"Airbnb motion logo\"}},\"155\":{\"type\":\"text\",\"enabled\":\"1\",\"fields\":{\"copy\":\"<p><strong>Let\\u2019s get functional<\\/strong><\\/p>\\r\\n<p>We started by developing eight animated and live-action product marketing videos to introduce users to key features built into the new Airbnb app. Each video needed to be playable in both landscape and portrait mode. Double the work&hellip; double the fun.<\\/p>\"}},\"157\":{\"type\":\"videoCarousel\",\"enabled\":\"1\",\"fields\":{\"video\":{\"158\":{\"type\":\"1\",\"fields\":{\"video\":\"https:\\/\\/vimeo.com\\/193177317\",\"caption\":\"Introducing Experiences\"}},\"159\":{\"type\":\"1\",\"fields\":{\"video\":\"https:\\/\\/vimeo.com\\/193177901\",\"caption\":\"Introducing Itinerary\"}},\"160\":{\"type\":\"1\",\"fields\":{\"video\":\"https:\\/\\/vimeo.com\\/193177150\",\"caption\":\"Introducing Co-hosting\"}},\"161\":{\"type\":\"1\",\"fields\":{\"video\":\"https:\\/\\/vimeo.com\\/193177011\",\"caption\":\"Introducing Social Impact Experiences\"}}}}},\"162\":{\"type\":\"text\",\"enabled\":\"1\",\"fields\":{\"copy\":\"<p><strong>Our <\\/strong><strong><em>Argo<\\/em><\\/strong><strong> moment<\\/strong><br><\\/p>\\r\\n<p>Meanwhile, Bokeh\\u2019s CEO, David, went undercover with an exuberant crew of filmmakers to old Havana, Cuba. With no time to obtain permits, we developed alibis to explain the excessive amount of camera gear. We got the greenlight thanks to some quick thinking and charming Spanglish. <\\/p>\"}},\"163\":{\"type\":\"video\",\"enabled\":\"1\",\"fields\":{\"videoUrl\":\"https:\\/\\/vimeo.com\\/193176889\",\"caption\":\"Staying Connected in Cuba\"}},\"252\":{\"type\":\"twoUpImages\",\"enabled\":\"1\",\"fields\":{\"firstImage\":[\"29\"],\"secondImage\":[\"203\"]}},\"164\":{\"type\":\"threeUpImages\",\"enabled\":\"1\",\"fields\":{\"firstImage\":[\"152\"],\"secondImage\":[\"21\"],\"thirdImage\":[\"72\"]}},\"165\":{\"type\":\"text\",\"enabled\":\"1\",\"fields\":{\"copy\":\"<p><strong>In the clutch<\\/strong><br><\\/p>\\r\\n<p>Two days before the Airbnb Open, Brian needed a Hail Mary. He asked Bokeh to develop two more product videos for his keynote presentation, including the anthem piece that would be used to officially announce the launch of Airbnb Trips.<\\/p>\"}},\"166\":{\"type\":\"video\",\"enabled\":\"1\",\"fields\":{\"videoUrl\":\"https:\\/\\/vimeo.com\\/193184792\",\"caption\":\"Airbnb Collections Teaser | Aired During AO 2016 Keynote\"}},\"167\":{\"type\":\"videoCarousel\",\"enabled\":\"1\",\"fields\":{\"video\":{\"168\":{\"type\":\"1\",\"fields\":{\"video\":\"https:\\/\\/vimeo.com\\/194444259\",\"caption\":\"Burlesque\"}},\"169\":{\"type\":\"1\",\"fields\":{\"video\":\"https:\\/\\/vimeo.com\\/193185940\",\"caption\":\"Samurai\"}},\"170\":{\"type\":\"1\",\"fields\":{\"video\":\"https:\\/\\/vimeo.com\\/193185835\",\"caption\":\"Runner\"}},\"171\":{\"type\":\"1\",\"fields\":{\"video\":\"https:\\/\\/vimeo.com\\/193186104\",\"caption\":\"Scenester\"}}}}},\"221\":{\"type\":\"quote\",\"enabled\":\"1\",\"fields\":{\"quote\":\"\\u201cThis film brought the house down. I cannot imagine now having done this without it.\\u201d\",\"avatar\":\"\",\"personsName\":\"\",\"jobTitle\":\"\",\"shapeBackground\":\"\"}},\"180\":{\"type\":\"fiveUpImages\",\"enabled\":\"1\",\"fields\":{\"firstImage\":[\"199\"],\"secondImage\":[\"203\"],\"thirdImage\":[\"29\"],\"fourthImage\":[\"76\"],\"fifthImage\":[\"210\"]}},\"181\":{\"type\":\"fullWidthImage\",\"enabled\":\"1\",\"fields\":{\"image\":[\"177\"],\"caption\":\"\"}},\"179\":{\"type\":\"text\",\"enabled\":\"1\",\"fields\":{\"copy\":\"<p><strong>The payoff<\\/strong><\\/p>\\r\\n<p>The assets were leveraged across a variety of channels from Airbnb Open to product landing pages, social and YouTube, email newsletters, and paid media. The functional videos amassed over <strong>11 million views in less than three weeks<\\/strong>. On Airbnb product pages, the <strong>video click-through-rate reached as high as 15 percent<\\/strong>. <\\/p>\\r\\n<p>We received coverage in the <strong><em>NYTimes<\\/em><\\/strong><strong>, Adweek, <\\/strong><strong><em>Travel + Leisure<\\/em><\\/strong><strong>, TechCrunch, Mashable, <\\/strong><strong><em>The Telegraph<\\/em><\\/strong><strong>, and Fast Company.<\\/strong><\\/p>\"}}},\"2\":[\"96\"],\"9\":\"center\"}}', '2017-09-17 19:33:50', '2017-09-17 19:33:50', 'dd8dc261-d711-4b08-b91f-c24a531a0499'),
 ('144', '2', '1', '1', 'en_us', '53', '', '{\"typeId\":null,\"authorId\":null,\"title\":\"Welcome\",\"slug\":\"homepage\",\"postDate\":1502679916,\"expiryDate\":null,\"enabled\":1,\"parentId\":null,\"fields\":{\"51\":\"We\'ve worked with some of the best teams in the world, and are proud to call these clients our partners and friends\",\"52\":{\"131\":{\"type\":\"clientLogo\",\"enabled\":\"1\",\"fields\":{\"client\":[\"120\"]}},\"132\":{\"type\":\"clientLogo\",\"enabled\":\"1\",\"fields\":{\"client\":[\"117\"]}},\"133\":{\"type\":\"clientLogo\",\"enabled\":\"1\",\"fields\":{\"client\":[\"121\"]}},\"134\":{\"type\":\"clientLogo\",\"enabled\":\"1\",\"fields\":{\"client\":[\"128\"]}},\"135\":{\"type\":\"clientLogo\",\"enabled\":\"1\",\"fields\":{\"client\":[\"127\"]}},\"136\":{\"type\":\"clientLogo\",\"enabled\":\"1\",\"fields\":{\"client\":[\"129\"]}},\"137\":{\"type\":\"clientLogo\",\"enabled\":\"1\",\"fields\":{\"client\":[\"122\"]}},\"138\":{\"type\":\"clientLogo\",\"enabled\":\"1\",\"fields\":{\"client\":[\"125\"]}},\"139\":{\"type\":\"clientLogo\",\"enabled\":\"1\",\"fields\":{\"client\":[\"126\"]}},\"140\":{\"type\":\"clientLogo\",\"enabled\":\"1\",\"fields\":{\"client\":[\"123\"]}},\"141\":{\"type\":\"clientLogo\",\"enabled\":\"1\",\"fields\":{\"client\":[\"118\"]}},\"142\":{\"type\":\"clientLogo\",\"enabled\":\"1\",\"fields\":{\"client\":[\"145\"]}},\"143\":{\"type\":\"clientLogo\",\"enabled\":\"1\",\"fields\":{\"client\":[\"124\"]}},\"144\":{\"type\":\"clientLogo\",\"enabled\":\"1\",\"fields\":{\"client\":[\"130\"]}},\"253\":{\"type\":\"clientLogo\",\"enabled\":\"1\",\"fields\":{\"client\":[\"117\"]}},\"254\":{\"type\":\"clientLogo\",\"enabled\":\"1\",\"fields\":{\"client\":[\"120\"]}},\"255\":{\"type\":\"clientLogo\",\"enabled\":\"1\",\"fields\":{\"client\":[\"128\"]}},\"256\":{\"type\":\"clientLogo\",\"enabled\":\"1\",\"fields\":{\"client\":[\"129\"]}},\"257\":{\"type\":\"clientLogo\",\"enabled\":\"1\",\"fields\":{\"client\":[\"121\"]}},\"258\":{\"type\":\"clientLogo\",\"enabled\":\"1\",\"fields\":{\"client\":[\"122\"]}},\"267\":{\"type\":\"clientLogo\",\"enabled\":\"1\",\"fields\":{\"client\":[\"145\"]}},\"268\":{\"type\":\"clientLogo\",\"enabled\":\"1\",\"fields\":{\"client\":[\"124\"]}},\"269\":{\"type\":\"clientLogo\",\"enabled\":\"1\",\"fields\":{\"client\":[\"125\"]}},\"270\":{\"type\":\"clientLogo\",\"enabled\":\"1\",\"fields\":{\"client\":[\"130\"]}},\"271\":{\"type\":\"clientLogo\",\"enabled\":\"1\",\"fields\":{\"client\":[\"118\"]}},\"272\":{\"type\":\"clientLogo\",\"enabled\":\"1\",\"fields\":{\"client\":[\"119\"]}},\"273\":{\"type\":\"clientLogo\",\"enabled\":\"1\",\"fields\":{\"client\":[\"121\"]}},\"274\":{\"type\":\"clientLogo\",\"enabled\":\"1\",\"fields\":{\"client\":[\"120\"]}}},\"6\":\"#ffc786\",\"38\":[\"4\",\"77\",\"28\"],\"3\":[\"247\"],\"46\":{\"78\":{\"type\":\"offeredServices\",\"enabled\":\"1\",\"fields\":{\"serviceType\":\"Strategy\",\"service\":{\"79\":{\"type\":\"3\",\"fields\":{\"service\":\"Branding\"}},\"80\":{\"type\":\"3\",\"fields\":{\"service\":\"Content\"}},\"81\":{\"type\":\"3\",\"fields\":{\"service\":\"Social\"}},\"82\":{\"type\":\"3\",\"fields\":{\"service\":\"Digital\"}}}}},\"83\":{\"type\":\"offeredServices\",\"enabled\":\"1\",\"fields\":{\"serviceType\":\"Design\",\"service\":{\"84\":{\"type\":\"3\",\"fields\":{\"service\":\"Identity\"}},\"85\":{\"type\":\"3\",\"fields\":{\"service\":\"Style Guidelines\"}},\"86\":{\"type\":\"3\",\"fields\":{\"service\":\"Print\\/OOH\"}},\"87\":{\"type\":\"3\",\"fields\":{\"service\":\"UX\\/UI\"}}}}},\"88\":{\"type\":\"offeredServices\",\"enabled\":\"1\",\"fields\":{\"serviceType\":\"Content\",\"service\":{\"89\":{\"type\":\"3\",\"fields\":{\"service\":\"Film\\/Video\"}},\"90\":{\"type\":\"3\",\"fields\":{\"service\":\"Animation\"}},\"91\":{\"type\":\"3\",\"fields\":{\"service\":\"Product\\/Lifestyle Photography\"}},\"92\":{\"type\":\"3\",\"fields\":{\"service\":\"Copywriting\"}}}}}},\"50\":\"#000000\",\"40\":{\"93\":{\"type\":\"service\",\"enabled\":\"1\",\"fields\":{\"copyLineOne\":\"We believe that open-hearted collaboration allows us to be in the right place to tell the right story on the channels that matter most.\",\"copyLineTwo\":\"That a unique balance of hunger and humility enables our imagination to be boundless.\",\"copyLineThree\":\"Bold, honest, and always capable, our ideas empower brands to speak with creativity and heart.\",\"color\":\"#ffc786\"}}},\"57\":{\"275\":{\"type\":\"word\",\"enabled\":\"1\",\"fields\":{\"word\":\"creative\"}},\"276\":{\"type\":\"word\",\"enabled\":\"1\",\"fields\":{\"word\":\"strategy\"}},\"277\":{\"type\":\"word\",\"enabled\":\"1\",\"fields\":{\"word\":\"design\"}},\"278\":{\"type\":\"word\",\"enabled\":\"1\",\"fields\":{\"word\":\"digital\"}}},\"7\":[\"248\"]}}', '2017-09-17 19:46:17', '2017-09-17 19:46:17', 'c80a556f-1e1a-4d7b-92f6-9983388413a6'),
 ('145', '2', '1', '1', 'en_us', '54', '', '{\"typeId\":null,\"authorId\":null,\"title\":\"Welcome\",\"slug\":\"homepage\",\"postDate\":1502679916,\"expiryDate\":null,\"enabled\":1,\"parentId\":null,\"fields\":{\"51\":\"We\'ve worked with some of the best teams in the world, and are proud to call these clients our partners and friends\",\"52\":{\"131\":{\"type\":\"clientLogo\",\"enabled\":\"1\",\"fields\":{\"client\":[\"120\"]}},\"132\":{\"type\":\"clientLogo\",\"enabled\":\"1\",\"fields\":{\"client\":[\"117\"]}},\"133\":{\"type\":\"clientLogo\",\"enabled\":\"1\",\"fields\":{\"client\":[\"121\"]}},\"134\":{\"type\":\"clientLogo\",\"enabled\":\"1\",\"fields\":{\"client\":[\"128\"]}},\"135\":{\"type\":\"clientLogo\",\"enabled\":\"1\",\"fields\":{\"client\":[\"127\"]}},\"136\":{\"type\":\"clientLogo\",\"enabled\":\"1\",\"fields\":{\"client\":[\"129\"]}},\"137\":{\"type\":\"clientLogo\",\"enabled\":\"1\",\"fields\":{\"client\":[\"122\"]}},\"138\":{\"type\":\"clientLogo\",\"enabled\":\"1\",\"fields\":{\"client\":[\"125\"]}},\"139\":{\"type\":\"clientLogo\",\"enabled\":\"1\",\"fields\":{\"client\":[\"126\"]}},\"140\":{\"type\":\"clientLogo\",\"enabled\":\"1\",\"fields\":{\"client\":[\"123\"]}},\"141\":{\"type\":\"clientLogo\",\"enabled\":\"1\",\"fields\":{\"client\":[\"118\"]}},\"142\":{\"type\":\"clientLogo\",\"enabled\":\"1\",\"fields\":{\"client\":[\"145\"]}},\"143\":{\"type\":\"clientLogo\",\"enabled\":\"1\",\"fields\":{\"client\":[\"124\"]}},\"144\":{\"type\":\"clientLogo\",\"enabled\":\"1\",\"fields\":{\"client\":[\"130\"]}},\"253\":{\"type\":\"clientLogo\",\"enabled\":\"1\",\"fields\":{\"client\":[\"117\"]}},\"254\":{\"type\":\"clientLogo\",\"enabled\":\"1\",\"fields\":{\"client\":[\"120\"]}},\"255\":{\"type\":\"clientLogo\",\"enabled\":\"1\",\"fields\":{\"client\":[\"128\"]}},\"256\":{\"type\":\"clientLogo\",\"enabled\":\"1\",\"fields\":{\"client\":[\"129\"]}},\"257\":{\"type\":\"clientLogo\",\"enabled\":\"1\",\"fields\":{\"client\":[\"121\"]}},\"258\":{\"type\":\"clientLogo\",\"enabled\":\"1\",\"fields\":{\"client\":[\"122\"]}},\"267\":{\"type\":\"clientLogo\",\"enabled\":\"1\",\"fields\":{\"client\":[\"145\"]}},\"268\":{\"type\":\"clientLogo\",\"enabled\":\"1\",\"fields\":{\"client\":[\"124\"]}},\"269\":{\"type\":\"clientLogo\",\"enabled\":\"1\",\"fields\":{\"client\":[\"125\"]}},\"270\":{\"type\":\"clientLogo\",\"enabled\":\"1\",\"fields\":{\"client\":[\"130\"]}},\"271\":{\"type\":\"clientLogo\",\"enabled\":\"1\",\"fields\":{\"client\":[\"118\"]}},\"272\":{\"type\":\"clientLogo\",\"enabled\":\"1\",\"fields\":{\"client\":[\"119\"]}},\"273\":{\"type\":\"clientLogo\",\"enabled\":\"1\",\"fields\":{\"client\":[\"121\"]}},\"274\":{\"type\":\"clientLogo\",\"enabled\":\"1\",\"fields\":{\"client\":[\"120\"]}}},\"6\":\"#feae5a\",\"38\":[\"4\",\"77\",\"28\"],\"3\":[\"247\"],\"46\":{\"78\":{\"type\":\"offeredServices\",\"enabled\":\"1\",\"fields\":{\"serviceType\":\"Strategy\",\"service\":{\"79\":{\"type\":\"3\",\"fields\":{\"service\":\"Branding\"}},\"80\":{\"type\":\"3\",\"fields\":{\"service\":\"Content\"}},\"81\":{\"type\":\"3\",\"fields\":{\"service\":\"Social\"}},\"82\":{\"type\":\"3\",\"fields\":{\"service\":\"Digital\"}}}}},\"83\":{\"type\":\"offeredServices\",\"enabled\":\"1\",\"fields\":{\"serviceType\":\"Design\",\"service\":{\"84\":{\"type\":\"3\",\"fields\":{\"service\":\"Identity\"}},\"85\":{\"type\":\"3\",\"fields\":{\"service\":\"Style Guidelines\"}},\"86\":{\"type\":\"3\",\"fields\":{\"service\":\"Print\\/OOH\"}},\"87\":{\"type\":\"3\",\"fields\":{\"service\":\"UX\\/UI\"}}}}},\"88\":{\"type\":\"offeredServices\",\"enabled\":\"1\",\"fields\":{\"serviceType\":\"Content\",\"service\":{\"89\":{\"type\":\"3\",\"fields\":{\"service\":\"Film\\/Video\"}},\"90\":{\"type\":\"3\",\"fields\":{\"service\":\"Animation\"}},\"91\":{\"type\":\"3\",\"fields\":{\"service\":\"Product\\/Lifestyle Photography\"}},\"92\":{\"type\":\"3\",\"fields\":{\"service\":\"Copywriting\"}}}}}},\"40\":{\"93\":{\"type\":\"service\",\"enabled\":\"1\",\"fields\":{\"copyLineOne\":\"We believe that open-hearted collaboration allows us to be in the right place to tell the right story on the channels that matter most.\",\"copyLineTwo\":\"That a unique balance of hunger and humility enables our imagination to be boundless.\",\"copyLineThree\":\"Bold, honest, and always capable, our ideas empower brands to speak with creativity and heart.\",\"color\":\"#feae5a\"}}},\"57\":{\"275\":{\"type\":\"word\",\"enabled\":\"1\",\"fields\":{\"word\":\"creative\"}},\"276\":{\"type\":\"word\",\"enabled\":\"1\",\"fields\":{\"word\":\"strategy\"}},\"277\":{\"type\":\"word\",\"enabled\":\"1\",\"fields\":{\"word\":\"design\"}},\"278\":{\"type\":\"word\",\"enabled\":\"1\",\"fields\":{\"word\":\"digital\"}}},\"7\":[\"248\"]}}', '2017-09-17 19:54:15', '2017-09-17 19:54:15', '99d9e1cd-07d8-4937-9a50-6cd05c3a7ea7'),
 ('146', '2', '1', '1', 'en_us', '55', '', '{\"typeId\":null,\"authorId\":null,\"title\":\"Welcome\",\"slug\":\"homepage\",\"postDate\":1502679916,\"expiryDate\":null,\"enabled\":1,\"parentId\":null,\"fields\":{\"51\":\"We\'ve worked with some of the best teams in the world, and are proud to call these clients our partners and friends\",\"52\":{\"131\":{\"type\":\"clientLogo\",\"enabled\":\"1\",\"fields\":{\"client\":[\"120\"]}},\"132\":{\"type\":\"clientLogo\",\"enabled\":\"1\",\"fields\":{\"client\":[\"117\"]}},\"133\":{\"type\":\"clientLogo\",\"enabled\":\"1\",\"fields\":{\"client\":[\"121\"]}},\"134\":{\"type\":\"clientLogo\",\"enabled\":\"1\",\"fields\":{\"client\":[\"128\"]}},\"135\":{\"type\":\"clientLogo\",\"enabled\":\"1\",\"fields\":{\"client\":[\"127\"]}},\"136\":{\"type\":\"clientLogo\",\"enabled\":\"1\",\"fields\":{\"client\":[\"129\"]}},\"137\":{\"type\":\"clientLogo\",\"enabled\":\"1\",\"fields\":{\"client\":[\"122\"]}},\"138\":{\"type\":\"clientLogo\",\"enabled\":\"1\",\"fields\":{\"client\":[\"125\"]}},\"139\":{\"type\":\"clientLogo\",\"enabled\":\"1\",\"fields\":{\"client\":[\"126\"]}},\"140\":{\"type\":\"clientLogo\",\"enabled\":\"1\",\"fields\":{\"client\":[\"123\"]}},\"141\":{\"type\":\"clientLogo\",\"enabled\":\"1\",\"fields\":{\"client\":[\"118\"]}},\"142\":{\"type\":\"clientLogo\",\"enabled\":\"1\",\"fields\":{\"client\":[\"145\"]}},\"143\":{\"type\":\"clientLogo\",\"enabled\":\"1\",\"fields\":{\"client\":[\"124\"]}},\"144\":{\"type\":\"clientLogo\",\"enabled\":\"1\",\"fields\":{\"client\":[\"130\"]}},\"253\":{\"type\":\"clientLogo\",\"enabled\":\"1\",\"fields\":{\"client\":[\"117\"]}},\"254\":{\"type\":\"clientLogo\",\"enabled\":\"1\",\"fields\":{\"client\":[\"120\"]}},\"255\":{\"type\":\"clientLogo\",\"enabled\":\"1\",\"fields\":{\"client\":[\"128\"]}},\"256\":{\"type\":\"clientLogo\",\"enabled\":\"1\",\"fields\":{\"client\":[\"129\"]}},\"257\":{\"type\":\"clientLogo\",\"enabled\":\"1\",\"fields\":{\"client\":[\"121\"]}},\"258\":{\"type\":\"clientLogo\",\"enabled\":\"1\",\"fields\":{\"client\":[\"122\"]}},\"267\":{\"type\":\"clientLogo\",\"enabled\":\"1\",\"fields\":{\"client\":[\"145\"]}},\"268\":{\"type\":\"clientLogo\",\"enabled\":\"1\",\"fields\":{\"client\":[\"124\"]}},\"269\":{\"type\":\"clientLogo\",\"enabled\":\"1\",\"fields\":{\"client\":[\"125\"]}},\"270\":{\"type\":\"clientLogo\",\"enabled\":\"1\",\"fields\":{\"client\":[\"130\"]}},\"271\":{\"type\":\"clientLogo\",\"enabled\":\"1\",\"fields\":{\"client\":[\"118\"]}},\"272\":{\"type\":\"clientLogo\",\"enabled\":\"1\",\"fields\":{\"client\":[\"119\"]}},\"273\":{\"type\":\"clientLogo\",\"enabled\":\"1\",\"fields\":{\"client\":[\"121\"]}},\"274\":{\"type\":\"clientLogo\",\"enabled\":\"1\",\"fields\":{\"client\":[\"120\"]}}},\"6\":\"#e89308\",\"38\":[\"4\",\"77\",\"28\"],\"3\":[\"247\"],\"46\":{\"78\":{\"type\":\"offeredServices\",\"enabled\":\"1\",\"fields\":{\"serviceType\":\"Strategy\",\"service\":{\"79\":{\"type\":\"3\",\"fields\":{\"service\":\"Branding\"}},\"80\":{\"type\":\"3\",\"fields\":{\"service\":\"Content\"}},\"81\":{\"type\":\"3\",\"fields\":{\"service\":\"Social\"}},\"82\":{\"type\":\"3\",\"fields\":{\"service\":\"Digital\"}}}}},\"83\":{\"type\":\"offeredServices\",\"enabled\":\"1\",\"fields\":{\"serviceType\":\"Design\",\"service\":{\"84\":{\"type\":\"3\",\"fields\":{\"service\":\"Identity\"}},\"85\":{\"type\":\"3\",\"fields\":{\"service\":\"Style Guidelines\"}},\"86\":{\"type\":\"3\",\"fields\":{\"service\":\"Print\\/OOH\"}},\"87\":{\"type\":\"3\",\"fields\":{\"service\":\"UX\\/UI\"}}}}},\"88\":{\"type\":\"offeredServices\",\"enabled\":\"1\",\"fields\":{\"serviceType\":\"Content\",\"service\":{\"89\":{\"type\":\"3\",\"fields\":{\"service\":\"Film\\/Video\"}},\"90\":{\"type\":\"3\",\"fields\":{\"service\":\"Animation\"}},\"91\":{\"type\":\"3\",\"fields\":{\"service\":\"Product\\/Lifestyle Photography\"}},\"92\":{\"type\":\"3\",\"fields\":{\"service\":\"Copywriting\"}}}}}},\"40\":{\"93\":{\"type\":\"service\",\"enabled\":\"1\",\"fields\":{\"copyLineOne\":\"We believe that open-hearted collaboration allows us to be in the right place to tell the right story on the channels that matter most.\",\"copyLineTwo\":\"That a unique balance of hunger and humility enables our imagination to be boundless.\",\"copyLineThree\":\"Bold, honest, and always capable, our ideas empower brands to speak with creativity and heart.\",\"color\":\"#feae5a\"}}},\"57\":{\"275\":{\"type\":\"word\",\"enabled\":\"1\",\"fields\":{\"word\":\"creative\"}},\"276\":{\"type\":\"word\",\"enabled\":\"1\",\"fields\":{\"word\":\"strategy\"}},\"277\":{\"type\":\"word\",\"enabled\":\"1\",\"fields\":{\"word\":\"design\"}},\"278\":{\"type\":\"word\",\"enabled\":\"1\",\"fields\":{\"word\":\"digital\"}}},\"7\":[\"248\"]}}', '2017-09-18 00:43:54', '2017-09-18 00:43:54', '9481829e-20dc-4315-aa27-14dd0079dbd9'),
 ('147', '2', '1', '1', 'en_us', '56', '', '{\"typeId\":null,\"authorId\":null,\"title\":\"Welcome\",\"slug\":\"homepage\",\"postDate\":1502679916,\"expiryDate\":null,\"enabled\":1,\"parentId\":null,\"fields\":{\"51\":\"We\'ve worked with some of the best teams in the world, and are proud to call these clients our partners and friends\",\"52\":{\"131\":{\"type\":\"clientLogo\",\"enabled\":\"1\",\"fields\":{\"client\":[\"120\"]}},\"132\":{\"type\":\"clientLogo\",\"enabled\":\"1\",\"fields\":{\"client\":[\"117\"]}},\"133\":{\"type\":\"clientLogo\",\"enabled\":\"1\",\"fields\":{\"client\":[\"121\"]}},\"134\":{\"type\":\"clientLogo\",\"enabled\":\"1\",\"fields\":{\"client\":[\"128\"]}},\"135\":{\"type\":\"clientLogo\",\"enabled\":\"1\",\"fields\":{\"client\":[\"127\"]}},\"136\":{\"type\":\"clientLogo\",\"enabled\":\"1\",\"fields\":{\"client\":[\"129\"]}},\"137\":{\"type\":\"clientLogo\",\"enabled\":\"1\",\"fields\":{\"client\":[\"122\"]}},\"138\":{\"type\":\"clientLogo\",\"enabled\":\"1\",\"fields\":{\"client\":[\"125\"]}},\"139\":{\"type\":\"clientLogo\",\"enabled\":\"1\",\"fields\":{\"client\":[\"126\"]}},\"140\":{\"type\":\"clientLogo\",\"enabled\":\"1\",\"fields\":{\"client\":[\"123\"]}},\"141\":{\"type\":\"clientLogo\",\"enabled\":\"1\",\"fields\":{\"client\":[\"118\"]}},\"142\":{\"type\":\"clientLogo\",\"enabled\":\"1\",\"fields\":{\"client\":[\"145\"]}},\"143\":{\"type\":\"clientLogo\",\"enabled\":\"1\",\"fields\":{\"client\":[\"124\"]}},\"144\":{\"type\":\"clientLogo\",\"enabled\":\"1\",\"fields\":{\"client\":[\"130\"]}},\"253\":{\"type\":\"clientLogo\",\"enabled\":\"1\",\"fields\":{\"client\":[\"117\"]}},\"254\":{\"type\":\"clientLogo\",\"enabled\":\"1\",\"fields\":{\"client\":[\"120\"]}},\"255\":{\"type\":\"clientLogo\",\"enabled\":\"1\",\"fields\":{\"client\":[\"128\"]}},\"256\":{\"type\":\"clientLogo\",\"enabled\":\"1\",\"fields\":{\"client\":[\"129\"]}},\"257\":{\"type\":\"clientLogo\",\"enabled\":\"1\",\"fields\":{\"client\":[\"121\"]}},\"258\":{\"type\":\"clientLogo\",\"enabled\":\"1\",\"fields\":{\"client\":[\"122\"]}},\"267\":{\"type\":\"clientLogo\",\"enabled\":\"1\",\"fields\":{\"client\":[\"145\"]}},\"268\":{\"type\":\"clientLogo\",\"enabled\":\"1\",\"fields\":{\"client\":[\"124\"]}},\"269\":{\"type\":\"clientLogo\",\"enabled\":\"1\",\"fields\":{\"client\":[\"125\"]}},\"270\":{\"type\":\"clientLogo\",\"enabled\":\"1\",\"fields\":{\"client\":[\"130\"]}},\"271\":{\"type\":\"clientLogo\",\"enabled\":\"1\",\"fields\":{\"client\":[\"118\"]}},\"272\":{\"type\":\"clientLogo\",\"enabled\":\"1\",\"fields\":{\"client\":[\"119\"]}},\"273\":{\"type\":\"clientLogo\",\"enabled\":\"1\",\"fields\":{\"client\":[\"121\"]}},\"274\":{\"type\":\"clientLogo\",\"enabled\":\"1\",\"fields\":{\"client\":[\"120\"]}}},\"6\":\"#e89308\",\"38\":[\"4\",\"77\",\"28\"],\"3\":[\"247\"],\"46\":{\"78\":{\"type\":\"offeredServices\",\"enabled\":\"1\",\"fields\":{\"serviceType\":\"Strategy\",\"service\":{\"79\":{\"type\":\"3\",\"fields\":{\"service\":\"Branding\"}},\"80\":{\"type\":\"3\",\"fields\":{\"service\":\"Content\"}},\"81\":{\"type\":\"3\",\"fields\":{\"service\":\"Social\"}},\"82\":{\"type\":\"3\",\"fields\":{\"service\":\"Digital\"}}}}},\"83\":{\"type\":\"offeredServices\",\"enabled\":\"1\",\"fields\":{\"serviceType\":\"Design\",\"service\":{\"84\":{\"type\":\"3\",\"fields\":{\"service\":\"Identity\"}},\"85\":{\"type\":\"3\",\"fields\":{\"service\":\"Style Guidelines\"}},\"86\":{\"type\":\"3\",\"fields\":{\"service\":\"Print\\/OOH\"}},\"87\":{\"type\":\"3\",\"fields\":{\"service\":\"UX\\/UI\"}}}}},\"88\":{\"type\":\"offeredServices\",\"enabled\":\"1\",\"fields\":{\"serviceType\":\"Content\",\"service\":{\"89\":{\"type\":\"3\",\"fields\":{\"service\":\"Film\\/Video\"}},\"90\":{\"type\":\"3\",\"fields\":{\"service\":\"Animation\"}},\"91\":{\"type\":\"3\",\"fields\":{\"service\":\"Product\\/Lifestyle Photography\"}},\"92\":{\"type\":\"3\",\"fields\":{\"service\":\"Copywriting\"}}}}}},\"40\":{\"93\":{\"type\":\"service\",\"enabled\":\"1\",\"fields\":{\"copyLineOne\":\"We believe that open-hearted collaboration allows us to be in the right place to tell the right story on the channels that matter most.\",\"copyLineTwo\":\"That a unique balance of hunger and humility enables our imagination to be boundless.\",\"copyLineThree\":\"Bold, honest, and always capable, our ideas empower brands to speak with creativity and heart.\",\"color\":\"#e89308\"}}},\"57\":{\"275\":{\"type\":\"word\",\"enabled\":\"1\",\"fields\":{\"word\":\"creative\"}},\"276\":{\"type\":\"word\",\"enabled\":\"1\",\"fields\":{\"word\":\"strategy\"}},\"277\":{\"type\":\"word\",\"enabled\":\"1\",\"fields\":{\"word\":\"design\"}},\"278\":{\"type\":\"word\",\"enabled\":\"1\",\"fields\":{\"word\":\"digital\"}}},\"7\":[\"248\"]}}', '2017-09-18 00:44:27', '2017-09-18 00:44:27', 'fb1a98be-1afc-4685-b480-7578ed317d4a'),
 ('148', '2', '1', '1', 'en_us', '57', '', '{\"typeId\":null,\"authorId\":null,\"title\":\"Welcome\",\"slug\":\"homepage\",\"postDate\":1502679916,\"expiryDate\":null,\"enabled\":1,\"parentId\":null,\"fields\":{\"51\":\"We\'ve worked with some of the best teams in the world, and are proud to call these clients our partners and friends\",\"52\":{\"131\":{\"type\":\"clientLogo\",\"enabled\":\"1\",\"fields\":{\"client\":[\"120\"]}},\"132\":{\"type\":\"clientLogo\",\"enabled\":\"1\",\"fields\":{\"client\":[\"117\"]}},\"133\":{\"type\":\"clientLogo\",\"enabled\":\"1\",\"fields\":{\"client\":[\"121\"]}},\"134\":{\"type\":\"clientLogo\",\"enabled\":\"1\",\"fields\":{\"client\":[\"128\"]}},\"135\":{\"type\":\"clientLogo\",\"enabled\":\"1\",\"fields\":{\"client\":[\"127\"]}},\"136\":{\"type\":\"clientLogo\",\"enabled\":\"1\",\"fields\":{\"client\":[\"129\"]}},\"137\":{\"type\":\"clientLogo\",\"enabled\":\"1\",\"fields\":{\"client\":[\"122\"]}},\"138\":{\"type\":\"clientLogo\",\"enabled\":\"1\",\"fields\":{\"client\":[\"125\"]}},\"139\":{\"type\":\"clientLogo\",\"enabled\":\"1\",\"fields\":{\"client\":[\"126\"]}},\"140\":{\"type\":\"clientLogo\",\"enabled\":\"1\",\"fields\":{\"client\":[\"123\"]}},\"141\":{\"type\":\"clientLogo\",\"enabled\":\"1\",\"fields\":{\"client\":[\"118\"]}},\"142\":{\"type\":\"clientLogo\",\"enabled\":\"1\",\"fields\":{\"client\":[\"145\"]}},\"143\":{\"type\":\"clientLogo\",\"enabled\":\"1\",\"fields\":{\"client\":[\"124\"]}},\"144\":{\"type\":\"clientLogo\",\"enabled\":\"1\",\"fields\":{\"client\":[\"130\"]}},\"253\":{\"type\":\"clientLogo\",\"enabled\":\"1\",\"fields\":{\"client\":[\"117\"]}},\"254\":{\"type\":\"clientLogo\",\"enabled\":\"1\",\"fields\":{\"client\":[\"120\"]}},\"255\":{\"type\":\"clientLogo\",\"enabled\":\"1\",\"fields\":{\"client\":[\"128\"]}},\"256\":{\"type\":\"clientLogo\",\"enabled\":\"1\",\"fields\":{\"client\":[\"129\"]}},\"257\":{\"type\":\"clientLogo\",\"enabled\":\"1\",\"fields\":{\"client\":[\"121\"]}},\"258\":{\"type\":\"clientLogo\",\"enabled\":\"1\",\"fields\":{\"client\":[\"122\"]}},\"267\":{\"type\":\"clientLogo\",\"enabled\":\"1\",\"fields\":{\"client\":[\"145\"]}},\"268\":{\"type\":\"clientLogo\",\"enabled\":\"1\",\"fields\":{\"client\":[\"124\"]}},\"269\":{\"type\":\"clientLogo\",\"enabled\":\"1\",\"fields\":{\"client\":[\"125\"]}},\"270\":{\"type\":\"clientLogo\",\"enabled\":\"1\",\"fields\":{\"client\":[\"130\"]}},\"271\":{\"type\":\"clientLogo\",\"enabled\":\"1\",\"fields\":{\"client\":[\"118\"]}},\"272\":{\"type\":\"clientLogo\",\"enabled\":\"1\",\"fields\":{\"client\":[\"119\"]}},\"273\":{\"type\":\"clientLogo\",\"enabled\":\"1\",\"fields\":{\"client\":[\"121\"]}},\"274\":{\"type\":\"clientLogo\",\"enabled\":\"1\",\"fields\":{\"client\":[\"120\"]}}},\"6\":\"#e8930a\",\"38\":[\"4\",\"77\",\"28\"],\"3\":[\"247\"],\"46\":{\"78\":{\"type\":\"offeredServices\",\"enabled\":\"1\",\"fields\":{\"serviceType\":\"Strategy\",\"service\":{\"79\":{\"type\":\"3\",\"fields\":{\"service\":\"Branding\"}},\"80\":{\"type\":\"3\",\"fields\":{\"service\":\"Content\"}},\"81\":{\"type\":\"3\",\"fields\":{\"service\":\"Social\"}},\"82\":{\"type\":\"3\",\"fields\":{\"service\":\"Digital\"}}}}},\"83\":{\"type\":\"offeredServices\",\"enabled\":\"1\",\"fields\":{\"serviceType\":\"Design\",\"service\":{\"84\":{\"type\":\"3\",\"fields\":{\"service\":\"Identity\"}},\"85\":{\"type\":\"3\",\"fields\":{\"service\":\"Style Guidelines\"}},\"86\":{\"type\":\"3\",\"fields\":{\"service\":\"Print\\/OOH\"}},\"87\":{\"type\":\"3\",\"fields\":{\"service\":\"UX\\/UI\"}}}}},\"88\":{\"type\":\"offeredServices\",\"enabled\":\"1\",\"fields\":{\"serviceType\":\"Content\",\"service\":{\"89\":{\"type\":\"3\",\"fields\":{\"service\":\"Film\\/Video\"}},\"90\":{\"type\":\"3\",\"fields\":{\"service\":\"Animation\"}},\"91\":{\"type\":\"3\",\"fields\":{\"service\":\"Product\\/Lifestyle Photography\"}},\"92\":{\"type\":\"3\",\"fields\":{\"service\":\"Copywriting\"}}}}}},\"40\":{\"93\":{\"type\":\"service\",\"enabled\":\"1\",\"fields\":{\"copyLineOne\":\"We believe that open-hearted collaboration allows us to be in the right place to tell the right story on the channels that matter most.\",\"copyLineTwo\":\"That a unique balance of hunger and humility enables our imagination to be boundless.\",\"copyLineThree\":\"Bold, honest, and always capable, our ideas empower brands to speak with creativity and heart.\",\"color\":\"#fdd279\"}}},\"57\":{\"275\":{\"type\":\"word\",\"enabled\":\"1\",\"fields\":{\"word\":\"creative\"}},\"276\":{\"type\":\"word\",\"enabled\":\"1\",\"fields\":{\"word\":\"strategy\"}},\"277\":{\"type\":\"word\",\"enabled\":\"1\",\"fields\":{\"word\":\"design\"}},\"278\":{\"type\":\"word\",\"enabled\":\"1\",\"fields\":{\"word\":\"digital\"}}},\"7\":[\"248\"]}}', '2017-09-18 00:46:08', '2017-09-18 00:46:08', '7a49a7ab-e187-4d3b-8b09-4b6931167041'),
 ('149', '2', '1', '1', 'en_us', '58', '', '{\"typeId\":null,\"authorId\":null,\"title\":\"Welcome\",\"slug\":\"homepage\",\"postDate\":1502679916,\"expiryDate\":null,\"enabled\":1,\"parentId\":null,\"fields\":{\"51\":\"We\'ve worked with some of the best teams in the world, and are proud to call these clients our partners and friends\",\"52\":{\"131\":{\"type\":\"clientLogo\",\"enabled\":\"1\",\"fields\":{\"client\":[\"120\"]}},\"132\":{\"type\":\"clientLogo\",\"enabled\":\"1\",\"fields\":{\"client\":[\"117\"]}},\"133\":{\"type\":\"clientLogo\",\"enabled\":\"1\",\"fields\":{\"client\":[\"121\"]}},\"134\":{\"type\":\"clientLogo\",\"enabled\":\"1\",\"fields\":{\"client\":[\"128\"]}},\"135\":{\"type\":\"clientLogo\",\"enabled\":\"1\",\"fields\":{\"client\":[\"127\"]}},\"136\":{\"type\":\"clientLogo\",\"enabled\":\"1\",\"fields\":{\"client\":[\"129\"]}},\"137\":{\"type\":\"clientLogo\",\"enabled\":\"1\",\"fields\":{\"client\":[\"122\"]}},\"138\":{\"type\":\"clientLogo\",\"enabled\":\"1\",\"fields\":{\"client\":[\"125\"]}},\"139\":{\"type\":\"clientLogo\",\"enabled\":\"1\",\"fields\":{\"client\":[\"126\"]}},\"140\":{\"type\":\"clientLogo\",\"enabled\":\"1\",\"fields\":{\"client\":[\"123\"]}},\"141\":{\"type\":\"clientLogo\",\"enabled\":\"1\",\"fields\":{\"client\":[\"118\"]}},\"142\":{\"type\":\"clientLogo\",\"enabled\":\"1\",\"fields\":{\"client\":[\"145\"]}},\"143\":{\"type\":\"clientLogo\",\"enabled\":\"1\",\"fields\":{\"client\":[\"124\"]}},\"144\":{\"type\":\"clientLogo\",\"enabled\":\"1\",\"fields\":{\"client\":[\"130\"]}},\"253\":{\"type\":\"clientLogo\",\"enabled\":\"1\",\"fields\":{\"client\":[\"117\"]}},\"254\":{\"type\":\"clientLogo\",\"enabled\":\"1\",\"fields\":{\"client\":[\"120\"]}},\"255\":{\"type\":\"clientLogo\",\"enabled\":\"1\",\"fields\":{\"client\":[\"128\"]}},\"256\":{\"type\":\"clientLogo\",\"enabled\":\"1\",\"fields\":{\"client\":[\"129\"]}},\"257\":{\"type\":\"clientLogo\",\"enabled\":\"1\",\"fields\":{\"client\":[\"121\"]}},\"258\":{\"type\":\"clientLogo\",\"enabled\":\"1\",\"fields\":{\"client\":[\"122\"]}},\"267\":{\"type\":\"clientLogo\",\"enabled\":\"1\",\"fields\":{\"client\":[\"145\"]}},\"268\":{\"type\":\"clientLogo\",\"enabled\":\"1\",\"fields\":{\"client\":[\"124\"]}},\"269\":{\"type\":\"clientLogo\",\"enabled\":\"1\",\"fields\":{\"client\":[\"125\"]}},\"270\":{\"type\":\"clientLogo\",\"enabled\":\"1\",\"fields\":{\"client\":[\"130\"]}},\"271\":{\"type\":\"clientLogo\",\"enabled\":\"1\",\"fields\":{\"client\":[\"118\"]}},\"272\":{\"type\":\"clientLogo\",\"enabled\":\"1\",\"fields\":{\"client\":[\"119\"]}},\"273\":{\"type\":\"clientLogo\",\"enabled\":\"1\",\"fields\":{\"client\":[\"121\"]}},\"274\":{\"type\":\"clientLogo\",\"enabled\":\"1\",\"fields\":{\"client\":[\"120\"]}}},\"6\":\"#e8930a\",\"38\":[\"4\",\"77\",\"28\"],\"3\":[\"247\"],\"46\":{\"78\":{\"type\":\"offeredServices\",\"enabled\":\"1\",\"fields\":{\"serviceType\":\"Strategy\",\"service\":{\"79\":{\"type\":\"3\",\"fields\":{\"service\":\"Branding\"}},\"80\":{\"type\":\"3\",\"fields\":{\"service\":\"Content\"}},\"81\":{\"type\":\"3\",\"fields\":{\"service\":\"Social\"}},\"82\":{\"type\":\"3\",\"fields\":{\"service\":\"Digital\"}}}}},\"83\":{\"type\":\"offeredServices\",\"enabled\":\"1\",\"fields\":{\"serviceType\":\"Design\",\"service\":{\"84\":{\"type\":\"3\",\"fields\":{\"service\":\"Identity\"}},\"85\":{\"type\":\"3\",\"fields\":{\"service\":\"Style Guidelines\"}},\"86\":{\"type\":\"3\",\"fields\":{\"service\":\"Print\\/OOH\"}},\"87\":{\"type\":\"3\",\"fields\":{\"service\":\"UX\\/UI\"}}}}},\"88\":{\"type\":\"offeredServices\",\"enabled\":\"1\",\"fields\":{\"serviceType\":\"Content\",\"service\":{\"89\":{\"type\":\"3\",\"fields\":{\"service\":\"Film\\/Video\"}},\"90\":{\"type\":\"3\",\"fields\":{\"service\":\"Animation\"}},\"91\":{\"type\":\"3\",\"fields\":{\"service\":\"Product\\/Lifestyle Photography\"}},\"92\":{\"type\":\"3\",\"fields\":{\"service\":\"Copywriting\"}}}}}},\"40\":{\"93\":{\"type\":\"service\",\"enabled\":\"1\",\"fields\":{\"copyLineOne\":\"We believe that open-hearted collaboration allows us to be in the right place to tell the right story on the channels that matter most.\",\"copyLineTwo\":\"That a unique balance of hunger and humility enables our imagination to be boundless.\",\"copyLineThree\":\"Bold, honest, and always capable, our ideas empower brands to speak with creativity and heart.\",\"color\":\"#feae5a\"}}},\"57\":{\"275\":{\"type\":\"word\",\"enabled\":\"1\",\"fields\":{\"word\":\"creative\"}},\"276\":{\"type\":\"word\",\"enabled\":\"1\",\"fields\":{\"word\":\"strategy\"}},\"277\":{\"type\":\"word\",\"enabled\":\"1\",\"fields\":{\"word\":\"design\"}},\"278\":{\"type\":\"word\",\"enabled\":\"1\",\"fields\":{\"word\":\"digital\"}}},\"7\":[\"248\"]}}', '2017-09-18 00:46:38', '2017-09-18 00:46:38', '68a0f42c-2289-4d74-980a-5793939bf527'),
 ('150', '2', '1', '1', 'en_us', '59', '', '{\"typeId\":null,\"authorId\":null,\"title\":\"Welcome\",\"slug\":\"homepage\",\"postDate\":1502679916,\"expiryDate\":null,\"enabled\":1,\"parentId\":null,\"fields\":{\"51\":\"We\'ve worked with some of the best teams in the world, and are proud to call these clients our partners and friends\",\"52\":{\"131\":{\"type\":\"clientLogo\",\"enabled\":\"1\",\"fields\":{\"client\":[\"120\"]}},\"132\":{\"type\":\"clientLogo\",\"enabled\":\"1\",\"fields\":{\"client\":[\"117\"]}},\"133\":{\"type\":\"clientLogo\",\"enabled\":\"1\",\"fields\":{\"client\":[\"121\"]}},\"134\":{\"type\":\"clientLogo\",\"enabled\":\"1\",\"fields\":{\"client\":[\"128\"]}},\"135\":{\"type\":\"clientLogo\",\"enabled\":\"1\",\"fields\":{\"client\":[\"127\"]}},\"136\":{\"type\":\"clientLogo\",\"enabled\":\"1\",\"fields\":{\"client\":[\"129\"]}},\"137\":{\"type\":\"clientLogo\",\"enabled\":\"1\",\"fields\":{\"client\":[\"122\"]}},\"138\":{\"type\":\"clientLogo\",\"enabled\":\"1\",\"fields\":{\"client\":[\"125\"]}},\"139\":{\"type\":\"clientLogo\",\"enabled\":\"1\",\"fields\":{\"client\":[\"126\"]}},\"140\":{\"type\":\"clientLogo\",\"enabled\":\"1\",\"fields\":{\"client\":[\"123\"]}},\"141\":{\"type\":\"clientLogo\",\"enabled\":\"1\",\"fields\":{\"client\":[\"118\"]}},\"142\":{\"type\":\"clientLogo\",\"enabled\":\"1\",\"fields\":{\"client\":[\"145\"]}},\"143\":{\"type\":\"clientLogo\",\"enabled\":\"1\",\"fields\":{\"client\":[\"124\"]}},\"144\":{\"type\":\"clientLogo\",\"enabled\":\"1\",\"fields\":{\"client\":[\"130\"]}},\"253\":{\"type\":\"clientLogo\",\"enabled\":\"1\",\"fields\":{\"client\":[\"117\"]}},\"254\":{\"type\":\"clientLogo\",\"enabled\":\"1\",\"fields\":{\"client\":[\"120\"]}},\"255\":{\"type\":\"clientLogo\",\"enabled\":\"1\",\"fields\":{\"client\":[\"128\"]}},\"256\":{\"type\":\"clientLogo\",\"enabled\":\"1\",\"fields\":{\"client\":[\"129\"]}},\"257\":{\"type\":\"clientLogo\",\"enabled\":\"1\",\"fields\":{\"client\":[\"121\"]}},\"258\":{\"type\":\"clientLogo\",\"enabled\":\"1\",\"fields\":{\"client\":[\"122\"]}},\"267\":{\"type\":\"clientLogo\",\"enabled\":\"1\",\"fields\":{\"client\":[\"145\"]}},\"268\":{\"type\":\"clientLogo\",\"enabled\":\"1\",\"fields\":{\"client\":[\"124\"]}},\"269\":{\"type\":\"clientLogo\",\"enabled\":\"1\",\"fields\":{\"client\":[\"125\"]}},\"270\":{\"type\":\"clientLogo\",\"enabled\":\"1\",\"fields\":{\"client\":[\"130\"]}},\"271\":{\"type\":\"clientLogo\",\"enabled\":\"1\",\"fields\":{\"client\":[\"118\"]}},\"272\":{\"type\":\"clientLogo\",\"enabled\":\"1\",\"fields\":{\"client\":[\"119\"]}},\"273\":{\"type\":\"clientLogo\",\"enabled\":\"1\",\"fields\":{\"client\":[\"121\"]}},\"274\":{\"type\":\"clientLogo\",\"enabled\":\"1\",\"fields\":{\"client\":[\"120\"]}}},\"6\":\"#e8930a\",\"38\":[\"4\",\"77\",\"28\"],\"3\":[\"247\"],\"59\":\"#f62944\",\"60\":\"#feae5a\",\"46\":{\"78\":{\"type\":\"offeredServices\",\"enabled\":\"1\",\"fields\":{\"serviceType\":\"Strategy\",\"service\":{\"79\":{\"type\":\"3\",\"fields\":{\"service\":\"Branding\"}},\"80\":{\"type\":\"3\",\"fields\":{\"service\":\"Content\"}},\"81\":{\"type\":\"3\",\"fields\":{\"service\":\"Social\"}},\"82\":{\"type\":\"3\",\"fields\":{\"service\":\"Digital\"}}}}},\"83\":{\"type\":\"offeredServices\",\"enabled\":\"1\",\"fields\":{\"serviceType\":\"Design\",\"service\":{\"84\":{\"type\":\"3\",\"fields\":{\"service\":\"Identity\"}},\"85\":{\"type\":\"3\",\"fields\":{\"service\":\"Style Guidelines\"}},\"86\":{\"type\":\"3\",\"fields\":{\"service\":\"Print\\/OOH\"}},\"87\":{\"type\":\"3\",\"fields\":{\"service\":\"UX\\/UI\"}}}}},\"88\":{\"type\":\"offeredServices\",\"enabled\":\"1\",\"fields\":{\"serviceType\":\"Content\",\"service\":{\"89\":{\"type\":\"3\",\"fields\":{\"service\":\"Film\\/Video\"}},\"90\":{\"type\":\"3\",\"fields\":{\"service\":\"Animation\"}},\"91\":{\"type\":\"3\",\"fields\":{\"service\":\"Product\\/Lifestyle Photography\"}},\"92\":{\"type\":\"3\",\"fields\":{\"service\":\"Copywriting\"}}}}}},\"40\":{\"93\":{\"type\":\"service\",\"enabled\":\"1\",\"fields\":{\"copyLineOne\":\"We believe that open-hearted collaboration allows us to be in the right place to tell the right story on the channels that matter most.\",\"copyLineTwo\":\"That a unique balance of hunger and humility enables our imagination to be boundless.\",\"copyLineThree\":\"Bold, honest, and always capable, our ideas empower brands to speak with creativity and heart.\",\"color\":\"#feae5a\"}}},\"57\":{\"275\":{\"type\":\"word\",\"enabled\":\"1\",\"fields\":{\"word\":\"creative\"}},\"276\":{\"type\":\"word\",\"enabled\":\"1\",\"fields\":{\"word\":\"strategy\"}},\"277\":{\"type\":\"word\",\"enabled\":\"1\",\"fields\":{\"word\":\"design\"}},\"278\":{\"type\":\"word\",\"enabled\":\"1\",\"fields\":{\"word\":\"digital\"}}},\"7\":[\"248\"]}}', '2017-09-20 01:02:51', '2017-09-20 01:02:51', '17ba1eda-9f1c-46eb-be94-ccb9f9374889'),
 ('151', '2', '1', '1', 'en_us', '60', '', '{\"typeId\":null,\"authorId\":null,\"title\":\"Welcome\",\"slug\":\"homepage\",\"postDate\":1502679916,\"expiryDate\":null,\"enabled\":1,\"parentId\":null,\"fields\":{\"51\":\"We\'ve worked with some of the best teams in the world, and are proud to call these clients our partners and friends\",\"52\":{\"131\":{\"type\":\"clientLogo\",\"enabled\":\"1\",\"fields\":{\"client\":[\"120\"]}},\"132\":{\"type\":\"clientLogo\",\"enabled\":\"1\",\"fields\":{\"client\":[\"117\"]}},\"133\":{\"type\":\"clientLogo\",\"enabled\":\"1\",\"fields\":{\"client\":[\"121\"]}},\"134\":{\"type\":\"clientLogo\",\"enabled\":\"1\",\"fields\":{\"client\":[\"128\"]}},\"135\":{\"type\":\"clientLogo\",\"enabled\":\"1\",\"fields\":{\"client\":[\"127\"]}},\"136\":{\"type\":\"clientLogo\",\"enabled\":\"1\",\"fields\":{\"client\":[\"129\"]}},\"137\":{\"type\":\"clientLogo\",\"enabled\":\"1\",\"fields\":{\"client\":[\"122\"]}},\"138\":{\"type\":\"clientLogo\",\"enabled\":\"1\",\"fields\":{\"client\":[\"125\"]}},\"139\":{\"type\":\"clientLogo\",\"enabled\":\"1\",\"fields\":{\"client\":[\"126\"]}},\"140\":{\"type\":\"clientLogo\",\"enabled\":\"1\",\"fields\":{\"client\":[\"123\"]}},\"141\":{\"type\":\"clientLogo\",\"enabled\":\"1\",\"fields\":{\"client\":[\"118\"]}},\"142\":{\"type\":\"clientLogo\",\"enabled\":\"1\",\"fields\":{\"client\":[\"145\"]}},\"143\":{\"type\":\"clientLogo\",\"enabled\":\"1\",\"fields\":{\"client\":[\"124\"]}},\"144\":{\"type\":\"clientLogo\",\"enabled\":\"1\",\"fields\":{\"client\":[\"130\"]}},\"253\":{\"type\":\"clientLogo\",\"enabled\":\"1\",\"fields\":{\"client\":[\"117\"]}},\"254\":{\"type\":\"clientLogo\",\"enabled\":\"1\",\"fields\":{\"client\":[\"120\"]}},\"255\":{\"type\":\"clientLogo\",\"enabled\":\"1\",\"fields\":{\"client\":[\"128\"]}},\"256\":{\"type\":\"clientLogo\",\"enabled\":\"1\",\"fields\":{\"client\":[\"129\"]}},\"257\":{\"type\":\"clientLogo\",\"enabled\":\"1\",\"fields\":{\"client\":[\"121\"]}},\"258\":{\"type\":\"clientLogo\",\"enabled\":\"1\",\"fields\":{\"client\":[\"122\"]}},\"267\":{\"type\":\"clientLogo\",\"enabled\":\"1\",\"fields\":{\"client\":[\"145\"]}},\"268\":{\"type\":\"clientLogo\",\"enabled\":\"1\",\"fields\":{\"client\":[\"124\"]}},\"269\":{\"type\":\"clientLogo\",\"enabled\":\"1\",\"fields\":{\"client\":[\"125\"]}},\"270\":{\"type\":\"clientLogo\",\"enabled\":\"1\",\"fields\":{\"client\":[\"130\"]}},\"271\":{\"type\":\"clientLogo\",\"enabled\":\"1\",\"fields\":{\"client\":[\"118\"]}},\"272\":{\"type\":\"clientLogo\",\"enabled\":\"1\",\"fields\":{\"client\":[\"119\"]}},\"273\":{\"type\":\"clientLogo\",\"enabled\":\"1\",\"fields\":{\"client\":[\"121\"]}},\"274\":{\"type\":\"clientLogo\",\"enabled\":\"1\",\"fields\":{\"client\":[\"120\"]}}},\"6\":\"#e8930a\",\"38\":[\"4\",\"77\",\"28\"],\"3\":[\"247\"],\"59\":\"#f62944\",\"60\":\"#feae5a\",\"46\":{\"78\":{\"type\":\"offeredServices\",\"enabled\":\"1\",\"fields\":{\"serviceType\":\"Strategy\",\"service\":{\"79\":{\"type\":\"3\",\"fields\":{\"service\":\"Branding\"}},\"80\":{\"type\":\"3\",\"fields\":{\"service\":\"Content\"}},\"81\":{\"type\":\"3\",\"fields\":{\"service\":\"Social\"}},\"82\":{\"type\":\"3\",\"fields\":{\"service\":\"Digital\"}}}}},\"83\":{\"type\":\"offeredServices\",\"enabled\":\"1\",\"fields\":{\"serviceType\":\"Design\",\"service\":{\"84\":{\"type\":\"3\",\"fields\":{\"service\":\"Identity\"}},\"85\":{\"type\":\"3\",\"fields\":{\"service\":\"Style Guidelines\"}},\"86\":{\"type\":\"3\",\"fields\":{\"service\":\"Print\\/OOH\"}},\"87\":{\"type\":\"3\",\"fields\":{\"service\":\"UX\\/UI\"}}}}},\"88\":{\"type\":\"offeredServices\",\"enabled\":\"1\",\"fields\":{\"serviceType\":\"Content\",\"service\":{\"89\":{\"type\":\"3\",\"fields\":{\"service\":\"Film\\/Video\"}},\"90\":{\"type\":\"3\",\"fields\":{\"service\":\"Animation\"}},\"91\":{\"type\":\"3\",\"fields\":{\"service\":\"Product\\/Lifestyle Photography\"}},\"92\":{\"type\":\"3\",\"fields\":{\"service\":\"Copywriting\"}}}}}},\"40\":{\"93\":{\"type\":\"service\",\"enabled\":\"1\",\"fields\":{\"copyLineOne\":\"We believe that open-hearted collaboration allows us to be in the right place to tell the right story on the channels that matter most.\",\"copyLineTwo\":\"That a unique balance of hunger and humility enables our imagination to be boundless.\",\"copyLineThree\":\"Bold, honest, and always capable, our ideas empower brands to speak with creativity and heart.\",\"color\":\"#feae5a\",\"servicesImage\":[\"199\"]}}},\"57\":{\"275\":{\"type\":\"word\",\"enabled\":\"1\",\"fields\":{\"word\":\"creative\"}},\"276\":{\"type\":\"word\",\"enabled\":\"1\",\"fields\":{\"word\":\"strategy\"}},\"277\":{\"type\":\"word\",\"enabled\":\"1\",\"fields\":{\"word\":\"design\"}},\"278\":{\"type\":\"word\",\"enabled\":\"1\",\"fields\":{\"word\":\"digital\"}}},\"7\":[\"248\"]}}', '2017-09-21 23:51:30', '2017-09-21 23:51:30', '901951d7-82f2-4102-b5b3-1bec3cebc98d'),
 ('152', '4', '2', '75', 'en_us', '35', '', '{\"typeId\":\"2\",\"authorId\":\"1\",\"title\":\"Airbnb\",\"slug\":\"airbnb\",\"postDate\":1502508000,\"expiryDate\":null,\"enabled\":1,\"parentId\":null,\"fields\":{\"6\":\"#f62944\",\"4\":\"<p><strong>The campaign that <em>\\u201c<\\/em><em>brought the house down<\\/em><em>\\u201d<\\/em>&nbsp;at <a href=\\\"http:\\/\\/bokeh.agency\\/projects\\/airbnb#entry:4:url\\\">Airbnb<\\/a>.<\\/strong><\\/p>\",\"8\":\"center\",\"3\":[\"222\"],\"5\":\"sss\",\"10\":{\"146\":{\"type\":\"quote\",\"enabled\":\"1\",\"fields\":{\"quote\":\"\\u201cThis film brought the house down. I cannot imagine now having done this without it.\\u201d\",\"avatar\":\"\",\"personsName\":\"Brian Chesky\",\"jobTitle\":\"CEO of Airbnb\",\"shapeBackground\":[\"show\"]}},\"147\":{\"type\":\"text\",\"enabled\":\"1\",\"fields\":{\"copy\":\"<h2>Mission:<\\/h2>\\r\\n<p>On November 17, 2016, Airbnb announced the largest product expansion in its history. Just five weeks earlier, Bokeh was asked to join its sprint to the finish line.<\\/p>\\r\\n<p>Working alongside engineering, brand, product marketing, art, and C-level teams, we developed a myriad of content to educate users on new features, advertise and build awareness on social media, and, ultimately, to introduce the world to Airbnb Trips on-stage at Airbnb Open in Los Angeles.<\\/p>\"}},\"153\":{\"type\":\"video\",\"enabled\":\"1\",\"fields\":{\"videoUrl\":\"https:\\/\\/vimeo.com\\/193175968\",\"caption\":\"Welcome to the World of Trips | Aired During Airbnb Open 2016 Keynote\"}},\"251\":{\"type\":\"text\",\"enabled\":\"1\",\"fields\":{\"copy\":\"<h2>Services<\\/h2>\\r\\n<ul><li>Concept<\\/li><li>Branding Animation<\\/li><li>Film\\/Video<\\/li><li>Animation<\\/li><li>Digital Ads<\\/li><li>Social Ads<\\/li><\\/ul>\\r\\n<h2>Deliverables<\\/h2>\\r\\n<ul><li>16 animated and live-action functional films<\\/li><li>Airbnb Trips Reveal and Future of Homes film<\\/li><li>4 15-second digital ads<\\/li><li>New Airbnb animated logo<\\/li><\\/ul>\"}},\"178\":{\"type\":\"video\",\"enabled\":\"1\",\"fields\":{\"videoUrl\":\"https:\\/\\/vimeo.com\\/231786676\",\"caption\":\"Airbnb motion logo\"}},\"155\":{\"type\":\"text\",\"enabled\":\"1\",\"fields\":{\"copy\":\"<p><strong>Let\\u2019s get functional<\\/strong><\\/p>\\r\\n<p>We started by developing eight animated and live-action product marketing videos to introduce users to key features built into the new Airbnb app. Each video needed to be playable in both landscape and portrait mode. Double the work&hellip; double the fun.<\\/p>\"}},\"157\":{\"type\":\"videoCarousel\",\"enabled\":\"1\",\"fields\":{\"video\":{\"158\":{\"type\":\"1\",\"fields\":{\"video\":\"https:\\/\\/vimeo.com\\/193177317\",\"caption\":\"Introducing Experiences\"}},\"159\":{\"type\":\"1\",\"fields\":{\"video\":\"https:\\/\\/vimeo.com\\/193177901\",\"caption\":\"Introducing Itinerary\"}},\"160\":{\"type\":\"1\",\"fields\":{\"video\":\"https:\\/\\/vimeo.com\\/193177150\",\"caption\":\"Introducing Co-hosting\"}},\"161\":{\"type\":\"1\",\"fields\":{\"video\":\"https:\\/\\/vimeo.com\\/193177011\",\"caption\":\"Introducing Social Impact Experiences\"}}}}},\"162\":{\"type\":\"text\",\"enabled\":\"1\",\"fields\":{\"copy\":\"<p><strong>Our <\\/strong><strong><em>Argo<\\/em><\\/strong><strong> moment<\\/strong><br><\\/p>\\r\\n<p>Meanwhile, Bokeh\\u2019s CEO, David, went undercover with an exuberant crew of filmmakers to old Havana, Cuba. With no time to obtain permits, we developed alibis to explain the excessive amount of camera gear. We got the greenlight thanks to some quick thinking and charming Spanglish. <\\/p>\"}},\"163\":{\"type\":\"video\",\"enabled\":\"1\",\"fields\":{\"videoUrl\":\"https:\\/\\/vimeo.com\\/193176889\",\"caption\":\"Staying Connected in Cuba\"}},\"252\":{\"type\":\"twoUpImages\",\"enabled\":\"1\",\"fields\":{\"firstImage\":[\"29\"],\"secondImage\":[\"203\"]}},\"164\":{\"type\":\"threeUpImages\",\"enabled\":\"1\",\"fields\":{\"firstImage\":[\"152\"],\"secondImage\":[\"21\"],\"thirdImage\":[\"72\"]}},\"165\":{\"type\":\"text\",\"enabled\":\"1\",\"fields\":{\"copy\":\"<p><strong>In the clutch<\\/strong><br><\\/p>\\r\\n<p>Two days before the Airbnb Open, Brian needed a Hail Mary. He asked Bokeh to develop two more product videos for his keynote presentation, including the anthem piece that would be used to officially announce the launch of Airbnb Trips.<\\/p>\"}},\"166\":{\"type\":\"video\",\"enabled\":\"1\",\"fields\":{\"videoUrl\":\"https:\\/\\/vimeo.com\\/193184792\",\"caption\":\"Airbnb Collections Teaser | Aired During AO 2016 Keynote\"}},\"167\":{\"type\":\"videoCarousel\",\"enabled\":\"1\",\"fields\":{\"video\":{\"168\":{\"type\":\"1\",\"fields\":{\"video\":\"https:\\/\\/vimeo.com\\/194444259\",\"caption\":\"Burlesque\"}},\"169\":{\"type\":\"1\",\"fields\":{\"video\":\"https:\\/\\/vimeo.com\\/193185940\",\"caption\":\"Samurai\"}},\"170\":{\"type\":\"1\",\"fields\":{\"video\":\"https:\\/\\/vimeo.com\\/193185835\",\"caption\":\"Runner\"}},\"171\":{\"type\":\"1\",\"fields\":{\"video\":\"https:\\/\\/vimeo.com\\/193186104\",\"caption\":\"Scenester\"}}}}},\"221\":{\"type\":\"quote\",\"enabled\":\"1\",\"fields\":{\"quote\":\"\\u201cThis film brought the house down. I cannot imagine now having done this without it.\\u201d\",\"avatar\":\"\",\"personsName\":\"\",\"jobTitle\":\"\",\"shapeBackground\":\"\"}},\"180\":{\"type\":\"fiveUpImages\",\"enabled\":\"1\",\"fields\":{\"firstImage\":[\"199\"],\"secondImage\":[\"203\"],\"thirdImage\":[\"29\"],\"fourthImage\":[\"76\"],\"fifthImage\":[\"210\"]}},\"181\":{\"type\":\"fullWidthImage\",\"enabled\":\"1\",\"fields\":{\"image\":[\"177\"],\"caption\":\"\"}},\"179\":{\"type\":\"text\",\"enabled\":\"1\",\"fields\":{\"copy\":\"<p><strong>The payoff<\\/strong><\\/p>\\r\\n<p>The assets were leveraged across a variety of channels from Airbnb Open to product landing pages, social and YouTube, email newsletters, and paid media. The functional videos amassed over <strong>11 million views in less than three weeks<\\/strong>. On Airbnb product pages, the <strong>video click-through-rate reached as high as 15 percent<\\/strong>. <\\/p>\\r\\n<p>We received coverage in the <strong><em>NYTimes<\\/em><\\/strong><strong>, Adweek, <\\/strong><strong><em>Travel + Leisure<\\/em><\\/strong><strong>, TechCrunch, Mashable, <\\/strong><strong><em>The Telegraph<\\/em><\\/strong><strong>, and Fast Company.<\\/strong><\\/p>\"}}},\"2\":[\"96\"],\"9\":\"center\"}}', '2017-09-25 20:38:08', '2017-09-25 20:38:08', '27159021-a4e8-40b6-8e5a-f0ce03e91616'),
 ('153', '4', '2', '75', 'en_us', '36', '', '{\"typeId\":\"2\",\"authorId\":\"1\",\"title\":\"The campaign that \\u201cbrought the house down\\u201d at Airbnb.\",\"slug\":\"airbnb\",\"postDate\":1502508000,\"expiryDate\":null,\"enabled\":1,\"parentId\":null,\"fields\":{\"6\":\"#f62944\",\"4\":\"<p><strong>The campaign that <em>\\u201c<\\/em><em>brought the house down<\\/em><em>\\u201d<\\/em>&nbsp;at <a href=\\\"http:\\/\\/bokeh.agency\\/projects\\/airbnb#entry:4:url\\\">Airbnb<\\/a>.<\\/strong><\\/p>\",\"8\":\"center\",\"3\":[\"222\"],\"5\":\"sss\",\"10\":{\"146\":{\"type\":\"quote\",\"enabled\":\"1\",\"fields\":{\"quote\":\"\\u201cThis film brought the house down. I cannot imagine now having done this without it.\\u201d\",\"avatar\":\"\",\"personsName\":\"Brian Chesky\",\"jobTitle\":\"CEO of Airbnb\",\"shapeBackground\":[\"show\"]}},\"147\":{\"type\":\"text\",\"enabled\":\"1\",\"fields\":{\"copy\":\"<h2>Mission:<\\/h2>\\r\\n<p>On November 17, 2016, Airbnb announced the largest product expansion in its history. Just five weeks earlier, Bokeh was asked to join its sprint to the finish line.<\\/p>\\r\\n<p>Working alongside engineering, brand, product marketing, art, and C-level teams, we developed a myriad of content to educate users on new features, advertise and build awareness on social media, and, ultimately, to introduce the world to Airbnb Trips on-stage at Airbnb Open in Los Angeles.<\\/p>\"}},\"153\":{\"type\":\"video\",\"enabled\":\"1\",\"fields\":{\"videoUrl\":\"https:\\/\\/vimeo.com\\/193175968\",\"caption\":\"Welcome to the World of Trips | Aired During Airbnb Open 2016 Keynote\"}},\"251\":{\"type\":\"text\",\"enabled\":\"1\",\"fields\":{\"copy\":\"<h2>Services<\\/h2>\\r\\n<ul><li>Concept<\\/li><li>Branding Animation<\\/li><li>Film\\/Video<\\/li><li>Animation<\\/li><li>Digital Ads<\\/li><li>Social Ads<\\/li><\\/ul>\\r\\n<h2>Deliverables<\\/h2>\\r\\n<ul><li>16 animated and live-action functional films<\\/li><li>Airbnb Trips Reveal and Future of Homes film<\\/li><li>4 15-second digital ads<\\/li><li>New Airbnb animated logo<\\/li><\\/ul>\"}},\"178\":{\"type\":\"video\",\"enabled\":\"1\",\"fields\":{\"videoUrl\":\"https:\\/\\/vimeo.com\\/231786676\",\"caption\":\"Airbnb motion logo\"}},\"155\":{\"type\":\"text\",\"enabled\":\"1\",\"fields\":{\"copy\":\"<p><strong>Let\\u2019s get functional<\\/strong><\\/p>\\r\\n<p>We started by developing eight animated and live-action product marketing videos to introduce users to key features built into the new Airbnb app. Each video needed to be playable in both landscape and portrait mode. Double the work&hellip; double the fun.<\\/p>\"}},\"157\":{\"type\":\"videoCarousel\",\"enabled\":\"1\",\"fields\":{\"video\":{\"158\":{\"type\":\"1\",\"fields\":{\"video\":\"https:\\/\\/vimeo.com\\/193177317\",\"caption\":\"Introducing Experiences\"}},\"159\":{\"type\":\"1\",\"fields\":{\"video\":\"https:\\/\\/vimeo.com\\/193177901\",\"caption\":\"Introducing Itinerary\"}},\"160\":{\"type\":\"1\",\"fields\":{\"video\":\"https:\\/\\/vimeo.com\\/193177150\",\"caption\":\"Introducing Co-hosting\"}},\"161\":{\"type\":\"1\",\"fields\":{\"video\":\"https:\\/\\/vimeo.com\\/193177011\",\"caption\":\"Introducing Social Impact Experiences\"}}}}},\"162\":{\"type\":\"text\",\"enabled\":\"1\",\"fields\":{\"copy\":\"<p><strong>Our <\\/strong><strong><em>Argo<\\/em><\\/strong><strong> moment<\\/strong><br><\\/p>\\r\\n<p>Meanwhile, Bokeh\\u2019s CEO, David, went undercover with an exuberant crew of filmmakers to old Havana, Cuba. With no time to obtain permits, we developed alibis to explain the excessive amount of camera gear. We got the greenlight thanks to some quick thinking and charming Spanglish. <\\/p>\"}},\"163\":{\"type\":\"video\",\"enabled\":\"1\",\"fields\":{\"videoUrl\":\"https:\\/\\/vimeo.com\\/193176889\",\"caption\":\"Staying Connected in Cuba\"}},\"252\":{\"type\":\"twoUpImages\",\"enabled\":\"1\",\"fields\":{\"firstImage\":[\"29\"],\"secondImage\":[\"203\"]}},\"164\":{\"type\":\"threeUpImages\",\"enabled\":\"1\",\"fields\":{\"firstImage\":[\"152\"],\"secondImage\":[\"21\"],\"thirdImage\":[\"72\"]}},\"165\":{\"type\":\"text\",\"enabled\":\"1\",\"fields\":{\"copy\":\"<p><strong>In the clutch<\\/strong><br><\\/p>\\r\\n<p>Two days before the Airbnb Open, Brian needed a Hail Mary. He asked Bokeh to develop two more product videos for his keynote presentation, including the anthem piece that would be used to officially announce the launch of Airbnb Trips.<\\/p>\"}},\"166\":{\"type\":\"video\",\"enabled\":\"1\",\"fields\":{\"videoUrl\":\"https:\\/\\/vimeo.com\\/193184792\",\"caption\":\"Airbnb Collections Teaser | Aired During AO 2016 Keynote\"}},\"167\":{\"type\":\"videoCarousel\",\"enabled\":\"1\",\"fields\":{\"video\":{\"168\":{\"type\":\"1\",\"fields\":{\"video\":\"https:\\/\\/vimeo.com\\/194444259\",\"caption\":\"Burlesque\"}},\"169\":{\"type\":\"1\",\"fields\":{\"video\":\"https:\\/\\/vimeo.com\\/193185940\",\"caption\":\"Samurai\"}},\"170\":{\"type\":\"1\",\"fields\":{\"video\":\"https:\\/\\/vimeo.com\\/193185835\",\"caption\":\"Runner\"}},\"171\":{\"type\":\"1\",\"fields\":{\"video\":\"https:\\/\\/vimeo.com\\/193186104\",\"caption\":\"Scenester\"}}}}},\"221\":{\"type\":\"quote\",\"enabled\":\"1\",\"fields\":{\"quote\":\"\\u201cThis film brought the house down. I cannot imagine now having done this without it.\\u201d\",\"avatar\":\"\",\"personsName\":\"\",\"jobTitle\":\"\",\"shapeBackground\":\"\"}},\"180\":{\"type\":\"fiveUpImages\",\"enabled\":\"1\",\"fields\":{\"firstImage\":[\"199\"],\"secondImage\":[\"203\"],\"thirdImage\":[\"29\"],\"fourthImage\":[\"76\"],\"fifthImage\":[\"210\"]}},\"181\":{\"type\":\"fullWidthImage\",\"enabled\":\"1\",\"fields\":{\"image\":[\"177\"],\"caption\":\"\"}},\"179\":{\"type\":\"text\",\"enabled\":\"1\",\"fields\":{\"copy\":\"<p><strong>The payoff<\\/strong><\\/p>\\r\\n<p>The assets were leveraged across a variety of channels from Airbnb Open to product landing pages, social and YouTube, email newsletters, and paid media. The functional videos amassed over <strong>11 million views in less than three weeks<\\/strong>. On Airbnb product pages, the <strong>video click-through-rate reached as high as 15 percent<\\/strong>. <\\/p>\\r\\n<p>We received coverage in the <strong><em>NYTimes<\\/em><\\/strong><strong>, Adweek, <\\/strong><strong><em>Travel + Leisure<\\/em><\\/strong><strong>, TechCrunch, Mashable, <\\/strong><strong><em>The Telegraph<\\/em><\\/strong><strong>, and Fast Company.<\\/strong><\\/p>\"}}},\"2\":[\"96\"],\"9\":\"center\"}}', '2017-09-25 22:41:40', '2017-09-25 22:41:40', 'e1ed1eab-7d17-48e2-81aa-cd681553dcc4'),
 ('154', '4', '2', '75', 'en_us', '37', '', '{\"typeId\":\"2\",\"authorId\":\"1\",\"title\":\"Airbnb\",\"slug\":\"airbnb\",\"postDate\":1502508000,\"expiryDate\":null,\"enabled\":1,\"parentId\":null,\"fields\":{\"6\":\"#f62944\",\"4\":\"<p><strong>The campaign that <em>\\u201c<\\/em><em>brought the house down<\\/em><em>\\u201d<\\/em>&nbsp;at <a href=\\\"http:\\/\\/bokeh.agency\\/projects\\/airbnb#entry:4:url\\\">Airbnb<\\/a>.<\\/strong><\\/p>\",\"8\":\"center\",\"3\":[\"222\"],\"5\":\"sss\",\"10\":{\"146\":{\"type\":\"quote\",\"enabled\":\"1\",\"fields\":{\"quote\":\"\\u201cThis film brought the house down. I cannot imagine now having done this without it.\\u201d\",\"avatar\":\"\",\"personsName\":\"Brian Chesky\",\"jobTitle\":\"CEO of Airbnb\",\"shapeBackground\":[\"show\"]}},\"147\":{\"type\":\"text\",\"enabled\":\"1\",\"fields\":{\"copy\":\"<h2>Mission:<\\/h2>\\r\\n<p>On November 17, 2016, Airbnb announced the largest product expansion in its history. Just five weeks earlier, Bokeh was asked to join its sprint to the finish line.<\\/p>\\r\\n<p>Working alongside engineering, brand, product marketing, art, and C-level teams, we developed a myriad of content to educate users on new features, advertise and build awareness on social media, and, ultimately, to introduce the world to Airbnb Trips on-stage at Airbnb Open in Los Angeles.<\\/p>\"}},\"153\":{\"type\":\"video\",\"enabled\":\"1\",\"fields\":{\"videoUrl\":\"https:\\/\\/vimeo.com\\/193175968\",\"caption\":\"Welcome to the World of Trips | Aired During Airbnb Open 2016 Keynote\"}},\"251\":{\"type\":\"text\",\"enabled\":\"1\",\"fields\":{\"copy\":\"<h2>Services<\\/h2>\\r\\n<ul><li>Concept<\\/li><li>Branding Animation<\\/li><li>Film\\/Video<\\/li><li>Animation<\\/li><li>Digital Ads<\\/li><li>Social Ads<\\/li><\\/ul>\\r\\n<h2>Deliverables<\\/h2>\\r\\n<ul><li>16 animated and live-action functional films<\\/li><li>Airbnb Trips Reveal and Future of Homes film<\\/li><li>4 15-second digital ads<\\/li><li>New Airbnb animated logo<\\/li><\\/ul>\"}},\"178\":{\"type\":\"video\",\"enabled\":\"1\",\"fields\":{\"videoUrl\":\"https:\\/\\/vimeo.com\\/231786676\",\"caption\":\"Airbnb motion logo\"}},\"155\":{\"type\":\"text\",\"enabled\":\"1\",\"fields\":{\"copy\":\"<p><strong>Let\\u2019s get functional<\\/strong><\\/p>\\r\\n<p>We started by developing eight animated and live-action product marketing videos to introduce users to key features built into the new Airbnb app. Each video needed to be playable in both landscape and portrait mode. Double the work&hellip; double the fun.<\\/p>\"}},\"157\":{\"type\":\"videoCarousel\",\"enabled\":\"1\",\"fields\":{\"video\":{\"158\":{\"type\":\"1\",\"fields\":{\"video\":\"https:\\/\\/vimeo.com\\/193177317\",\"caption\":\"Introducing Experiences\"}},\"159\":{\"type\":\"1\",\"fields\":{\"video\":\"https:\\/\\/vimeo.com\\/193177901\",\"caption\":\"Introducing Itinerary\"}},\"160\":{\"type\":\"1\",\"fields\":{\"video\":\"https:\\/\\/vimeo.com\\/193177150\",\"caption\":\"Introducing Co-hosting\"}},\"161\":{\"type\":\"1\",\"fields\":{\"video\":\"https:\\/\\/vimeo.com\\/193177011\",\"caption\":\"Introducing Social Impact Experiences\"}}}}},\"162\":{\"type\":\"text\",\"enabled\":\"1\",\"fields\":{\"copy\":\"<p><strong>Our <\\/strong><strong><em>Argo<\\/em><\\/strong><strong> moment<\\/strong><br><\\/p>\\r\\n<p>Meanwhile, Bokeh\\u2019s CEO, David, went undercover with an exuberant crew of filmmakers to old Havana, Cuba. With no time to obtain permits, we developed alibis to explain the excessive amount of camera gear. We got the greenlight thanks to some quick thinking and charming Spanglish. <\\/p>\"}},\"163\":{\"type\":\"video\",\"enabled\":\"1\",\"fields\":{\"videoUrl\":\"https:\\/\\/vimeo.com\\/193176889\",\"caption\":\"Staying Connected in Cuba\"}},\"252\":{\"type\":\"twoUpImages\",\"enabled\":\"1\",\"fields\":{\"firstImage\":[\"29\"],\"secondImage\":[\"203\"]}},\"164\":{\"type\":\"threeUpImages\",\"enabled\":\"1\",\"fields\":{\"firstImage\":[\"152\"],\"secondImage\":[\"21\"],\"thirdImage\":[\"72\"]}},\"165\":{\"type\":\"text\",\"enabled\":\"1\",\"fields\":{\"copy\":\"<p><strong>In the clutch<\\/strong><br><\\/p>\\r\\n<p>Two days before the Airbnb Open, Brian needed a Hail Mary. He asked Bokeh to develop two more product videos for his keynote presentation, including the anthem piece that would be used to officially announce the launch of Airbnb Trips.<\\/p>\"}},\"166\":{\"type\":\"video\",\"enabled\":\"1\",\"fields\":{\"videoUrl\":\"https:\\/\\/vimeo.com\\/193184792\",\"caption\":\"Airbnb Collections Teaser | Aired During AO 2016 Keynote\"}},\"167\":{\"type\":\"videoCarousel\",\"enabled\":\"1\",\"fields\":{\"video\":{\"168\":{\"type\":\"1\",\"fields\":{\"video\":\"https:\\/\\/vimeo.com\\/194444259\",\"caption\":\"Burlesque\"}},\"169\":{\"type\":\"1\",\"fields\":{\"video\":\"https:\\/\\/vimeo.com\\/193185940\",\"caption\":\"Samurai\"}},\"170\":{\"type\":\"1\",\"fields\":{\"video\":\"https:\\/\\/vimeo.com\\/193185835\",\"caption\":\"Runner\"}},\"171\":{\"type\":\"1\",\"fields\":{\"video\":\"https:\\/\\/vimeo.com\\/193186104\",\"caption\":\"Scenester\"}}}}},\"221\":{\"type\":\"quote\",\"enabled\":\"1\",\"fields\":{\"quote\":\"\\u201cThis film brought the house down. I cannot imagine now having done this without it.\\u201d\",\"avatar\":\"\",\"personsName\":\"\",\"jobTitle\":\"\",\"shapeBackground\":\"\"}},\"180\":{\"type\":\"fiveUpImages\",\"enabled\":\"1\",\"fields\":{\"firstImage\":[\"199\"],\"secondImage\":[\"203\"],\"thirdImage\":[\"29\"],\"fourthImage\":[\"76\"],\"fifthImage\":[\"210\"]}},\"181\":{\"type\":\"fullWidthImage\",\"enabled\":\"1\",\"fields\":{\"image\":[\"177\"],\"caption\":\"\"}},\"179\":{\"type\":\"text\",\"enabled\":\"1\",\"fields\":{\"copy\":\"<p><strong>The payoff<\\/strong><\\/p>\\r\\n<p>The assets were leveraged across a variety of channels from Airbnb Open to product landing pages, social and YouTube, email newsletters, and paid media. The functional videos amassed over <strong>11 million views in less than three weeks<\\/strong>. On Airbnb product pages, the <strong>video click-through-rate reached as high as 15 percent<\\/strong>. <\\/p>\\r\\n<p>We received coverage in the <strong><em>NYTimes<\\/em><\\/strong><strong>, Adweek, <\\/strong><strong><em>Travel + Leisure<\\/em><\\/strong><strong>, TechCrunch, Mashable, <\\/strong><strong><em>The Telegraph<\\/em><\\/strong><strong>, and Fast Company.<\\/strong><\\/p>\"}}},\"2\":[\"96\"],\"9\":\"center\"}}', '2017-09-25 22:45:02', '2017-09-25 22:45:02', '159ed77c-fd92-40b2-ae81-7c0d0921f219'),
 ('155', '4', '2', '75', 'en_us', '38', '', '{\"typeId\":\"2\",\"authorId\":\"1\",\"title\":\"Airbnb\",\"slug\":\"airbnb\",\"postDate\":1502508000,\"expiryDate\":null,\"enabled\":1,\"parentId\":null,\"fields\":{\"6\":\"#f62944\",\"4\":\"<p><strong>The campaign that <em>\\u201c<\\/em><em>brought the house down<\\/em><em>\\u201d<\\/em>&nbsp;at <a href=\\\"http:\\/\\/bokeh.agency\\/projects\\/airbnb#entry:4:url\\\">Airbnb<\\/a>.<\\/strong><\\/p>\",\"8\":\"center\",\"3\":[\"222\"],\"5\":\"sss\",\"10\":{\"146\":{\"type\":\"quote\",\"enabled\":\"1\",\"fields\":{\"quote\":\"\\u201cThis film brought the house down. I cannot imagine now having done this without it.\\u201d\",\"avatar\":\"\",\"personsName\":\"Brian Chesky\",\"jobTitle\":\"CEO of Airbnb\",\"shapeBackground\":\"\"}},\"147\":{\"type\":\"text\",\"enabled\":\"1\",\"fields\":{\"copy\":\"<h2>Mission:<\\/h2>\\r\\n<p>On November 17, 2016, Airbnb announced the largest product expansion in its history. Just five weeks earlier, Bokeh was asked to join its sprint to the finish line.<\\/p>\\r\\n<p>Working alongside engineering, brand, product marketing, art, and C-level teams, we developed a myriad of content to educate users on new features, advertise and build awareness on social media, and, ultimately, to introduce the world to Airbnb Trips on-stage at Airbnb Open in Los Angeles.<\\/p>\"}},\"153\":{\"type\":\"video\",\"enabled\":\"1\",\"fields\":{\"videoUrl\":\"https:\\/\\/vimeo.com\\/193175968\",\"caption\":\"Welcome to the World of Trips | Aired During Airbnb Open 2016 Keynote\"}},\"251\":{\"type\":\"text\",\"enabled\":\"1\",\"fields\":{\"copy\":\"<h2>Services<\\/h2>\\r\\n<ul><li>Concept<\\/li><li>Branding Animation<\\/li><li>Film\\/Video<\\/li><li>Animation<\\/li><li>Digital Ads<\\/li><li>Social Ads<\\/li><\\/ul>\\r\\n<h2>Deliverables<\\/h2>\\r\\n<ul><li>16 animated and live-action functional films<\\/li><li>Airbnb Trips Reveal and Future of Homes film<\\/li><li>4 15-second digital ads<\\/li><li>New Airbnb animated logo<\\/li><\\/ul>\"}},\"178\":{\"type\":\"video\",\"enabled\":\"1\",\"fields\":{\"videoUrl\":\"https:\\/\\/vimeo.com\\/231786676\",\"caption\":\"Airbnb motion logo\"}},\"155\":{\"type\":\"text\",\"enabled\":\"1\",\"fields\":{\"copy\":\"<p><strong>Let\\u2019s get functional<\\/strong><\\/p>\\r\\n<p>We started by developing eight animated and live-action product marketing videos to introduce users to key features built into the new Airbnb app. Each video needed to be playable in both landscape and portrait mode. Double the work&hellip; double the fun.<\\/p>\"}},\"157\":{\"type\":\"videoCarousel\",\"enabled\":\"1\",\"fields\":{\"video\":{\"158\":{\"type\":\"1\",\"fields\":{\"video\":\"https:\\/\\/vimeo.com\\/193177317\",\"caption\":\"Introducing Experiences\"}},\"159\":{\"type\":\"1\",\"fields\":{\"video\":\"https:\\/\\/vimeo.com\\/193177901\",\"caption\":\"Introducing Itinerary\"}},\"160\":{\"type\":\"1\",\"fields\":{\"video\":\"https:\\/\\/vimeo.com\\/193177150\",\"caption\":\"Introducing Co-hosting\"}},\"161\":{\"type\":\"1\",\"fields\":{\"video\":\"https:\\/\\/vimeo.com\\/193177011\",\"caption\":\"Introducing Social Impact Experiences\"}}}}},\"162\":{\"type\":\"text\",\"enabled\":\"1\",\"fields\":{\"copy\":\"<p><strong>Our <\\/strong><strong><em>Argo<\\/em><\\/strong><strong> moment<\\/strong><br><\\/p>\\r\\n<p>Meanwhile, Bokeh\\u2019s CEO, David, went undercover with an exuberant crew of filmmakers to old Havana, Cuba. With no time to obtain permits, we developed alibis to explain the excessive amount of camera gear. We got the greenlight thanks to some quick thinking and charming Spanglish. <\\/p>\"}},\"163\":{\"type\":\"video\",\"enabled\":\"1\",\"fields\":{\"videoUrl\":\"https:\\/\\/vimeo.com\\/193176889\",\"caption\":\"Staying Connected in Cuba\"}},\"252\":{\"type\":\"twoUpImages\",\"enabled\":\"1\",\"fields\":{\"firstImage\":[\"29\"],\"secondImage\":[\"203\"]}},\"164\":{\"type\":\"threeUpImages\",\"enabled\":\"1\",\"fields\":{\"firstImage\":[\"152\"],\"secondImage\":[\"21\"],\"thirdImage\":[\"72\"]}},\"165\":{\"type\":\"text\",\"enabled\":\"1\",\"fields\":{\"copy\":\"<p><strong>In the clutch<\\/strong><br><\\/p>\\r\\n<p>Two days before the Airbnb Open, Brian needed a Hail Mary. He asked Bokeh to develop two more product videos for his keynote presentation, including the anthem piece that would be used to officially announce the launch of Airbnb Trips.<\\/p>\"}},\"166\":{\"type\":\"video\",\"enabled\":\"1\",\"fields\":{\"videoUrl\":\"https:\\/\\/vimeo.com\\/193184792\",\"caption\":\"Airbnb Collections Teaser | Aired During AO 2016 Keynote\"}},\"167\":{\"type\":\"videoCarousel\",\"enabled\":\"1\",\"fields\":{\"video\":{\"168\":{\"type\":\"1\",\"fields\":{\"video\":\"https:\\/\\/vimeo.com\\/194444259\",\"caption\":\"Burlesque\"}},\"169\":{\"type\":\"1\",\"fields\":{\"video\":\"https:\\/\\/vimeo.com\\/193185940\",\"caption\":\"Samurai\"}},\"170\":{\"type\":\"1\",\"fields\":{\"video\":\"https:\\/\\/vimeo.com\\/193185835\",\"caption\":\"Runner\"}},\"171\":{\"type\":\"1\",\"fields\":{\"video\":\"https:\\/\\/vimeo.com\\/193186104\",\"caption\":\"Scenester\"}}}}},\"221\":{\"type\":\"quote\",\"enabled\":\"1\",\"fields\":{\"quote\":\"\\u201cThis film brought the house down. I cannot imagine now having done this without it.\\u201d\",\"avatar\":\"\",\"personsName\":\"\",\"jobTitle\":\"\",\"shapeBackground\":\"\"}},\"180\":{\"type\":\"fiveUpImages\",\"enabled\":\"1\",\"fields\":{\"firstImage\":[\"199\"],\"secondImage\":[\"203\"],\"thirdImage\":[\"29\"],\"fourthImage\":[\"76\"],\"fifthImage\":[\"210\"]}},\"181\":{\"type\":\"fullWidthImage\",\"enabled\":\"1\",\"fields\":{\"image\":[\"177\"],\"caption\":\"\"}},\"179\":{\"type\":\"text\",\"enabled\":\"1\",\"fields\":{\"copy\":\"<p><strong>The payoff<\\/strong><\\/p>\\r\\n<p>The assets were leveraged across a variety of channels from Airbnb Open to product landing pages, social and YouTube, email newsletters, and paid media. The functional videos amassed over <strong>11 million views in less than three weeks<\\/strong>. On Airbnb product pages, the <strong>video click-through-rate reached as high as 15 percent<\\/strong>. <\\/p>\\r\\n<p>We received coverage in the <strong><em>NYTimes<\\/em><\\/strong><strong>, Adweek, <\\/strong><strong><em>Travel + Leisure<\\/em><\\/strong><strong>, TechCrunch, Mashable, <\\/strong><strong><em>The Telegraph<\\/em><\\/strong><strong>, and Fast Company.<\\/strong><\\/p>\"}}},\"2\":[\"96\"],\"9\":\"center\"}}', '2017-09-25 22:50:43', '2017-09-25 22:50:43', 'a3d533f4-02e1-49f4-af42-711eaedf32e0'),
 ('156', '2', '1', '1', 'en_us', '61', '', '{\"typeId\":null,\"authorId\":null,\"title\":\"Homepage\",\"slug\":\"homepage\",\"postDate\":1502679916,\"expiryDate\":null,\"enabled\":1,\"parentId\":null,\"fields\":{\"51\":\"We\'ve worked with some of the best teams in the world, and are proud to call these clients our partners and friends\",\"52\":{\"131\":{\"type\":\"clientLogo\",\"enabled\":\"1\",\"fields\":{\"client\":[\"120\"]}},\"132\":{\"type\":\"clientLogo\",\"enabled\":\"1\",\"fields\":{\"client\":[\"117\"]}},\"133\":{\"type\":\"clientLogo\",\"enabled\":\"1\",\"fields\":{\"client\":[\"121\"]}},\"134\":{\"type\":\"clientLogo\",\"enabled\":\"1\",\"fields\":{\"client\":[\"128\"]}},\"135\":{\"type\":\"clientLogo\",\"enabled\":\"1\",\"fields\":{\"client\":[\"127\"]}},\"136\":{\"type\":\"clientLogo\",\"enabled\":\"1\",\"fields\":{\"client\":[\"129\"]}},\"137\":{\"type\":\"clientLogo\",\"enabled\":\"1\",\"fields\":{\"client\":[\"122\"]}},\"138\":{\"type\":\"clientLogo\",\"enabled\":\"1\",\"fields\":{\"client\":[\"125\"]}},\"139\":{\"type\":\"clientLogo\",\"enabled\":\"1\",\"fields\":{\"client\":[\"126\"]}},\"140\":{\"type\":\"clientLogo\",\"enabled\":\"1\",\"fields\":{\"client\":[\"123\"]}},\"141\":{\"type\":\"clientLogo\",\"enabled\":\"1\",\"fields\":{\"client\":[\"118\"]}},\"142\":{\"type\":\"clientLogo\",\"enabled\":\"1\",\"fields\":{\"client\":[\"145\"]}},\"143\":{\"type\":\"clientLogo\",\"enabled\":\"1\",\"fields\":{\"client\":[\"124\"]}},\"144\":{\"type\":\"clientLogo\",\"enabled\":\"1\",\"fields\":{\"client\":[\"130\"]}},\"253\":{\"type\":\"clientLogo\",\"enabled\":\"1\",\"fields\":{\"client\":[\"117\"]}},\"254\":{\"type\":\"clientLogo\",\"enabled\":\"1\",\"fields\":{\"client\":[\"120\"]}},\"255\":{\"type\":\"clientLogo\",\"enabled\":\"1\",\"fields\":{\"client\":[\"128\"]}},\"256\":{\"type\":\"clientLogo\",\"enabled\":\"1\",\"fields\":{\"client\":[\"129\"]}},\"257\":{\"type\":\"clientLogo\",\"enabled\":\"1\",\"fields\":{\"client\":[\"121\"]}},\"258\":{\"type\":\"clientLogo\",\"enabled\":\"1\",\"fields\":{\"client\":[\"122\"]}},\"267\":{\"type\":\"clientLogo\",\"enabled\":\"1\",\"fields\":{\"client\":[\"145\"]}},\"268\":{\"type\":\"clientLogo\",\"enabled\":\"1\",\"fields\":{\"client\":[\"124\"]}},\"269\":{\"type\":\"clientLogo\",\"enabled\":\"1\",\"fields\":{\"client\":[\"125\"]}},\"270\":{\"type\":\"clientLogo\",\"enabled\":\"1\",\"fields\":{\"client\":[\"130\"]}},\"271\":{\"type\":\"clientLogo\",\"enabled\":\"1\",\"fields\":{\"client\":[\"118\"]}},\"272\":{\"type\":\"clientLogo\",\"enabled\":\"1\",\"fields\":{\"client\":[\"119\"]}},\"273\":{\"type\":\"clientLogo\",\"enabled\":\"1\",\"fields\":{\"client\":[\"121\"]}},\"274\":{\"type\":\"clientLogo\",\"enabled\":\"1\",\"fields\":{\"client\":[\"120\"]}}},\"6\":\"#e8930a\",\"38\":[\"4\",\"77\",\"28\"],\"3\":[\"247\"],\"59\":\"#f62944\",\"60\":\"#feae5a\",\"46\":{\"78\":{\"type\":\"offeredServices\",\"enabled\":\"1\",\"fields\":{\"serviceType\":\"Strategy\",\"service\":{\"79\":{\"type\":\"3\",\"fields\":{\"service\":\"Branding\"}},\"80\":{\"type\":\"3\",\"fields\":{\"service\":\"Content\"}},\"81\":{\"type\":\"3\",\"fields\":{\"service\":\"Social\"}},\"82\":{\"type\":\"3\",\"fields\":{\"service\":\"Digital\"}}}}},\"83\":{\"type\":\"offeredServices\",\"enabled\":\"1\",\"fields\":{\"serviceType\":\"Design\",\"service\":{\"84\":{\"type\":\"3\",\"fields\":{\"service\":\"Identity\"}},\"85\":{\"type\":\"3\",\"fields\":{\"service\":\"Style Guidelines\"}},\"86\":{\"type\":\"3\",\"fields\":{\"service\":\"Print\\/OOH\"}},\"87\":{\"type\":\"3\",\"fields\":{\"service\":\"UX\\/UI\"}}}}},\"88\":{\"type\":\"offeredServices\",\"enabled\":\"1\",\"fields\":{\"serviceType\":\"Content\",\"service\":{\"89\":{\"type\":\"3\",\"fields\":{\"service\":\"Film\\/Video\"}},\"90\":{\"type\":\"3\",\"fields\":{\"service\":\"Animation\"}},\"91\":{\"type\":\"3\",\"fields\":{\"service\":\"Product\\/Lifestyle Photography\"}},\"92\":{\"type\":\"3\",\"fields\":{\"service\":\"Copywriting\"}}}}}},\"40\":{\"93\":{\"type\":\"service\",\"enabled\":\"1\",\"fields\":{\"copyLineOne\":\"We believe that open-hearted collaboration allows us to be in the right place to tell the right story on the channels that matter most.\",\"copyLineTwo\":\"That a unique balance of hunger and humility enables our imagination to be boundless.\",\"copyLineThree\":\"Bold, honest, and always capable, our ideas empower brands to speak with creativity and heart.\",\"color\":\"#feae5a\",\"servicesImage\":[\"199\"]}}},\"57\":{\"275\":{\"type\":\"word\",\"enabled\":\"1\",\"fields\":{\"word\":\"creative\"}},\"276\":{\"type\":\"word\",\"enabled\":\"1\",\"fields\":{\"word\":\"strategy\"}},\"277\":{\"type\":\"word\",\"enabled\":\"1\",\"fields\":{\"word\":\"design\"}},\"278\":{\"type\":\"word\",\"enabled\":\"1\",\"fields\":{\"word\":\"digital\"}}},\"7\":[\"248\"]}}', '2017-09-26 00:46:44', '2017-09-26 00:46:44', '287a7e5d-fe9e-43cd-84c5-9a3f90026ec5'),
 ('157', '279', '2', '75', 'en_us', '1', '', '{\"typeId\":null,\"authorId\":\"75\",\"title\":\"The Irvine Company\",\"slug\":\"the-irvine-company\",\"postDate\":1506388872,\"expiryDate\":null,\"enabled\":1,\"parentId\":null,\"fields\":{\"6\":\"#ff8000\",\"4\":\"<p><b>We made a video about real estate development exciting (Really.)<\\/b><\\/p>\\r\\n\",\"8\":\"left\",\"3\":[\"206\"],\"5\":\"\",\"10\":\"\",\"2\":\"\",\"9\":\"top\"}}', '2017-09-26 01:21:12', '2017-09-26 01:21:12', '4a7ea4bd-38ac-4dea-8970-d8a00a9266ce'),
 ('158', '4', '2', '75', 'en_us', '39', '', '{\"typeId\":\"2\",\"authorId\":\"1\",\"title\":\"Airbnb\",\"slug\":\"airbnb\",\"postDate\":1502508000,\"expiryDate\":null,\"enabled\":1,\"parentId\":null,\"fields\":{\"6\":\"#fd5b5b\",\"4\":\"<p><strong>The campaign that <em>\\u201c<\\/em><em>brought the house down<\\/em><em>\\u201d<\\/em>&nbsp;at <a href=\\\"http:\\/\\/bokeh.agency\\/projects\\/airbnb#entry:4:url\\\">Airbnb<\\/a>.<\\/strong><\\/p>\",\"8\":\"center\",\"3\":[\"222\"],\"5\":\"sss\",\"10\":{\"146\":{\"type\":\"quote\",\"enabled\":\"1\",\"fields\":{\"quote\":\"\\u201cThis film brought the house down. I cannot imagine now having done this without it.\\u201d\",\"avatar\":\"\",\"personsName\":\"Brian Chesky\",\"jobTitle\":\"CEO of Airbnb\",\"shapeBackground\":\"\"}},\"147\":{\"type\":\"text\",\"enabled\":\"1\",\"fields\":{\"copy\":\"<h2>Mission:<\\/h2>\\r\\n<p>On November 17, 2016, Airbnb announced the largest product expansion in its history. Just five weeks earlier, Bokeh was asked to join its sprint to the finish line.<\\/p>\\r\\n<p>Working alongside engineering, brand, product marketing, art, and C-level teams, we developed a myriad of content to educate users on new features, advertise and build awareness on social media, and, ultimately, to introduce the world to Airbnb Trips on-stage at Airbnb Open in Los Angeles.<\\/p>\"}},\"153\":{\"type\":\"video\",\"enabled\":\"1\",\"fields\":{\"videoUrl\":\"https:\\/\\/vimeo.com\\/193175968\",\"caption\":\"Welcome to the World of Trips | Aired During Airbnb Open 2016 Keynote\"}},\"251\":{\"type\":\"text\",\"enabled\":\"1\",\"fields\":{\"copy\":\"<h2>Services<\\/h2>\\r\\n<ul><li>Concept<\\/li><li>Branding Animation<\\/li><li>Film\\/Video<\\/li><li>Animation<\\/li><li>Digital Ads<\\/li><li>Social Ads<\\/li><\\/ul>\\r\\n<h2>Deliverables<\\/h2>\\r\\n<ul><li>16 animated and live-action functional films<\\/li><li>Airbnb Trips Reveal and Future of Homes film<\\/li><li>4 15-second digital ads<\\/li><li>New Airbnb animated logo<\\/li><\\/ul>\"}},\"178\":{\"type\":\"video\",\"enabled\":\"1\",\"fields\":{\"videoUrl\":\"https:\\/\\/vimeo.com\\/231786676\",\"caption\":\"Airbnb motion logo\"}},\"155\":{\"type\":\"text\",\"enabled\":\"1\",\"fields\":{\"copy\":\"<p><strong>Let\\u2019s get functional<\\/strong><\\/p>\\r\\n<p>We started by developing eight animated and live-action product marketing videos to introduce users to key features built into the new Airbnb app. Each video needed to be playable in both landscape and portrait mode. Double the work&hellip; double the fun.<\\/p>\"}},\"157\":{\"type\":\"videoCarousel\",\"enabled\":\"1\",\"fields\":{\"video\":{\"158\":{\"type\":\"1\",\"fields\":{\"video\":\"https:\\/\\/vimeo.com\\/193177317\",\"caption\":\"Introducing Experiences\"}},\"159\":{\"type\":\"1\",\"fields\":{\"video\":\"https:\\/\\/vimeo.com\\/193177901\",\"caption\":\"Introducing Itinerary\"}},\"160\":{\"type\":\"1\",\"fields\":{\"video\":\"https:\\/\\/vimeo.com\\/193177150\",\"caption\":\"Introducing Co-hosting\"}},\"161\":{\"type\":\"1\",\"fields\":{\"video\":\"https:\\/\\/vimeo.com\\/193177011\",\"caption\":\"Introducing Social Impact Experiences\"}}}}},\"162\":{\"type\":\"text\",\"enabled\":\"1\",\"fields\":{\"copy\":\"<p><strong>Our <\\/strong><strong><em>Argo<\\/em><\\/strong><strong> moment<\\/strong><br><\\/p>\\r\\n<p>Meanwhile, Bokeh\\u2019s CEO, David, went undercover with an exuberant crew of filmmakers to old Havana, Cuba. With no time to obtain permits, we developed alibis to explain the excessive amount of camera gear. We got the greenlight thanks to some quick thinking and charming Spanglish. <\\/p>\"}},\"163\":{\"type\":\"video\",\"enabled\":\"1\",\"fields\":{\"videoUrl\":\"https:\\/\\/vimeo.com\\/193176889\",\"caption\":\"Staying Connected in Cuba\"}},\"252\":{\"type\":\"twoUpImages\",\"enabled\":\"1\",\"fields\":{\"firstImage\":[\"29\"],\"secondImage\":[\"203\"]}},\"164\":{\"type\":\"threeUpImages\",\"enabled\":\"1\",\"fields\":{\"firstImage\":[\"152\"],\"secondImage\":[\"21\"],\"thirdImage\":[\"72\"]}},\"165\":{\"type\":\"text\",\"enabled\":\"1\",\"fields\":{\"copy\":\"<p><strong>In the clutch<\\/strong><br><\\/p>\\r\\n<p>Two days before the Airbnb Open, Brian needed a Hail Mary. He asked Bokeh to develop two more product videos for his keynote presentation, including the anthem piece that would be used to officially announce the launch of Airbnb Trips.<\\/p>\"}},\"166\":{\"type\":\"video\",\"enabled\":\"1\",\"fields\":{\"videoUrl\":\"https:\\/\\/vimeo.com\\/193184792\",\"caption\":\"Airbnb Collections Teaser | Aired During AO 2016 Keynote\"}},\"167\":{\"type\":\"videoCarousel\",\"enabled\":\"1\",\"fields\":{\"video\":{\"168\":{\"type\":\"1\",\"fields\":{\"video\":\"https:\\/\\/vimeo.com\\/194444259\",\"caption\":\"Burlesque\"}},\"169\":{\"type\":\"1\",\"fields\":{\"video\":\"https:\\/\\/vimeo.com\\/193185940\",\"caption\":\"Samurai\"}},\"170\":{\"type\":\"1\",\"fields\":{\"video\":\"https:\\/\\/vimeo.com\\/193185835\",\"caption\":\"Runner\"}},\"171\":{\"type\":\"1\",\"fields\":{\"video\":\"https:\\/\\/vimeo.com\\/193186104\",\"caption\":\"Scenester\"}}}}},\"221\":{\"type\":\"quote\",\"enabled\":\"1\",\"fields\":{\"quote\":\"\\u201cThis film brought the house down. I cannot imagine now having done this without it.\\u201d\",\"avatar\":\"\",\"personsName\":\"\",\"jobTitle\":\"\",\"shapeBackground\":\"\"}},\"180\":{\"type\":\"fiveUpImages\",\"enabled\":\"1\",\"fields\":{\"firstImage\":[\"199\"],\"secondImage\":[\"203\"],\"thirdImage\":[\"29\"],\"fourthImage\":[\"76\"],\"fifthImage\":[\"210\"]}},\"181\":{\"type\":\"fullWidthImage\",\"enabled\":\"1\",\"fields\":{\"image\":[\"177\"],\"caption\":\"\"}},\"179\":{\"type\":\"text\",\"enabled\":\"1\",\"fields\":{\"copy\":\"<p><strong>The payoff<\\/strong><\\/p>\\r\\n<p>The assets were leveraged across a variety of channels from Airbnb Open to product landing pages, social and YouTube, email newsletters, and paid media. The functional videos amassed over <strong>11 million views in less than three weeks<\\/strong>. On Airbnb product pages, the <strong>video click-through-rate reached as high as 15 percent<\\/strong>. <\\/p>\\r\\n<p>We received coverage in the <strong><em>NYTimes<\\/em><\\/strong><strong>, Adweek, <\\/strong><strong><em>Travel + Leisure<\\/em><\\/strong><strong>, TechCrunch, Mashable, <\\/strong><strong><em>The Telegraph<\\/em><\\/strong><strong>, and Fast Company.<\\/strong><\\/p>\"}}},\"2\":[\"96\"],\"9\":\"center\"}}', '2017-09-26 01:23:20', '2017-09-26 01:23:20', 'c7f0959f-57c5-49d2-9980-df25131aab31'),
 ('159', '4', '2', '75', 'en_us', '40', '', '{\"typeId\":\"2\",\"authorId\":\"1\",\"title\":\"Airbnb\",\"slug\":\"airbnb\",\"postDate\":1502508000,\"expiryDate\":null,\"enabled\":1,\"parentId\":null,\"fields\":{\"6\":\"#fd5b5b\",\"4\":\"<p><strong>The campaign that <em>\\u201c<\\/em><em>brought the house down<\\/em><em>\\u201d<\\/em>&nbsp;at <a href=\\\"http:\\/\\/bokeh.agency\\/projects\\/airbnb#entry:4:url\\\">Airbnb<\\/a>.<\\/strong><\\/p>\",\"8\":\"center\",\"3\":[\"222\"],\"5\":\"\",\"10\":{\"146\":{\"type\":\"quote\",\"enabled\":\"1\",\"fields\":{\"quote\":\"\\u201cThis film brought the house down. I cannot imagine now having done this without it.\\u201d\",\"avatar\":[\"250\"],\"personsName\":\"Brian Chesky\",\"jobTitle\":\"CEO of Airbnb\",\"shapeBackground\":\"\"}},\"153\":{\"type\":\"video\",\"enabled\":\"1\",\"fields\":{\"videoUrl\":\"https:\\/\\/vimeo.com\\/193175968\",\"caption\":\"Welcome to the World of Trips | Aired During Airbnb Open 2016 Keynote\"}},\"147\":{\"type\":\"text\",\"enabled\":\"1\",\"fields\":{\"copy\":\"<h2>The Mission<\\/h2>\\r\\n<p><\\/p><p>On November 17, 2016, Airbnb announced the largest product expansion in its history. Just five weeks earlier, Bokeh was asked to join its sprint to the finish line.<\\/p>\\r\\n<p>Working alongside engineering, brand, product marketing, art, and C-level teams, we developed myriad content to educate users on new features, advertise and build awareness on social media, and, ultimately, to introduce the world to Airbnb Trips on-stage at Airbnb Open in Los Angeles.<span><\\/span><br><\\/p>\"}},\"251\":{\"type\":\"text\",\"enabled\":\"1\",\"fields\":{\"copy\":\"<h2>Services<\\/h2>\\r\\n<ul><li>Concept<\\/li><li>Branding Animation<\\/li><li>Film\\/Video<\\/li><li>Animation<\\/li><li>Digital Ads<\\/li><li>Social Ads<\\/li><\\/ul>\"}},\"178\":{\"type\":\"video\",\"enabled\":\"1\",\"fields\":{\"videoUrl\":\"https:\\/\\/vimeo.com\\/231786676\",\"caption\":\"Airbnb motion logo\"}},\"155\":{\"type\":\"text\",\"enabled\":\"1\",\"fields\":{\"copy\":\"<h2>Let\\u2019s get functional<\\/h2>\\r\\n<p>Humanity is a core component of the Airbnb brand. Every feature and service built into the new Airbnb app derives value from the way it connects to guests, hosts, and experiences. To reinforce this connection, we melded organic live-action footage with engaging UI animations and garnished it all with a touch of whimsy. The result was twelve functional product videos viewable in landscape and portrait mode.<\\/p>\"}},\"157\":{\"type\":\"videoCarousel\",\"enabled\":\"1\",\"fields\":{\"video\":{\"158\":{\"type\":\"1\",\"fields\":{\"video\":\"https:\\/\\/vimeo.com\\/193177317\",\"caption\":\"Introducing Experiences\"}},\"159\":{\"type\":\"1\",\"fields\":{\"video\":\"https:\\/\\/vimeo.com\\/193177901\",\"caption\":\"Introducing Itinerary\"}},\"160\":{\"type\":\"1\",\"fields\":{\"video\":\"https:\\/\\/vimeo.com\\/193177150\",\"caption\":\"Introducing Co-hosting\"}},\"161\":{\"type\":\"1\",\"fields\":{\"video\":\"https:\\/\\/vimeo.com\\/193177011\",\"caption\":\"Introducing Social Impact Experiences\"}}}}},\"162\":{\"type\":\"text\",\"enabled\":\"1\",\"fields\":{\"copy\":\"<h2>The Reveal<\\/h2><p>With two days before Airbnb Open, Brian needed a Hail Mary. He lacked a centerpiece for the launch announcement that firmly connected Airbnb\\u2019s digital product with the human experiences it fosters. So he asked us to apply our creative approach to the keynote anthem and make a film about the future of home sharing.<\\/p>\"}},\"163\":{\"type\":\"video\",\"enabled\":\"1\",\"fields\":{\"videoUrl\":\"https:\\/\\/vimeo.com\\/193176889\",\"caption\":\"Staying Connected in Cuba\"}},\"252\":{\"type\":\"twoUpImages\",\"enabled\":\"1\",\"fields\":{\"firstImage\":[\"29\"],\"secondImage\":[\"203\"]}},\"164\":{\"type\":\"threeUpImages\",\"enabled\":\"1\",\"fields\":{\"firstImage\":[\"152\"],\"secondImage\":[\"21\"],\"thirdImage\":[\"72\"]}},\"165\":{\"type\":\"text\",\"enabled\":\"1\",\"fields\":{\"copy\":\"<p><\\/p><h2>Marketing Master Blaster<\\/h2>\\r\\n<p>To build awareness, we applied this approach to four 15-second advertisements blasted across digital and social channels.<span><\\/span><br><\\/p>\"}},\"166\":{\"type\":\"video\",\"enabled\":\"1\",\"fields\":{\"videoUrl\":\"https:\\/\\/vimeo.com\\/193184792\",\"caption\":\"Airbnb Collections Teaser | Aired During AO 2016 Keynote\"}},\"167\":{\"type\":\"videoCarousel\",\"enabled\":\"1\",\"fields\":{\"video\":{\"168\":{\"type\":\"1\",\"fields\":{\"video\":\"https:\\/\\/vimeo.com\\/194444259\",\"caption\":\"Burlesque\"}},\"169\":{\"type\":\"1\",\"fields\":{\"video\":\"https:\\/\\/vimeo.com\\/193185940\",\"caption\":\"Samurai\"}},\"170\":{\"type\":\"1\",\"fields\":{\"video\":\"https:\\/\\/vimeo.com\\/193185835\",\"caption\":\"Runner\"}},\"171\":{\"type\":\"1\",\"fields\":{\"video\":\"https:\\/\\/vimeo.com\\/193186104\",\"caption\":\"Scenester\"}}}}},\"180\":{\"type\":\"fiveUpImages\",\"enabled\":\"1\",\"fields\":{\"firstImage\":[\"199\"],\"secondImage\":[\"203\"],\"thirdImage\":[\"29\"],\"fourthImage\":[\"76\"],\"fifthImage\":[\"210\"]}},\"181\":{\"type\":\"fullWidthImage\",\"enabled\":\"1\",\"fields\":{\"image\":[\"177\"],\"caption\":\"\"}},\"179\":{\"type\":\"text\",\"enabled\":\"1\",\"fields\":{\"copy\":\"<p><strong>The payoff<\\/strong><\\/p>\\r\\n<p>The assets were leveraged across a variety of channels from Airbnb Open to product landing pages, social and YouTube, email newsletters, and paid media. The functional videos amassed over <strong>11 million views in less than three weeks<\\/strong>. On Airbnb product pages, the <strong>video click-through-rate reached as high as 15 percent<\\/strong>. <\\/p>\\r\\n<p>We received coverage in the <strong><em>NYTimes<\\/em><\\/strong><strong>, Adweek, <\\/strong><strong><em>Travel + Leisure<\\/em><\\/strong><strong>, TechCrunch, Mashable, <\\/strong><strong><em>The Telegraph<\\/em><\\/strong><strong>, and Fast Company.<\\/strong><\\/p>\"}}},\"2\":[\"96\"],\"9\":\"center\"}}', '2017-09-26 01:28:34', '2017-09-26 01:28:34', 'd81f3691-b37b-427b-81e1-a1abc29d912e'),
 ('160', '4', '2', '75', 'en_us', '41', '', '{\"typeId\":\"2\",\"authorId\":\"1\",\"title\":\"Airbnb\",\"slug\":\"airbnb\",\"postDate\":1502508000,\"expiryDate\":null,\"enabled\":1,\"parentId\":null,\"fields\":{\"6\":\"#fd5b5b\",\"4\":\"<p><strong>The campaign that <em>\\u201c<\\/em><em>brought the house down<\\/em><em>\\u201d<\\/em>&nbsp;at <a href=\\\"http:\\/\\/bokeh.agency\\/projects\\/airbnb#entry:4:url\\\">Airbnb<\\/a>.<\\/strong><\\/p>\",\"8\":\"center\",\"3\":[\"222\"],\"5\":\"\",\"10\":{\"147\":{\"type\":\"text\",\"enabled\":\"1\",\"fields\":{\"copy\":\"<h2>The Mission<\\/h2>\\r\\n<p>On November 17, 2016, Airbnb announced the largest product expansion in its history. Just five weeks earlier, Bokeh was asked to join its sprint to the finish line.<\\/p>\\r\\n<p>Working alongside engineering, brand, product marketing, art, and C-level teams, we developed myriad content to educate users on new features, advertise and build awareness on social media, and, ultimately, to introduce the world to Airbnb Trips on-stage at Airbnb Open in Los Angeles.<br><\\/p>\"}},\"251\":{\"type\":\"text\",\"enabled\":\"1\",\"fields\":{\"copy\":\"<h2>Services<\\/h2>\\r\\n<ul><li>Concept<\\/li><li>Branding Animation<\\/li><li>Film\\/Video<\\/li><li>Animation<\\/li><li>Digital Ads<\\/li><li>Social Ads<\\/li><\\/ul>\"}},\"153\":{\"type\":\"video\",\"enabled\":\"1\",\"fields\":{\"videoUrl\":\"https:\\/\\/vimeo.com\\/193175968\",\"caption\":\"Welcome to the World of Trips | Aired During Airbnb Open 2016 Keynote\"}},\"146\":{\"type\":\"quote\",\"enabled\":\"1\",\"fields\":{\"quote\":\"\\u201cThis film brought the house down. I cannot imagine now having done this without it.\\u201d\",\"avatar\":[\"250\"],\"personsName\":\"Brian Chesky\",\"jobTitle\":\"CEO of Airbnb\",\"shapeBackground\":[\"show\"]}},\"178\":{\"type\":\"video\",\"enabled\":\"1\",\"fields\":{\"videoUrl\":\"https:\\/\\/vimeo.com\\/231786676\",\"caption\":\"Airbnb motion logo\"}},\"155\":{\"type\":\"text\",\"enabled\":\"1\",\"fields\":{\"copy\":\"<h2>Let\\u2019s get functional<\\/h2>\\r\\n<p>Humanity is a core component of the Airbnb brand. Every feature and service built into the new Airbnb app derives value from the way it connects to guests, hosts, and experiences. To reinforce this connection, we melded organic live-action footage with engaging UI animations and garnished it all with a touch of whimsy. The result was twelve functional product videos viewable in landscape and portrait mode.<\\/p>\"}},\"157\":{\"type\":\"videoCarousel\",\"enabled\":\"1\",\"fields\":{\"video\":{\"158\":{\"type\":\"1\",\"fields\":{\"video\":\"https:\\/\\/vimeo.com\\/193177317\",\"caption\":\"Introducing Experiences\"}},\"159\":{\"type\":\"1\",\"fields\":{\"video\":\"https:\\/\\/vimeo.com\\/193177901\",\"caption\":\"Introducing Itinerary\"}},\"160\":{\"type\":\"1\",\"fields\":{\"video\":\"https:\\/\\/vimeo.com\\/193177150\",\"caption\":\"Introducing Co-hosting\"}},\"161\":{\"type\":\"1\",\"fields\":{\"video\":\"https:\\/\\/vimeo.com\\/193177011\",\"caption\":\"Introducing Social Impact Experiences\"}}}}},\"162\":{\"type\":\"text\",\"enabled\":\"1\",\"fields\":{\"copy\":\"<h2>The Reveal<\\/h2>\\r\\n<p>With two days before Airbnb Open, Brian needed a Hail Mary. He lacked a centerpiece for the launch announcement that firmly connected Airbnb\\u2019s digital product with the human experiences it fosters. So he asked us to apply our creative approach to the keynote anthem and make a film about the future of home sharing.<\\/p>\"}},\"163\":{\"type\":\"video\",\"enabled\":\"1\",\"fields\":{\"videoUrl\":\"https:\\/\\/vimeo.com\\/193176889\",\"caption\":\"Staying Connected in Cuba\"}},\"252\":{\"type\":\"twoUpImages\",\"enabled\":\"1\",\"fields\":{\"firstImage\":[\"29\"],\"secondImage\":[\"203\"]}},\"164\":{\"type\":\"threeUpImages\",\"enabled\":\"1\",\"fields\":{\"firstImage\":[\"152\"],\"secondImage\":[\"21\"],\"thirdImage\":[\"72\"]}},\"165\":{\"type\":\"text\",\"enabled\":\"1\",\"fields\":{\"copy\":\"<h2>Marketing Master Blaster<\\/h2>\\r\\n<p>To build awareness, we applied this approach to four 15-second advertisements blasted across digital and social channels.<br><\\/p>\"}},\"166\":{\"type\":\"video\",\"enabled\":\"1\",\"fields\":{\"videoUrl\":\"https:\\/\\/vimeo.com\\/193184792\",\"caption\":\"Airbnb Collections Teaser | Aired During AO 2016 Keynote\"}},\"167\":{\"type\":\"videoCarousel\",\"enabled\":\"1\",\"fields\":{\"video\":{\"168\":{\"type\":\"1\",\"fields\":{\"video\":\"https:\\/\\/vimeo.com\\/194444259\",\"caption\":\"Burlesque\"}},\"169\":{\"type\":\"1\",\"fields\":{\"video\":\"https:\\/\\/vimeo.com\\/193185940\",\"caption\":\"Samurai\"}},\"170\":{\"type\":\"1\",\"fields\":{\"video\":\"https:\\/\\/vimeo.com\\/193185835\",\"caption\":\"Runner\"}},\"171\":{\"type\":\"1\",\"fields\":{\"video\":\"https:\\/\\/vimeo.com\\/193186104\",\"caption\":\"Scenester\"}}}}},\"180\":{\"type\":\"fiveUpImages\",\"enabled\":\"1\",\"fields\":{\"firstImage\":[\"199\"],\"secondImage\":[\"203\"],\"thirdImage\":[\"29\"],\"fourthImage\":[\"76\"],\"fifthImage\":[\"210\"]}},\"181\":{\"type\":\"fullWidthImage\",\"enabled\":\"1\",\"fields\":{\"image\":[\"177\"],\"caption\":\"\"}},\"179\":{\"type\":\"text\",\"enabled\":\"1\",\"fields\":{\"copy\":\"<p><strong>The payoff<\\/strong><\\/p>\\r\\n<p>The assets were leveraged across a variety of channels from Airbnb Open to product landing pages, social and YouTube, email newsletters, and paid media. The functional videos amassed over <strong>11 million views in less than three weeks<\\/strong>. On Airbnb product pages, the <strong>video click-through-rate reached as high as 15 percent<\\/strong>. <\\/p>\\r\\n<p>We received coverage in the <strong><em>NYTimes<\\/em><\\/strong><strong>, Adweek, <\\/strong><strong><em>Travel + Leisure<\\/em><\\/strong><strong>, TechCrunch, Mashable, <\\/strong><strong><em>The Telegraph<\\/em><\\/strong><strong>, and Fast Company.<\\/strong><\\/p>\"}}},\"2\":[\"96\"],\"9\":\"center\"}}', '2017-09-26 01:30:37', '2017-09-26 01:30:37', '7efc576c-8d8d-4de9-9447-e9fc6290e4b0'),
 ('161', '4', '2', '75', 'en_us', '42', '', '{\"typeId\":\"2\",\"authorId\":\"1\",\"title\":\"Airbnb\",\"slug\":\"airbnb\",\"postDate\":1502508000,\"expiryDate\":null,\"enabled\":1,\"parentId\":null,\"fields\":{\"6\":\"#fd5b5b\",\"4\":\"<p><strong>The campaign that <em>\\u201c<\\/em><em>brought the house down<\\/em><em>\\u201d<\\/em>&nbsp;at <a href=\\\"http:\\/\\/bokeh.agency\\/projects\\/airbnb#entry:4:url\\\">Airbnb<\\/a>.<\\/strong><\\/p>\",\"8\":\"center\",\"3\":[\"222\"],\"5\":\"\",\"10\":{\"147\":{\"type\":\"text\",\"enabled\":\"1\",\"fields\":{\"copy\":\"<hr><h2>The Mission<\\/h2>\\r\\n<p>On November 17, 2016, Airbnb announced the largest product expansion in its history. Just five weeks earlier, Bokeh was asked to join its sprint to the finish line.<\\/p>\\r\\n<p>Working alongside engineering, brand, product marketing, art, and C-level teams, we developed myriad content to educate users on new features, advertise and build awareness on social media, and, ultimately, to introduce the world to Airbnb Trips on-stage at Airbnb Open in Los Angeles.<br><\\/p>\"}},\"251\":{\"type\":\"text\",\"enabled\":\"1\",\"fields\":{\"copy\":\"<h2>Services<\\/h2>\\r\\n<ul><li>Concept<\\/li><li>Branding Animation<\\/li><li>Film\\/Video<\\/li><li>Animation<\\/li><li>Digital Ads<\\/li><li>Social Ads<\\/li><\\/ul>\"}},\"181\":{\"type\":\"fullWidthImage\",\"enabled\":\"1\",\"fields\":{\"image\":[\"177\"],\"caption\":\"\"}},\"146\":{\"type\":\"quote\",\"enabled\":\"1\",\"fields\":{\"quote\":\"\\u201cThis film brought the house down. I cannot imagine now having done this without it.\\u201d\",\"avatar\":[\"250\"],\"personsName\":\"Brian Chesky\",\"jobTitle\":\"CEO of Airbnb\",\"shapeBackground\":[\"show\"]}},\"155\":{\"type\":\"text\",\"enabled\":\"1\",\"fields\":{\"copy\":\"<h2>Let\\u2019s get functional<\\/h2>\\r\\n<p>Humanity is a core component of the Airbnb brand. Every feature and service built into the new Airbnb app derives value from the way it connects to guests, hosts, and experiences. To reinforce this connection, we melded organic live-action footage with engaging UI animations and garnished it all with a touch of whimsy. The result was twelve functional product videos viewable in landscape and portrait mode.<\\/p>\"}},\"157\":{\"type\":\"videoCarousel\",\"enabled\":\"1\",\"fields\":{\"video\":{\"158\":{\"type\":\"1\",\"fields\":{\"video\":\"https:\\/\\/vimeo.com\\/193177317\",\"caption\":\"Introducing Experiences\"}},\"159\":{\"type\":\"1\",\"fields\":{\"video\":\"https:\\/\\/vimeo.com\\/193177901\",\"caption\":\"Introducing Itinerary\"}},\"160\":{\"type\":\"1\",\"fields\":{\"video\":\"https:\\/\\/vimeo.com\\/193177150\",\"caption\":\"Introducing Co-hosting\"}},\"161\":{\"type\":\"1\",\"fields\":{\"video\":\"https:\\/\\/vimeo.com\\/193177011\",\"caption\":\"Introducing Social Impact Experiences\"}},\"new1\":{\"type\":\"1\",\"fields\":{\"video\":\"https:\\/\\/vimeo.com\\/193176889\",\"caption\":\"Staying Connected in Cuba\"}}}}},\"164\":{\"type\":\"threeUpImages\",\"enabled\":\"1\",\"fields\":{\"firstImage\":[\"152\"],\"secondImage\":[\"21\"],\"thirdImage\":[\"72\"]}},\"162\":{\"type\":\"text\",\"enabled\":\"1\",\"fields\":{\"copy\":\"<h2>The Reveal<\\/h2>\\r\\n<p>With two days before Airbnb Open, Brian needed a Hail Mary. He lacked a centerpiece for the launch announcement that firmly connected Airbnb\\u2019s digital product with the human experiences it fosters. So he asked us to apply our creative approach to the keynote anthem and make a film about the future of home sharing.<\\/p>\"}},\"153\":{\"type\":\"video\",\"enabled\":\"1\",\"fields\":{\"videoUrl\":\"https:\\/\\/vimeo.com\\/193175968\",\"caption\":\"Welcome to the World of Trips | Aired During Airbnb Open 2016 Keynote\"}},\"166\":{\"type\":\"video\",\"enabled\":\"1\",\"fields\":{\"videoUrl\":\"https:\\/\\/vimeo.com\\/193184792\",\"caption\":\"Airbnb Collections Teaser | Aired During AO 2016 Keynote\"}},\"165\":{\"type\":\"text\",\"enabled\":\"1\",\"fields\":{\"copy\":\"<h2>Marketing Master Blaster<\\/h2>\\r\\n<p>To build awareness, we applied this approach to four 15-second advertisements blasted across digital and social channels.<br><\\/p>\"}},\"167\":{\"type\":\"videoCarousel\",\"enabled\":\"1\",\"fields\":{\"video\":{\"168\":{\"type\":\"1\",\"fields\":{\"video\":\"https:\\/\\/vimeo.com\\/194444259\",\"caption\":\"Burlesque\"}},\"169\":{\"type\":\"1\",\"fields\":{\"video\":\"https:\\/\\/vimeo.com\\/193185940\",\"caption\":\"Samurai\"}},\"170\":{\"type\":\"1\",\"fields\":{\"video\":\"https:\\/\\/vimeo.com\\/193185835\",\"caption\":\"Runner\"}},\"171\":{\"type\":\"1\",\"fields\":{\"video\":\"https:\\/\\/vimeo.com\\/193186104\",\"caption\":\"Scenester\"}}}}},\"new1\":{\"type\":\"text\",\"enabled\":\"1\",\"fields\":{\"copy\":\"<h2>The bow on top<\\/h2>\\r\\n<p>Every piece of content featured a reimagined Airbnb motion logo consistent with the fluid design aesthetic we developed for our animations.<\\/p>\\r\\n\"}},\"252\":{\"type\":\"twoUpImages\",\"enabled\":\"1\",\"fields\":{\"firstImage\":[\"29\"],\"secondImage\":[\"203\"]}},\"179\":{\"type\":\"text\",\"enabled\":\"1\",\"fields\":{\"copy\":\"<h2>The payoff<\\/h2>\\r\\n<p>The assets were leveraged across a variety of channels from Airbnb Open to product landing pages, social and YouTube, email newsletters, and paid media. The functional videos amassed over <b>11 million views in less than three weeks<\\/b>. On Airbnb product pages, the <b>video click-through-rate reached as high as 15 percent<\\/b>. <\\/p>\\r\\n<p>We received coverage in the <b><i>NYTimes<\\/i><\\/b><b>, Adweek, <\\/b><b><i>Travel + Leisure<\\/i><\\/b><b>, TechCrunch, Mashable, <\\/b><b><i>The Telegraph<\\/i><\\/b><b>, and Fast Company.<\\/b><\\/p><p><strong><\\/strong><\\/p>\"}},\"180\":{\"type\":\"fiveUpImages\",\"enabled\":\"1\",\"fields\":{\"firstImage\":[\"199\"],\"secondImage\":[\"203\"],\"thirdImage\":[\"29\"],\"fourthImage\":[\"76\"],\"fifthImage\":[\"210\"]}}},\"2\":[\"96\"],\"9\":\"center\"}}', '2017-09-26 01:36:37', '2017-09-26 01:36:37', '12b9b052-b844-47b7-980e-59711d0eff9f'),
 ('162', '4', '2', '75', 'en_us', '43', '', '{\"typeId\":\"2\",\"authorId\":\"1\",\"title\":\"Airbnb\",\"slug\":\"airbnb\",\"postDate\":1502508000,\"expiryDate\":null,\"enabled\":1,\"parentId\":null,\"fields\":{\"6\":\"#fd5b5b\",\"4\":\"<p><strong>The campaign that <em>\\u201c<\\/em><em>brought the house down<\\/em><em>\\u201d<\\/em>&nbsp;at <a href=\\\"http:\\/\\/bokeh.agency\\/projects\\/airbnb#entry:4:url\\\">Airbnb<\\/a>.<\\/strong><\\/p>\",\"8\":\"center\",\"3\":[\"222\"],\"5\":\"\",\"10\":{\"147\":{\"type\":\"text\",\"enabled\":\"1\",\"fields\":{\"copy\":\"<hr>\\r\\n<h2>The Mission<\\/h2>\\r\\n<p>On November 17, 2016, Airbnb announced the largest product expansion in its history. Just five weeks earlier, Bokeh was asked to join its sprint to the finish line.<\\/p>\\r\\n<p>Working alongside engineering, brand, product marketing, art, and C-level teams, we developed myriad content to educate users on new features, advertise and build awareness on social media, and, ultimately, to introduce the world to Airbnb Trips on-stage at Airbnb Open in Los Angeles.<br><\\/p>\"}},\"251\":{\"type\":\"text\",\"enabled\":\"1\",\"fields\":{\"copy\":\"<h2>Services<\\/h2>\\r\\n<ul><li>Concept<\\/li><li>Branding Animation<\\/li><li>Film\\/Video<\\/li><li>Animation<\\/li><li>Digital Ads<\\/li><li>Social Ads<\\/li><\\/ul>\"}},\"181\":{\"type\":\"fullWidthImage\",\"enabled\":\"1\",\"fields\":{\"image\":[\"177\"],\"caption\":\"\"}},\"146\":{\"type\":\"quote\",\"enabled\":\"1\",\"fields\":{\"quote\":\"\\u201cThis film brought the house down. I cannot imagine now having done this without it.\\u201d\",\"avatar\":[\"250\"],\"personsName\":\"Brian Chesky\",\"jobTitle\":\"CEO of Airbnb\",\"shapeBackground\":[\"show\"]}},\"155\":{\"type\":\"text\",\"enabled\":\"1\",\"fields\":{\"copy\":\"<h2>Let\\u2019s get functional<\\/h2>\\r\\n<p>Humanity is a core component of the Airbnb brand. Every feature and service built into the new Airbnb app derives value from the way it connects to guests, hosts, and experiences. To reinforce this connection, we melded organic live-action footage with engaging UI animations and garnished it all with a touch of whimsy. The result was twelve functional product videos viewable in landscape and portrait mode.<\\/p>\"}},\"157\":{\"type\":\"videoCarousel\",\"enabled\":\"1\",\"fields\":{\"video\":{\"158\":{\"type\":\"1\",\"fields\":{\"video\":\"https:\\/\\/vimeo.com\\/193177317\",\"caption\":\"Introducing Experiences\"}},\"159\":{\"type\":\"1\",\"fields\":{\"video\":\"https:\\/\\/vimeo.com\\/193177901\",\"caption\":\"Introducing Itinerary\"}},\"160\":{\"type\":\"1\",\"fields\":{\"video\":\"https:\\/\\/vimeo.com\\/193177150\",\"caption\":\"Introducing Co-hosting\"}},\"161\":{\"type\":\"1\",\"fields\":{\"video\":\"https:\\/\\/vimeo.com\\/193177011\",\"caption\":\"Introducing Social Impact Experiences\"}},\"280\":{\"type\":\"1\",\"fields\":{\"video\":\"https:\\/\\/vimeo.com\\/193176889\",\"caption\":\"Staying Connected in Cuba\"}}}}},\"164\":{\"type\":\"threeUpImages\",\"enabled\":\"1\",\"fields\":{\"firstImage\":[\"152\"],\"secondImage\":[\"21\"],\"thirdImage\":[\"72\"]}},\"162\":{\"type\":\"text\",\"enabled\":\"1\",\"fields\":{\"copy\":\"<h2>The Reveal<\\/h2>\\r\\n<p>With two days before Airbnb Open, Brian needed a Hail Mary. He lacked a centerpiece for the launch announcement that firmly connected Airbnb\\u2019s digital product with the human experiences it fosters. So he asked us to apply our creative approach to the keynote anthem and make a film about the future of home sharing.<\\/p>\"}},\"153\":{\"type\":\"video\",\"enabled\":\"1\",\"fields\":{\"videoUrl\":\"https:\\/\\/vimeo.com\\/193175968\",\"caption\":\"Welcome to the World of Trips | Aired During Airbnb Open 2016 Keynote\"}},\"166\":{\"type\":\"video\",\"enabled\":\"1\",\"fields\":{\"videoUrl\":\"https:\\/\\/vimeo.com\\/193184792\",\"caption\":\"Airbnb Collections Teaser | Aired During AO 2016 Keynote\"}},\"165\":{\"type\":\"text\",\"enabled\":\"1\",\"fields\":{\"copy\":\"<h2>Marketing Master Blaster<\\/h2>\\r\\n<p>To build awareness, we applied this approach to four 15-second advertisements blasted across digital and social channels.<br><\\/p>\"}},\"167\":{\"type\":\"videoCarousel\",\"enabled\":\"1\",\"fields\":{\"video\":{\"168\":{\"type\":\"1\",\"fields\":{\"video\":\"https:\\/\\/vimeo.com\\/194444259\",\"caption\":\"Burlesque\"}},\"169\":{\"type\":\"1\",\"fields\":{\"video\":\"https:\\/\\/vimeo.com\\/193185940\",\"caption\":\"Samurai\"}},\"170\":{\"type\":\"1\",\"fields\":{\"video\":\"https:\\/\\/vimeo.com\\/193185835\",\"caption\":\"Runner\"}},\"171\":{\"type\":\"1\",\"fields\":{\"video\":\"https:\\/\\/vimeo.com\\/193186104\",\"caption\":\"Scenester\"}}}}},\"281\":{\"type\":\"text\",\"enabled\":\"1\",\"fields\":{\"copy\":\"<h2>The bow on top<\\/h2>\\r\\n<p>Every piece of content featured a reimagined Airbnb motion logo consistent with the fluid design aesthetic we developed for our animations.<\\/p>\"}},\"252\":{\"type\":\"twoUpImages\",\"enabled\":\"1\",\"fields\":{\"firstImage\":[\"29\"],\"secondImage\":[\"203\"]}},\"179\":{\"type\":\"text\",\"enabled\":\"1\",\"fields\":{\"copy\":\"<h2>The payoff<\\/h2>\\r\\n<p>The assets were leveraged across a variety of channels from Airbnb Open to product landing pages, social and YouTube, email newsletters, and paid media. The functional videos amassed over <strong>11 million views in less than three weeks<\\/strong>. On Airbnb product pages, the <strong>video click-through-rate reached as high as 15 percent<\\/strong>. <\\/p>\\r\\n<p>We received coverage in the <strong><em>NYTimes<\\/em><\\/strong><strong>, Adweek, <\\/strong><strong><em>Travel + Leisure<\\/em><\\/strong><strong>, TechCrunch, Mashable, <\\/strong><strong><em>The Telegraph<\\/em><\\/strong><strong>, and Fast Company.<\\/strong><\\/p>\\r\\n<p><\\/p>\"}},\"180\":{\"type\":\"fiveUpImages\",\"enabled\":\"1\",\"fields\":{\"firstImage\":[\"199\"],\"secondImage\":[\"203\"],\"thirdImage\":[\"29\"],\"fourthImage\":[\"76\"],\"fifthImage\":[\"210\"]}}},\"2\":[\"96\"],\"9\":\"center\"}}', '2017-09-26 01:37:05', '2017-09-26 01:37:05', '3f59ae70-3a0f-46d9-a2f2-ea614f4008bb'),
 ('163', '4', '2', '75', 'en_us', '44', '', '{\"typeId\":\"2\",\"authorId\":\"1\",\"title\":\"Airbnb\",\"slug\":\"airbnb\",\"postDate\":1502508000,\"expiryDate\":null,\"enabled\":1,\"parentId\":null,\"fields\":{\"6\":\"#fd5b5b\",\"4\":\"<p><strong>The campaign that <em>\\u201c<\\/em><em>brought the house down<\\/em><em>\\u201d<\\/em>&nbsp;at <a href=\\\"http:\\/\\/bokeh.agency\\/projects\\/airbnb#entry:4:url\\\">Airbnb<\\/a>.<\\/strong><\\/p>\",\"8\":\"center\",\"3\":[\"222\"],\"5\":\"\",\"10\":{\"147\":{\"type\":\"text\",\"enabled\":\"1\",\"fields\":{\"copy\":\"<hr>\\r\\n<h2>The Mission<\\/h2>\\r\\n<p>On November 17, 2016, Airbnb announced the largest product expansion in its history. Just five weeks earlier, Bokeh was asked to join its sprint to the finish line.<\\/p>\\r\\n<p>Working alongside engineering, brand, product marketing, art, and C-level teams, we developed myriad content to educate users on new features, advertise and build awareness on social media, and, ultimately, to introduce the world to Airbnb Trips on-stage at Airbnb Open in Los Angeles.<br><\\/p>\"}},\"251\":{\"type\":\"text\",\"enabled\":\"1\",\"fields\":{\"copy\":\"<h2>Services<\\/h2>\\r\\n<ul><li>Concept<\\/li><li>Branding Animation<\\/li><li>Film\\/Video<\\/li><li>Animation<\\/li><li>Digital Ads<\\/li><li>Social Ads<\\/li><\\/ul>\"}},\"181\":{\"type\":\"fullWidthImage\",\"enabled\":\"1\",\"fields\":{\"image\":[\"177\"],\"caption\":\"\"}},\"146\":{\"type\":\"quote\",\"enabled\":\"1\",\"fields\":{\"quote\":\"\\u201cThis film brought the house down. I cannot imagine now having done this without it.\\u201d\",\"avatar\":[\"250\"],\"personsName\":\"Brian Chesky\",\"jobTitle\":\"CEO of Airbnb\",\"shapeBackground\":[\"show\"]}},\"155\":{\"type\":\"text\",\"enabled\":\"1\",\"fields\":{\"copy\":\"<h2>Let\\u2019s get functional<\\/h2>\\r\\n<p>Humanity is a core component of the Airbnb brand. Every feature and service built into the new Airbnb app derives value from the way it connects to guests, hosts, and experiences. To reinforce this connection, we melded organic live-action footage with engaging UI animations and garnished it all with a touch of whimsy. The result was twelve functional product videos viewable in landscape and portrait mode.<\\/p>\"}},\"157\":{\"type\":\"videoCarousel\",\"enabled\":\"1\",\"fields\":{\"video\":{\"158\":{\"type\":\"1\",\"fields\":{\"video\":\"https:\\/\\/vimeo.com\\/193177317\",\"caption\":\"Introducing Experiences\"}},\"159\":{\"type\":\"1\",\"fields\":{\"video\":\"https:\\/\\/vimeo.com\\/193177901\",\"caption\":\"Introducing Itinerary\"}},\"160\":{\"type\":\"1\",\"fields\":{\"video\":\"https:\\/\\/vimeo.com\\/193177150\",\"caption\":\"Introducing Co-hosting\"}},\"161\":{\"type\":\"1\",\"fields\":{\"video\":\"https:\\/\\/vimeo.com\\/193177011\",\"caption\":\"Introducing Social Impact Experiences\"}},\"280\":{\"type\":\"1\",\"fields\":{\"video\":\"https:\\/\\/vimeo.com\\/193176889\",\"caption\":\"Staying Connected in Cuba\"}}}}},\"164\":{\"type\":\"threeUpImages\",\"enabled\":\"1\",\"fields\":{\"firstImage\":[\"152\"],\"secondImage\":[\"21\"],\"thirdImage\":[\"72\"]}},\"162\":{\"type\":\"text\",\"enabled\":\"1\",\"fields\":{\"copy\":\"<h2>The Reveal<\\/h2>\\r\\n<p>With two days before Airbnb Open, Brian needed a Hail Mary. He lacked a centerpiece for the launch announcement that firmly connected Airbnb\\u2019s digital product with the human experiences it fosters. So he asked us to apply our creative approach to the keynote anthem and make a film about the future of home sharing.<\\/p>\"}},\"153\":{\"type\":\"video\",\"enabled\":\"1\",\"fields\":{\"videoUrl\":\"https:\\/\\/vimeo.com\\/193175968\",\"caption\":\"Welcome to the World of Trips | Aired During Airbnb Open 2016 Keynote\"}},\"166\":{\"type\":\"video\",\"enabled\":\"1\",\"fields\":{\"videoUrl\":\"https:\\/\\/vimeo.com\\/193184792\",\"caption\":\"Airbnb Collections Teaser | Aired During AO 2016 Keynote\"}},\"165\":{\"type\":\"text\",\"enabled\":\"1\",\"fields\":{\"copy\":\"<h2>Marketing Master Blaster<\\/h2>\\r\\n<p>To build awareness, we applied this approach to four 15-second advertisements blasted across digital and social channels.<br><\\/p>\"}},\"167\":{\"type\":\"videoCarousel\",\"enabled\":\"1\",\"fields\":{\"video\":{\"168\":{\"type\":\"1\",\"fields\":{\"video\":\"https:\\/\\/vimeo.com\\/194444259\",\"caption\":\"Burlesque\"}},\"169\":{\"type\":\"1\",\"fields\":{\"video\":\"https:\\/\\/vimeo.com\\/193185940\",\"caption\":\"Samurai\"}},\"170\":{\"type\":\"1\",\"fields\":{\"video\":\"https:\\/\\/vimeo.com\\/193185835\",\"caption\":\"Runner\"}},\"171\":{\"type\":\"1\",\"fields\":{\"video\":\"https:\\/\\/vimeo.com\\/193186104\",\"caption\":\"Scenester\"}}}}},\"281\":{\"type\":\"text\",\"enabled\":\"1\",\"fields\":{\"copy\":\"<h2>The bow on top<\\/h2>\\r\\n<p>Every piece of content featured a reimagined Airbnb motion logo consistent with the fluid design aesthetic we developed for our animations.<\\/p>\"}},\"252\":{\"type\":\"twoUpImages\",\"enabled\":\"1\",\"fields\":{\"firstImage\":[\"29\"],\"secondImage\":[\"203\"]}},\"179\":{\"type\":\"text\",\"enabled\":\"1\",\"fields\":{\"copy\":\"<h2>The payoff<\\/h2>\\r\\n<p>The assets were leveraged across a variety of channels from Airbnb Open to product landing pages, social and YouTube, email newsletters, and paid media. The functional videos amassed over <strong>11 million views in less than three weeks<\\/strong>. On Airbnb product pages, the <strong>video click-through-rate reached as high as 15 percent<\\/strong>. <\\/p>\\r\\n<p>We received coverage in the <strong><em>NYTimes<\\/em><\\/strong><strong>, Adweek, <\\/strong><strong><em>Travel + Leisure<\\/em><\\/strong><strong>, TechCrunch, Mashable, <\\/strong><strong><em>The Telegraph<\\/em><\\/strong><strong>, and Fast Company.<\\/strong><\\/p>\"}},\"180\":{\"type\":\"fiveUpImages\",\"enabled\":\"1\",\"fields\":{\"firstImage\":[\"199\"],\"secondImage\":[\"203\"],\"thirdImage\":[\"29\"],\"fourthImage\":[\"76\"],\"fifthImage\":[\"210\"]}}},\"2\":[\"96\"],\"9\":\"center\"}}', '2017-09-26 01:38:04', '2017-09-26 01:38:04', 'a79baa00-b13c-48fe-a888-1f985ddfe1e3'),
 ('164', '4', '2', '75', 'en_us', '45', '', '{\"typeId\":\"2\",\"authorId\":\"1\",\"title\":\"Airbnb\",\"slug\":\"airbnb\",\"postDate\":1502508000,\"expiryDate\":null,\"enabled\":1,\"parentId\":null,\"fields\":{\"6\":\"#fd5b5b\",\"4\":\"<p><strong>The campaign that <em>\\u201c<\\/em><em>brought the house down<\\/em><em>\\u201d<\\/em>&nbsp;at <a href=\\\"http:\\/\\/bokeh.agency\\/projects\\/airbnb#entry:4:url\\\">Airbnb<\\/a>.<\\/strong><\\/p>\",\"8\":\"center\",\"3\":[\"222\"],\"5\":\"\",\"10\":{\"147\":{\"type\":\"text\",\"enabled\":\"1\",\"fields\":{\"copy\":\"<h2>The Mission<\\/h2>\\r\\n<p>On November 17, 2016, Airbnb announced the largest product expansion in its history. Just five weeks earlier, Bokeh was asked to join its sprint to the finish line.<\\/p>\\r\\n<p>Working alongside engineering, brand, product marketing, art, and C-level teams, we developed myriad content to educate users on new features, advertise and build awareness on social media, and, ultimately, to introduce the world to Airbnb Trips on-stage at Airbnb Open in Los Angeles.<br><\\/p>\"}},\"251\":{\"type\":\"text\",\"enabled\":\"1\",\"fields\":{\"copy\":\"<h2>Services<\\/h2>\\r\\n<ul><li>Concept<\\/li><li>Branding Animation<\\/li><li>Film\\/Video<\\/li><li>Animation<\\/li><li>Digital Ads<\\/li><li>Social Ads<\\/li><\\/ul>\"}},\"181\":{\"type\":\"fullWidthImage\",\"enabled\":\"1\",\"fields\":{\"image\":[\"177\"],\"caption\":\"\"}},\"146\":{\"type\":\"quote\",\"enabled\":\"1\",\"fields\":{\"quote\":\"\\u201cThis film brought the house down. I cannot imagine now having done this without it.\\u201d\",\"avatar\":[\"250\"],\"personsName\":\"Brian Chesky\",\"jobTitle\":\"CEO of Airbnb\",\"shapeBackground\":[\"show\"]}},\"155\":{\"type\":\"text\",\"enabled\":\"1\",\"fields\":{\"copy\":\"<h2>Let\\u2019s get functional<\\/h2>\\r\\n<p>Humanity is a core component of the Airbnb brand. Every feature and service built into the new Airbnb app derives value from the way it connects to guests, hosts, and experiences. To reinforce this connection, we melded organic live-action footage with engaging UI animations and garnished it all with a touch of whimsy. The result was twelve functional product videos viewable in landscape and portrait mode.<\\/p>\"}},\"157\":{\"type\":\"videoCarousel\",\"enabled\":\"1\",\"fields\":{\"video\":{\"158\":{\"type\":\"1\",\"fields\":{\"video\":\"https:\\/\\/vimeo.com\\/193177317\",\"caption\":\"Introducing Experiences\"}},\"159\":{\"type\":\"1\",\"fields\":{\"video\":\"https:\\/\\/vimeo.com\\/193177901\",\"caption\":\"Introducing Itinerary\"}},\"160\":{\"type\":\"1\",\"fields\":{\"video\":\"https:\\/\\/vimeo.com\\/193177150\",\"caption\":\"Introducing Co-hosting\"}},\"161\":{\"type\":\"1\",\"fields\":{\"video\":\"https:\\/\\/vimeo.com\\/193177011\",\"caption\":\"Introducing Social Impact Experiences\"}},\"280\":{\"type\":\"1\",\"fields\":{\"video\":\"https:\\/\\/vimeo.com\\/193176889\",\"caption\":\"Staying Connected in Cuba\"}}}}},\"164\":{\"type\":\"threeUpImages\",\"enabled\":\"1\",\"fields\":{\"firstImage\":[\"152\"],\"secondImage\":[\"21\"],\"thirdImage\":[\"72\"]}},\"162\":{\"type\":\"text\",\"enabled\":\"1\",\"fields\":{\"copy\":\"<h2>The Reveal<\\/h2>\\r\\n<p>With two days before Airbnb Open, Brian needed a Hail Mary. He lacked a centerpiece for the launch announcement that firmly connected Airbnb\\u2019s digital product with the human experiences it fosters. So he asked us to apply our creative approach to the keynote anthem and make a film about the future of home sharing.<\\/p>\"}},\"153\":{\"type\":\"video\",\"enabled\":\"1\",\"fields\":{\"videoUrl\":\"https:\\/\\/vimeo.com\\/193175968\",\"caption\":\"Welcome to the World of Trips | Aired During Airbnb Open 2016 Keynote\"}},\"166\":{\"type\":\"video\",\"enabled\":\"1\",\"fields\":{\"videoUrl\":\"https:\\/\\/vimeo.com\\/193184792\",\"caption\":\"Airbnb Collections Teaser | Aired During AO 2016 Keynote\"}},\"165\":{\"type\":\"text\",\"enabled\":\"1\",\"fields\":{\"copy\":\"<h2>Marketing Master Blaster<\\/h2>\\r\\n<p>To build awareness, we applied this approach to four 15-second advertisements blasted across digital and social channels.<br><\\/p>\"}},\"167\":{\"type\":\"videoCarousel\",\"enabled\":\"1\",\"fields\":{\"video\":{\"168\":{\"type\":\"1\",\"fields\":{\"video\":\"https:\\/\\/vimeo.com\\/194444259\",\"caption\":\"Burlesque\"}},\"169\":{\"type\":\"1\",\"fields\":{\"video\":\"https:\\/\\/vimeo.com\\/193185940\",\"caption\":\"Samurai\"}},\"170\":{\"type\":\"1\",\"fields\":{\"video\":\"https:\\/\\/vimeo.com\\/193185835\",\"caption\":\"Runner\"}},\"171\":{\"type\":\"1\",\"fields\":{\"video\":\"https:\\/\\/vimeo.com\\/193186104\",\"caption\":\"Scenester\"}}}}},\"281\":{\"type\":\"text\",\"enabled\":\"1\",\"fields\":{\"copy\":\"<h2>The bow on top<\\/h2>\\r\\n<p>Every piece of content featured a reimagined Airbnb motion logo consistent with the fluid design aesthetic we developed for our animations.<\\/p>\"}},\"252\":{\"type\":\"twoUpImages\",\"enabled\":\"1\",\"fields\":{\"firstImage\":[\"29\"],\"secondImage\":[\"203\"]}},\"179\":{\"type\":\"text\",\"enabled\":\"1\",\"fields\":{\"copy\":\"<h2>The payoff<\\/h2>\\r\\n<p>The assets were leveraged across a variety of channels from Airbnb Open to product landing pages, social and YouTube, email newsletters, and paid media. The functional videos amassed over <strong>11 million views in less than three weeks<\\/strong>. On Airbnb product pages, the <strong>video click-through-rate reached as high as 15 percent<\\/strong>. <\\/p>\\r\\n<p>We received coverage in the <strong><em>NYTimes<\\/em><\\/strong><strong>, Adweek, <\\/strong><strong><em>Travel + Leisure<\\/em><\\/strong><strong>, TechCrunch, Mashable, <\\/strong><strong><em>The Telegraph<\\/em><\\/strong><strong>, and Fast Company.<\\/strong><\\/p>\"}},\"180\":{\"type\":\"fiveUpImages\",\"enabled\":\"1\",\"fields\":{\"firstImage\":[\"199\"],\"secondImage\":[\"203\"],\"thirdImage\":[\"29\"],\"fourthImage\":[\"76\"],\"fifthImage\":[\"210\"]}}},\"2\":[\"96\"],\"9\":\"center\"}}', '2017-09-26 01:38:40', '2017-09-26 01:38:40', '91e2a847-2661-473c-9e6d-fce7e977e054'),
 ('165', '4', '2', '75', 'en_us', '46', '', '{\"typeId\":\"2\",\"authorId\":\"1\",\"title\":\"Airbnb\",\"slug\":\"airbnb\",\"postDate\":1502508000,\"expiryDate\":null,\"enabled\":1,\"parentId\":null,\"fields\":{\"6\":\"#fd5b5b\",\"4\":\"<p><strong>The campaign that <em>\\u201c<\\/em><em>brought the house down<\\/em><em>\\u201d<\\/em>&nbsp;at <a href=\\\"http:\\/\\/bokeh.agency\\/projects\\/airbnb#entry:4:url\\\">Airbnb<\\/a>.<\\/strong><\\/p>\",\"8\":\"center\",\"3\":[\"222\"],\"5\":\"\",\"10\":{\"147\":{\"type\":\"text\",\"enabled\":\"1\",\"fields\":{\"copy\":\"<h2>The Mission<\\/h2>\\r\\n<p>On November 17, 2016, Airbnb announced the largest product expansion in its history. Just five weeks earlier, Bokeh was asked to join its sprint to the finish line.<\\/p>\\r\\n<p>Working alongside engineering, brand, product marketing, art, and C-level teams, we developed myriad content to educate users on new features, advertise and build awareness on social media, and, ultimately, to introduce the world to Airbnb Trips on-stage at Airbnb Open in Los Angeles.<br><\\/p>\"}},\"181\":{\"type\":\"fullWidthImage\",\"enabled\":\"1\",\"fields\":{\"image\":[\"177\"],\"caption\":\"\"}},\"251\":{\"type\":\"text\",\"enabled\":\"1\",\"fields\":{\"copy\":\"<h2>Services<\\/h2>\\r\\n<ul><li>Concept<\\/li><li>Branding Animation<\\/li><li>Film\\/Video<\\/li><li>Animation<\\/li><li>Digital Ads<\\/li><li>Social Ads<\\/li><\\/ul>\"}},\"146\":{\"type\":\"quote\",\"enabled\":\"1\",\"fields\":{\"quote\":\"\\u201cThis film brought the house down. I cannot imagine now having done this without it.\\u201d\",\"avatar\":[\"250\"],\"personsName\":\"Brian Chesky\",\"jobTitle\":\"CEO of Airbnb\",\"shapeBackground\":[\"show\"]}},\"155\":{\"type\":\"text\",\"enabled\":\"1\",\"fields\":{\"copy\":\"<h2>Let\\u2019s get functional<\\/h2>\\r\\n<p>Humanity is a core component of the Airbnb brand. Every feature and service built into the new Airbnb app derives value from the way it connects to guests, hosts, and experiences. To reinforce this connection, we melded organic live-action footage with engaging UI animations and garnished it all with a touch of whimsy. The result was twelve functional product videos viewable in landscape and portrait mode.<\\/p>\"}},\"157\":{\"type\":\"videoCarousel\",\"enabled\":\"1\",\"fields\":{\"video\":{\"158\":{\"type\":\"1\",\"fields\":{\"video\":\"https:\\/\\/vimeo.com\\/193177317\",\"caption\":\"Introducing Experiences\"}},\"159\":{\"type\":\"1\",\"fields\":{\"video\":\"https:\\/\\/vimeo.com\\/193177901\",\"caption\":\"Introducing Itinerary\"}},\"160\":{\"type\":\"1\",\"fields\":{\"video\":\"https:\\/\\/vimeo.com\\/193177150\",\"caption\":\"Introducing Co-hosting\"}},\"161\":{\"type\":\"1\",\"fields\":{\"video\":\"https:\\/\\/vimeo.com\\/193177011\",\"caption\":\"Introducing Social Impact Experiences\"}},\"280\":{\"type\":\"1\",\"fields\":{\"video\":\"https:\\/\\/vimeo.com\\/193176889\",\"caption\":\"Staying Connected in Cuba\"}}}}},\"164\":{\"type\":\"threeUpImages\",\"enabled\":\"1\",\"fields\":{\"firstImage\":[\"152\"],\"secondImage\":[\"21\"],\"thirdImage\":[\"72\"]}},\"162\":{\"type\":\"text\",\"enabled\":\"1\",\"fields\":{\"copy\":\"<h2>The Reveal<\\/h2>\\r\\n<p>With two days before Airbnb Open, Brian needed a Hail Mary. He lacked a centerpiece for the launch announcement that firmly connected Airbnb\\u2019s digital product with the human experiences it fosters. So he asked us to apply our creative approach to the keynote anthem and make a film about the future of home sharing.<\\/p>\"}},\"153\":{\"type\":\"video\",\"enabled\":\"1\",\"fields\":{\"videoUrl\":\"https:\\/\\/vimeo.com\\/193175968\",\"caption\":\"Welcome to the World of Trips | Aired During Airbnb Open 2016 Keynote\"}},\"166\":{\"type\":\"video\",\"enabled\":\"1\",\"fields\":{\"videoUrl\":\"https:\\/\\/vimeo.com\\/193184792\",\"caption\":\"Airbnb Collections Teaser | Aired During AO 2016 Keynote\"}},\"165\":{\"type\":\"text\",\"enabled\":\"1\",\"fields\":{\"copy\":\"<h2>Marketing Master Blaster<\\/h2>\\r\\n<p>To build awareness, we applied this approach to four 15-second advertisements blasted across digital and social channels.<br><\\/p>\"}},\"167\":{\"type\":\"videoCarousel\",\"enabled\":\"1\",\"fields\":{\"video\":{\"168\":{\"type\":\"1\",\"fields\":{\"video\":\"https:\\/\\/vimeo.com\\/194444259\",\"caption\":\"Burlesque\"}},\"169\":{\"type\":\"1\",\"fields\":{\"video\":\"https:\\/\\/vimeo.com\\/193185940\",\"caption\":\"Samurai\"}},\"170\":{\"type\":\"1\",\"fields\":{\"video\":\"https:\\/\\/vimeo.com\\/193185835\",\"caption\":\"Runner\"}},\"171\":{\"type\":\"1\",\"fields\":{\"video\":\"https:\\/\\/vimeo.com\\/193186104\",\"caption\":\"Scenester\"}}}}},\"281\":{\"type\":\"text\",\"enabled\":\"1\",\"fields\":{\"copy\":\"<h2>The bow on top<\\/h2>\\r\\n<p>Every piece of content featured a reimagined Airbnb motion logo consistent with the fluid design aesthetic we developed for our animations.<\\/p>\"}},\"252\":{\"type\":\"twoUpImages\",\"enabled\":\"1\",\"fields\":{\"firstImage\":[\"29\"],\"secondImage\":[\"203\"]}},\"179\":{\"type\":\"text\",\"enabled\":\"1\",\"fields\":{\"copy\":\"<h2>The payoff<\\/h2>\\r\\n<p>The assets were leveraged across a variety of channels from Airbnb Open to product landing pages, social and YouTube, email newsletters, and paid media. The functional videos amassed over <strong>11 million views in less than three weeks<\\/strong>. On Airbnb product pages, the <strong>video click-through-rate reached as high as 15 percent<\\/strong>. <\\/p>\\r\\n<p>We received coverage in the <strong><em>NYTimes<\\/em><\\/strong><strong>, Adweek, <\\/strong><strong><em>Travel + Leisure<\\/em><\\/strong><strong>, TechCrunch, Mashable, <\\/strong><strong><em>The Telegraph<\\/em><\\/strong><strong>, and Fast Company.<\\/strong><\\/p>\"}},\"180\":{\"type\":\"fiveUpImages\",\"enabled\":\"1\",\"fields\":{\"firstImage\":[\"199\"],\"secondImage\":[\"203\"],\"thirdImage\":[\"29\"],\"fourthImage\":[\"76\"],\"fifthImage\":[\"210\"]}}},\"2\":[\"96\"],\"9\":\"center\"}}', '2017-09-26 01:39:49', '2017-09-26 01:39:49', '1efffdb6-a6f0-49df-a894-2ca0c9903e2d'),
 ('166', '4', '2', '75', 'en_us', '47', '', '{\"typeId\":\"2\",\"authorId\":\"1\",\"title\":\"Airbnb\",\"slug\":\"airbnb\",\"postDate\":1502508000,\"expiryDate\":null,\"enabled\":1,\"parentId\":null,\"fields\":{\"6\":\"#fd5b5b\",\"4\":\"<p><strong>The campaign that <em>\\u201c<\\/em><em>brought the house down<\\/em><em>\\u201d<\\/em>&nbsp;at <a href=\\\"http:\\/\\/bokeh.agency\\/projects\\/airbnb#entry:4:url\\\">Airbnb<\\/a>.<\\/strong><\\/p>\",\"8\":\"center\",\"3\":[\"222\"],\"5\":\"\",\"10\":{\"147\":{\"type\":\"text\",\"enabled\":\"1\",\"fields\":{\"copy\":\"<h2>The Mission<\\/h2>\\r\\n<p>On November 17, 2016, Airbnb announced the largest product expansion in its history. Just five weeks earlier, Bokeh was asked to join its sprint to the finish line.<\\/p>\\r\\n<p>Working alongside engineering, brand, product marketing, art, and C-level teams, we developed myriad content to educate users on new features, advertise and build awareness on social media, and, ultimately, to introduce the world to Airbnb Trips on-stage at Airbnb Open in Los Angeles.<br><\\/p>\"}},\"251\":{\"type\":\"text\",\"enabled\":\"1\",\"fields\":{\"copy\":\"<h2>Services<\\/h2>\\r\\n<ul><li>Concept<\\/li><li>Branding Animation<\\/li><li>Film\\/Video<\\/li><li>Animation<\\/li><li>Digital Ads<\\/li><li>Social Ads<\\/li><\\/ul>\"}},\"181\":{\"type\":\"fullWidthImage\",\"enabled\":\"1\",\"fields\":{\"image\":[\"177\"],\"caption\":\"\"}},\"155\":{\"type\":\"text\",\"enabled\":\"1\",\"fields\":{\"copy\":\"<h2>Let\\u2019s get functional<\\/h2>\\r\\n<p>Humanity is a core component of the Airbnb brand. Every feature and service built into the new Airbnb app derives value from the way it connects to guests, hosts, and experiences. To reinforce this connection, we melded organic live-action footage with engaging UI animations and garnished it all with a touch of whimsy. The result was twelve functional product videos viewable in landscape and portrait mode.<\\/p>\"}},\"157\":{\"type\":\"videoCarousel\",\"enabled\":\"1\",\"fields\":{\"video\":{\"158\":{\"type\":\"1\",\"fields\":{\"video\":\"https:\\/\\/vimeo.com\\/193177317\",\"caption\":\"Introducing Experiences\"}},\"159\":{\"type\":\"1\",\"fields\":{\"video\":\"https:\\/\\/vimeo.com\\/193177901\",\"caption\":\"Introducing Itinerary\"}},\"160\":{\"type\":\"1\",\"fields\":{\"video\":\"https:\\/\\/vimeo.com\\/193177150\",\"caption\":\"Introducing Co-hosting\"}},\"161\":{\"type\":\"1\",\"fields\":{\"video\":\"https:\\/\\/vimeo.com\\/193177011\",\"caption\":\"Introducing Social Impact Experiences\"}},\"280\":{\"type\":\"1\",\"fields\":{\"video\":\"https:\\/\\/vimeo.com\\/193176889\",\"caption\":\"Staying Connected in Cuba\"}}}}},\"164\":{\"type\":\"threeUpImages\",\"enabled\":\"1\",\"fields\":{\"firstImage\":[\"152\"],\"secondImage\":[\"21\"],\"thirdImage\":[\"72\"]}},\"146\":{\"type\":\"quote\",\"enabled\":\"1\",\"fields\":{\"quote\":\"\\u201cThis film brought the house down. I cannot imagine now having done this without it.\\u201d\",\"avatar\":[\"250\"],\"personsName\":\"Brian Chesky\",\"jobTitle\":\"CEO of Airbnb\",\"shapeBackground\":[\"show\"]}},\"162\":{\"type\":\"text\",\"enabled\":\"1\",\"fields\":{\"copy\":\"<h2>The Reveal<\\/h2>\\r\\n<p>With two days before Airbnb Open, Brian needed a Hail Mary. He lacked a centerpiece for the launch announcement that firmly connected Airbnb\\u2019s digital product with the human experiences it fosters. So he asked us to apply our creative approach to the keynote anthem and make a film about the future of home sharing.<\\/p>\"}},\"153\":{\"type\":\"video\",\"enabled\":\"1\",\"fields\":{\"videoUrl\":\"https:\\/\\/vimeo.com\\/193175968\",\"caption\":\"Welcome to the World of Trips | Aired During Airbnb Open 2016 Keynote\"}},\"166\":{\"type\":\"video\",\"enabled\":\"1\",\"fields\":{\"videoUrl\":\"https:\\/\\/vimeo.com\\/193184792\",\"caption\":\"Airbnb Collections Teaser | Aired During AO 2016 Keynote\"}},\"165\":{\"type\":\"text\",\"enabled\":\"1\",\"fields\":{\"copy\":\"<h2>Marketing Master Blaster<\\/h2>\\r\\n<p>To build awareness, we applied this approach to four 15-second advertisements blasted across digital and social channels.<br><\\/p>\"}},\"167\":{\"type\":\"videoCarousel\",\"enabled\":\"1\",\"fields\":{\"video\":{\"168\":{\"type\":\"1\",\"fields\":{\"video\":\"https:\\/\\/vimeo.com\\/194444259\",\"caption\":\"Burlesque\"}},\"169\":{\"type\":\"1\",\"fields\":{\"video\":\"https:\\/\\/vimeo.com\\/193185940\",\"caption\":\"Samurai\"}},\"170\":{\"type\":\"1\",\"fields\":{\"video\":\"https:\\/\\/vimeo.com\\/193185835\",\"caption\":\"Runner\"}},\"171\":{\"type\":\"1\",\"fields\":{\"video\":\"https:\\/\\/vimeo.com\\/193186104\",\"caption\":\"Scenester\"}}}}},\"281\":{\"type\":\"text\",\"enabled\":\"1\",\"fields\":{\"copy\":\"<h2>The bow on top<\\/h2>\\r\\n<p>Every piece of content featured a reimagined Airbnb motion logo consistent with the fluid design aesthetic we developed for our animations.<\\/p>\"}},\"252\":{\"type\":\"twoUpImages\",\"enabled\":\"1\",\"fields\":{\"firstImage\":[\"29\"],\"secondImage\":[\"203\"]}},\"179\":{\"type\":\"text\",\"enabled\":\"1\",\"fields\":{\"copy\":\"<h2>The payoff<\\/h2>\\r\\n<p>The assets were leveraged across a variety of channels from Airbnb Open to product landing pages, social and YouTube, email newsletters, and paid media. The functional videos amassed over <strong>11 million views in less than three weeks<\\/strong>. On Airbnb product pages, the <strong>video click-through-rate reached as high as 15 percent<\\/strong>. <\\/p>\\r\\n<p>We received coverage in the <strong><em>NYTimes<\\/em><\\/strong><strong>, Adweek, <\\/strong><strong><em>Travel + Leisure<\\/em><\\/strong><strong>, TechCrunch, Mashable, <\\/strong><strong><em>The Telegraph<\\/em><\\/strong><strong>, and Fast Company.<\\/strong><\\/p>\"}},\"180\":{\"type\":\"fiveUpImages\",\"enabled\":\"1\",\"fields\":{\"firstImage\":[\"199\"],\"secondImage\":[\"203\"],\"thirdImage\":[\"29\"],\"fourthImage\":[\"76\"],\"fifthImage\":[\"210\"]}}},\"2\":[\"96\"],\"9\":\"center\"}}', '2017-09-26 01:42:55', '2017-09-26 01:42:55', '44a68621-122e-4254-82fb-23432fe945b6'),
 ('167', '77', '2', '75', 'en_us', '30', '', '{\"typeId\":\"2\",\"authorId\":\"75\",\"title\":\"Instagram\",\"slug\":\"instagram\",\"postDate\":1503364800,\"expiryDate\":null,\"enabled\":1,\"parentId\":null,\"fields\":{\"6\":\"#197cba\",\"4\":\"<p><strong><strong>We backpacked around the globe to shoot a series for<\\/strong>&nbsp;<\\/strong><a href=\\\"http:\\/\\/bokeh.agency\\/projects\\/instagram#entry:77:url\\\"><\\/a><a href=\\\"http:\\/\\/bokeh.agency\\/projects\\/instagram#entry:77:url\\\">Instagram<\\/a>.<\\/p>\",\"8\":\"center\",\"3\":[\"219\"],\"5\":\"\",\"10\":{\"new1\":{\"type\":\"text\",\"enabled\":\"1\",\"fields\":{\"copy\":\"<h2>The Mission<\\/h2>\\r\\n<p>In May 2016, Instagram asked Bokeh to develop the creative strategy behind its largest business marketing campaign. Over the next six months, Bokeh would trek across four continents and collaborate with twenty-four businesses in eight of Instagram\\u2019s top-performing markets to produce eight market-specific anthem films, one global anthem film, and two business profiles.<\\/p>\"}},\"new2\":{\"type\":\"text\",\"enabled\":\"1\",\"fields\":{\"copy\":\"<h2>Services<\\/h2>\\r\\n<ul><li>Concept<\\/li><li>Branding<\\/li><li>Film\\/Video<\\/li><\\/ul>\"}}},\"2\":\"\",\"9\":\"bottom\"}}', '2017-09-26 01:47:21', '2017-09-26 01:47:21', '85425a6d-0d85-4346-a6f4-1a76fdded66c'),
 ('168', '77', '2', '75', 'en_us', '31', '', '{\"typeId\":\"2\",\"authorId\":\"75\",\"title\":\"Instagram\",\"slug\":\"instagram\",\"postDate\":1503364800,\"expiryDate\":null,\"enabled\":1,\"parentId\":null,\"fields\":{\"6\":\"#4463e4\",\"4\":\"<p><strong><strong>We backpacked around the globe to shoot a series for<\\/strong>&nbsp;<\\/strong><a href=\\\"http:\\/\\/bokeh.agency\\/projects\\/instagram#entry:77:url\\\"><\\/a><a href=\\\"http:\\/\\/bokeh.agency\\/projects\\/instagram#entry:77:url\\\">Instagram<\\/a>.<\\/p>\",\"8\":\"center\",\"3\":[\"219\"],\"5\":\"\",\"10\":{\"282\":{\"type\":\"text\",\"enabled\":\"1\",\"fields\":{\"copy\":\"<h2>The Mission<\\/h2>\\r\\n<p>In May 2016, Instagram asked Bokeh to develop the creative strategy behind its largest business marketing campaign. Over the next six months, Bokeh would trek across four continents and collaborate with twenty-four businesses in eight of Instagram\\u2019s top-performing markets to produce eight market-specific anthem films, one global anthem film, and two business profiles.<\\/p>\"}},\"283\":{\"type\":\"text\",\"enabled\":\"1\",\"fields\":{\"copy\":\"<h2>Services<\\/h2>\\r\\n<ul><li>Concept<\\/li><li>Branding<\\/li><li>Film\\/Video<\\/li><\\/ul>\"}}},\"2\":\"\",\"9\":\"bottom\"}}', '2017-09-26 01:48:42', '2017-09-26 01:48:42', '40175b50-bc71-4dbd-a84f-c84ccc3716eb'),
 ('169', '2', '1', '1', 'en_us', '62', '', '{\"typeId\":null,\"authorId\":null,\"title\":\"Homepage\",\"slug\":\"homepage\",\"postDate\":1502679916,\"expiryDate\":null,\"enabled\":1,\"parentId\":null,\"fields\":{\"51\":\"We\'ve worked with some of the best teams in the world, and are proud to call these clients our partners and friends\",\"52\":{\"131\":{\"type\":\"clientLogo\",\"enabled\":\"1\",\"fields\":{\"client\":[\"120\"]}},\"132\":{\"type\":\"clientLogo\",\"enabled\":\"1\",\"fields\":{\"client\":[\"117\"]}},\"133\":{\"type\":\"clientLogo\",\"enabled\":\"1\",\"fields\":{\"client\":[\"121\"]}},\"134\":{\"type\":\"clientLogo\",\"enabled\":\"1\",\"fields\":{\"client\":[\"128\"]}},\"135\":{\"type\":\"clientLogo\",\"enabled\":\"1\",\"fields\":{\"client\":[\"127\"]}},\"136\":{\"type\":\"clientLogo\",\"enabled\":\"1\",\"fields\":{\"client\":[\"129\"]}},\"137\":{\"type\":\"clientLogo\",\"enabled\":\"1\",\"fields\":{\"client\":[\"122\"]}},\"138\":{\"type\":\"clientLogo\",\"enabled\":\"1\",\"fields\":{\"client\":[\"125\"]}},\"139\":{\"type\":\"clientLogo\",\"enabled\":\"1\",\"fields\":{\"client\":[\"126\"]}},\"140\":{\"type\":\"clientLogo\",\"enabled\":\"1\",\"fields\":{\"client\":[\"123\"]}},\"141\":{\"type\":\"clientLogo\",\"enabled\":\"1\",\"fields\":{\"client\":[\"118\"]}},\"142\":{\"type\":\"clientLogo\",\"enabled\":\"1\",\"fields\":{\"client\":[\"145\"]}},\"143\":{\"type\":\"clientLogo\",\"enabled\":\"1\",\"fields\":{\"client\":[\"124\"]}},\"144\":{\"type\":\"clientLogo\",\"enabled\":\"1\",\"fields\":{\"client\":[\"130\"]}},\"253\":{\"type\":\"clientLogo\",\"enabled\":\"1\",\"fields\":{\"client\":[\"117\"]}},\"254\":{\"type\":\"clientLogo\",\"enabled\":\"1\",\"fields\":{\"client\":[\"120\"]}},\"255\":{\"type\":\"clientLogo\",\"enabled\":\"1\",\"fields\":{\"client\":[\"128\"]}},\"256\":{\"type\":\"clientLogo\",\"enabled\":\"1\",\"fields\":{\"client\":[\"129\"]}},\"257\":{\"type\":\"clientLogo\",\"enabled\":\"1\",\"fields\":{\"client\":[\"121\"]}},\"258\":{\"type\":\"clientLogo\",\"enabled\":\"1\",\"fields\":{\"client\":[\"122\"]}},\"267\":{\"type\":\"clientLogo\",\"enabled\":\"1\",\"fields\":{\"client\":[\"145\"]}},\"268\":{\"type\":\"clientLogo\",\"enabled\":\"1\",\"fields\":{\"client\":[\"124\"]}},\"269\":{\"type\":\"clientLogo\",\"enabled\":\"1\",\"fields\":{\"client\":[\"125\"]}},\"270\":{\"type\":\"clientLogo\",\"enabled\":\"1\",\"fields\":{\"client\":[\"130\"]}},\"271\":{\"type\":\"clientLogo\",\"enabled\":\"1\",\"fields\":{\"client\":[\"118\"]}},\"272\":{\"type\":\"clientLogo\",\"enabled\":\"1\",\"fields\":{\"client\":[\"119\"]}},\"273\":{\"type\":\"clientLogo\",\"enabled\":\"1\",\"fields\":{\"client\":[\"121\"]}},\"274\":{\"type\":\"clientLogo\",\"enabled\":\"1\",\"fields\":{\"client\":[\"120\"]}}},\"6\":\"#e8930a\",\"38\":[\"4\",\"77\",\"28\"],\"3\":[\"247\"],\"59\":\"#f62944\",\"60\":\"#feae5a\",\"46\":{\"78\":{\"type\":\"offeredServices\",\"enabled\":\"1\",\"fields\":{\"serviceType\":\"Strategy\",\"service\":{\"79\":{\"type\":\"3\",\"fields\":{\"service\":\"Branding\"}},\"80\":{\"type\":\"3\",\"fields\":{\"service\":\"Content\"}},\"81\":{\"type\":\"3\",\"fields\":{\"service\":\"Social\"}},\"82\":{\"type\":\"3\",\"fields\":{\"service\":\"Digital\"}}}}},\"83\":{\"type\":\"offeredServices\",\"enabled\":\"1\",\"fields\":{\"serviceType\":\"Design\",\"service\":{\"84\":{\"type\":\"3\",\"fields\":{\"service\":\"Identity\"}},\"85\":{\"type\":\"3\",\"fields\":{\"service\":\"Style Guidelines\"}},\"86\":{\"type\":\"3\",\"fields\":{\"service\":\"Print\\/OOH\"}},\"87\":{\"type\":\"3\",\"fields\":{\"service\":\"UX\\/UI\"}}}}},\"88\":{\"type\":\"offeredServices\",\"enabled\":\"1\",\"fields\":{\"serviceType\":\"Content\",\"service\":{\"89\":{\"type\":\"3\",\"fields\":{\"service\":\"Film\\/Video\"}},\"90\":{\"type\":\"3\",\"fields\":{\"service\":\"Animation\"}},\"91\":{\"type\":\"3\",\"fields\":{\"service\":\"Product\\/Lifestyle Photography\"}},\"92\":{\"type\":\"3\",\"fields\":{\"service\":\"Copywriting\"}}}}}},\"40\":{\"93\":{\"type\":\"service\",\"enabled\":\"1\",\"fields\":{\"copyLineOne\":\"We believe that open-hearted collaboration allows us to be in the right place to tell the right story on the channels that matter most.\",\"copyLineTwo\":\"That a unique balance of hunger and humility enables our imagination to be boundless.\",\"copyLineThree\":\"Bold, honest, and always capable, our ideas empower brands to speak with creativity and heart.\",\"color\":\"#feae5a\",\"servicesImage\":[\"199\"]}}},\"57\":{\"275\":{\"type\":\"word\",\"enabled\":\"1\",\"fields\":{\"word\":\"creative\"}},\"276\":{\"type\":\"word\",\"enabled\":\"1\",\"fields\":{\"word\":\"strategy\"}},\"277\":{\"type\":\"word\",\"enabled\":\"1\",\"fields\":{\"word\":\"design\"}},\"278\":{\"type\":\"word\",\"enabled\":\"1\",\"fields\":{\"word\":\"digital\"}}},\"7\":[\"248\"],\"62\":\"153553082\"}}', '2017-09-28 01:04:09', '2017-09-28 01:04:09', 'c841fe05-269a-4a97-a3c3-dfe231f3fca9');



DROP TABLE IF EXISTS `craft_fieldgroups`;


--
-- Schema for table `craft_fieldgroups`
--
CREATE TABLE `craft_fieldgroups` (
  `id` int(11) NOT NULL AUTO_INCREMENT,
  `name` varchar(255) COLLATE utf8_unicode_ci NOT NULL,
  `dateCreated` datetime NOT NULL,
  `dateUpdated` datetime NOT NULL,
  `uid` char(36) COLLATE utf8_unicode_ci NOT NULL DEFAULT '0',
  PRIMARY KEY (`id`),
  UNIQUE KEY `craft_fieldgroups_name_unq_idx` (`name`)
) ENGINE=InnoDB AUTO_INCREMENT=2 DEFAULT CHARSET=utf8 COLLATE=utf8_unicode_ci;

--
-- Data for table `craft_fieldgroups`
--

INSERT INTO `craft_fieldgroups` (`id`, `name`, `dateCreated`, `dateUpdated`, `uid`) VALUES
 ('1', 'Default', '2017-08-14 03:05:16', '2017-08-14 03:05:16', 'a573e2ad-0ca6-40ab-9f8f-3db6aa0e9998');



DROP TABLE IF EXISTS `craft_fieldlayoutfields`;


--
-- Schema for table `craft_fieldlayoutfields`
--
CREATE TABLE `craft_fieldlayoutfields` (
  `id` int(11) NOT NULL AUTO_INCREMENT,
  `layoutId` int(11) NOT NULL,
  `tabId` int(11) NOT NULL,
  `fieldId` int(11) NOT NULL,
  `required` tinyint(1) unsigned NOT NULL DEFAULT '0',
  `sortOrder` smallint(6) unsigned DEFAULT NULL,
  `dateCreated` datetime NOT NULL,
  `dateUpdated` datetime NOT NULL,
  `uid` char(36) COLLATE utf8_unicode_ci NOT NULL DEFAULT '0',
  PRIMARY KEY (`id`),
  UNIQUE KEY `craft_fieldlayoutfields_layoutId_fieldId_unq_idx` (`layoutId`,`fieldId`),
  KEY `craft_fieldlayoutfields_sortOrder_idx` (`sortOrder`),
  KEY `craft_fieldlayoutfields_tabId_fk` (`tabId`),
  KEY `craft_fieldlayoutfields_fieldId_fk` (`fieldId`)
) ENGINE=InnoDB AUTO_INCREMENT=559 DEFAULT CHARSET=utf8 COLLATE=utf8_unicode_ci;

--
-- Data for table `craft_fieldlayoutfields`
--

INSERT INTO `craft_fieldlayoutfields` (`id`, `layoutId`, `tabId`, `fieldId`, `required`, `sortOrder`, `dateCreated`, `dateUpdated`, `uid`) VALUES
 ('331', '141', '133', '49', '1', '1', '2017-08-27 21:20:56', '2017-08-27 21:20:56', '6f5b4d6b-5897-4165-bc4e-c94023c04c27'),
 ('332', '142', '134', '47', '1', '1', '2017-08-27 21:20:56', '2017-08-27 21:20:56', '955e6c52-be16-4f40-ae92-b369525768dd'),
 ('333', '142', '134', '48', '1', '2', '2017-08-27 21:20:56', '2017-08-27 21:20:56', '894af58e-bd54-4d4e-ab01-12153eb32af4'),
 ('433', '182', '174', '12', '1', '1', '2017-09-05 20:42:06', '2017-09-05 20:42:06', '491eb800-fcb0-4361-b527-760b8913ad0c'),
 ('434', '183', '175', '13', '1', '1', '2017-09-05 20:42:06', '2017-09-05 20:42:06', '2d679150-f996-4bab-8232-c9e625ad6f60'),
 ('435', '183', '175', '39', '0', '2', '2017-09-05 20:42:06', '2017-09-05 20:42:06', '1d2d0532-0c36-4d9f-826e-22c536fa8fdf'),
 ('436', '183', '175', '14', '0', '3', '2017-09-05 20:42:06', '2017-09-05 20:42:06', '20f2f86c-0fda-4fc9-83c0-b073de7abaeb'),
 ('437', '183', '175', '15', '0', '4', '2017-09-05 20:42:06', '2017-09-05 20:42:06', 'b64bcb45-06b1-4eba-a9d0-5731f1da1f45'),
 ('438', '183', '175', '54', '0', '5', '2017-09-05 20:42:06', '2017-09-05 20:42:06', '16975f47-e8d4-4323-865c-e9816798eb55'),
 ('439', '184', '176', '16', '1', '1', '2017-09-05 20:42:06', '2017-09-05 20:42:06', 'e426451a-f6dd-4ed9-b4e0-bab7905b3e0a'),
 ('440', '184', '176', '17', '0', '2', '2017-09-05 20:42:06', '2017-09-05 20:42:06', 'fcec7e12-a033-4feb-b602-5009ab14f475'),
 ('441', '185', '177', '18', '1', '1', '2017-09-05 20:42:06', '2017-09-05 20:42:06', '0ee0bbe0-3373-4c84-a0b2-5ea0b08471e4'),
 ('442', '185', '177', '19', '0', '2', '2017-09-05 20:42:06', '2017-09-05 20:42:06', '1a3c9769-aa95-4f4e-9784-bb09b1642fba'),
 ('443', '186', '178', '20', '1', '1', '2017-09-05 20:42:06', '2017-09-05 20:42:06', '8156457f-94a2-46bc-bb19-ed978b158b33'),
 ('444', '186', '178', '21', '0', '2', '2017-09-05 20:42:06', '2017-09-05 20:42:06', '32fef4df-8caf-4882-8ba1-b9faae8a8f85'),
 ('445', '187', '179', '22', '1', '1', '2017-09-05 20:42:06', '2017-09-05 20:42:06', 'fecd7951-b348-4d04-b596-ed70ba25f66f'),
 ('446', '187', '179', '23', '1', '2', '2017-09-05 20:42:06', '2017-09-05 20:42:06', '4f2ec61e-0708-4f58-879d-a7d4dcaa7e7f'),
 ('447', '188', '180', '24', '1', '1', '2017-09-05 20:42:06', '2017-09-05 20:42:06', 'd0ff7d92-7139-45ef-8d18-a5387dc40855'),
 ('448', '188', '180', '25', '1', '2', '2017-09-05 20:42:06', '2017-09-05 20:42:06', 'e6ca7ba5-3124-4c80-97df-7beec28281ba'),
 ('449', '188', '180', '26', '1', '3', '2017-09-05 20:42:06', '2017-09-05 20:42:06', '6663dcde-4791-498a-a520-65378d4e8838'),
 ('450', '189', '181', '27', '1', '1', '2017-09-05 20:42:06', '2017-09-05 20:42:06', 'f521214f-bc7f-4f6a-a366-0839b60dc320'),
 ('451', '189', '181', '28', '1', '2', '2017-09-05 20:42:06', '2017-09-05 20:42:06', '4dffad9c-60ea-4937-b268-9bd97b814bd9'),
 ('452', '189', '181', '29', '1', '3', '2017-09-05 20:42:06', '2017-09-05 20:42:06', '41a95c76-dbe8-4f9a-9c16-f588ea513232'),
 ('453', '189', '181', '30', '1', '4', '2017-09-05 20:42:06', '2017-09-05 20:42:06', '3bc83fc5-d1bb-4f26-b97e-03d8cac70489'),
 ('454', '189', '181', '31', '1', '5', '2017-09-05 20:42:06', '2017-09-05 20:42:06', '6f3d1968-5c02-48cb-bf36-7dc4f3b7d41e'),
 ('455', '190', '182', '33', '1', '1', '2017-09-05 20:42:06', '2017-09-05 20:42:06', 'dcb1750e-3c9f-4fa9-9dd6-836e6e3c54d4'),
 ('456', '190', '182', '34', '0', '2', '2017-09-05 20:42:06', '2017-09-05 20:42:06', '6a3b79f2-6e30-4fb0-995b-9e1846a636b7'),
 ('457', '191', '183', '32', '1', '1', '2017-09-05 20:42:06', '2017-09-05 20:42:06', 'ccbe7bee-c0b3-458a-b01e-760fe6ffec66'),
 ('458', '192', '184', '36', '1', '1', '2017-09-05 20:42:06', '2017-09-05 20:42:06', '984a30ee-6548-451f-bac2-b9897f93e13c'),
 ('459', '192', '184', '37', '0', '2', '2017-09-05 20:42:06', '2017-09-05 20:42:06', '9239ed24-75a2-4bb7-a1da-8d3d82459afe'),
 ('460', '193', '185', '35', '1', '1', '2017-09-05 20:42:06', '2017-09-05 20:42:06', '78eb36a0-22ce-4f66-9603-8ea490cdc258'),
 ('478', '197', '189', '53', '1', '1', '2017-09-17 01:06:33', '2017-09-17 01:06:33', 'd1c1f838-48a8-4b5b-b1b0-7e3622176277'),
 ('479', '198', '190', '58', '1', '1', '2017-09-17 02:23:21', '2017-09-17 02:23:21', '8bc4b0e6-4817-45c3-93c1-68a0415aeff5'),
 ('512', '202', '194', '41', '1', '1', '2017-09-21 23:48:55', '2017-09-21 23:48:55', '19ecdc23-fd47-44cb-a1ea-8339ea4feb50'),
 ('513', '202', '194', '55', '0', '2', '2017-09-21 23:48:55', '2017-09-21 23:48:55', '4974b650-8d15-4251-b2cd-73d99de0e8c2'),
 ('514', '202', '194', '56', '0', '3', '2017-09-21 23:48:55', '2017-09-21 23:48:55', 'ac674b1e-33de-45db-ae87-b2fe2dbef1e9'),
 ('515', '202', '194', '42', '1', '4', '2017-09-21 23:48:55', '2017-09-21 23:48:55', '379d96cc-5f57-4eca-ac94-676e1e721852'),
 ('516', '202', '194', '61', '0', '5', '2017-09-21 23:48:55', '2017-09-21 23:48:55', 'f469eb7d-d948-4e84-87aa-eef0c7d08574'),
 ('539', '205', '201', '6', '1', '1', '2017-09-26 00:57:53', '2017-09-26 00:57:53', '6ad5a987-6279-421a-87c2-734d85059d52'),
 ('540', '205', '201', '3', '1', '2', '2017-09-26 00:57:53', '2017-09-26 00:57:53', 'd57355ec-2037-4fb0-b215-7894ed8963f9'),
 ('541', '205', '201', '9', '1', '3', '2017-09-26 00:57:53', '2017-09-26 00:57:53', 'bc5962bb-4910-42ed-bdf7-bd6fadc50652'),
 ('542', '205', '201', '8', '1', '4', '2017-09-26 00:57:53', '2017-09-26 00:57:53', 'f49a67cb-c488-4bec-a509-d8beed63d3ad'),
 ('543', '205', '201', '4', '1', '5', '2017-09-26 00:57:53', '2017-09-26 00:57:53', '6127bca7-ead6-44a1-b0c8-1f575bbc9766'),
 ('544', '205', '201', '5', '0', '6', '2017-09-26 00:57:53', '2017-09-26 00:57:53', 'ab20ea5a-b353-43f9-81c8-bcf0255b795d'),
 ('545', '205', '201', '10', '0', '7', '2017-09-26 00:57:53', '2017-09-26 00:57:53', '92b955d0-809d-41d5-b20e-c52ec116f8e6'),
 ('546', '205', '201', '2', '0', '8', '2017-09-26 00:57:53', '2017-09-26 00:57:53', 'ae719a4e-7824-4e85-b0fa-415355fdfe41'),
 ('547', '206', '202', '59', '0', '1', '2017-09-28 01:03:56', '2017-09-28 01:03:56', '3758ff5f-eccd-4768-be5b-018f63af04c1'),
 ('548', '206', '202', '60', '0', '2', '2017-09-28 01:03:56', '2017-09-28 01:03:56', '2ce5e249-8e82-4360-b4d7-4a9e2d459b8e'),
 ('549', '206', '202', '3', '1', '3', '2017-09-28 01:03:56', '2017-09-28 01:03:56', '8bb013ad-4553-4ab0-9b7c-5db512d125af'),
 ('550', '206', '202', '62', '1', '4', '2017-09-28 01:03:56', '2017-09-28 01:03:56', '67f4933c-a7c2-4684-a84c-c78b8a27ea18'),
 ('551', '206', '202', '7', '1', '5', '2017-09-28 01:03:56', '2017-09-28 01:03:56', 'eeb4d9e0-06ee-44da-8237-af86d61d23cc'),
 ('552', '206', '202', '6', '1', '6', '2017-09-28 01:03:56', '2017-09-28 01:03:56', 'fe99f81f-51d5-41d6-9bc7-30db9b8657e8'),
 ('553', '206', '202', '57', '1', '7', '2017-09-28 01:03:56', '2017-09-28 01:03:56', 'a46eb1e7-c2ba-4624-8ce3-5390e4493d02'),
 ('554', '206', '203', '38', '1', '1', '2017-09-28 01:03:56', '2017-09-28 01:03:56', '65852fc9-9096-4d42-8d79-e4e9d52c67bc'),
 ('555', '206', '204', '40', '1', '1', '2017-09-28 01:03:56', '2017-09-28 01:03:56', '64ed8860-6207-48d7-8c90-111ef5aab034'),
 ('556', '206', '204', '46', '1', '2', '2017-09-28 01:03:56', '2017-09-28 01:03:56', '4295af70-3b23-4148-95f9-50fa2c969e1f'),
 ('557', '206', '205', '51', '1', '1', '2017-09-28 01:03:56', '2017-09-28 01:03:56', 'e0e3915f-8272-430a-b815-375ade347ced'),
 ('558', '206', '205', '52', '1', '2', '2017-09-28 01:03:56', '2017-09-28 01:03:56', '29a173f4-703b-4fd3-9407-9920b7bb2fd9');



DROP TABLE IF EXISTS `craft_fieldlayouts`;


--
-- Schema for table `craft_fieldlayouts`
--
CREATE TABLE `craft_fieldlayouts` (
  `id` int(11) NOT NULL AUTO_INCREMENT,
  `type` varchar(150) COLLATE utf8_unicode_ci NOT NULL,
  `dateCreated` datetime NOT NULL,
  `dateUpdated` datetime NOT NULL,
  `uid` char(36) COLLATE utf8_unicode_ci NOT NULL DEFAULT '0',
  PRIMARY KEY (`id`),
  KEY `craft_fieldlayouts_type_idx` (`type`)
) ENGINE=InnoDB AUTO_INCREMENT=207 DEFAULT CHARSET=utf8 COLLATE=utf8_unicode_ci;

--
-- Data for table `craft_fieldlayouts`
--

INSERT INTO `craft_fieldlayouts` (`id`, `type`, `dateCreated`, `dateUpdated`, `uid`) VALUES
 ('1', 'Tag', '2017-08-14 03:05:16', '2017-08-14 03:05:16', '55665be6-6da3-4c23-8efc-b9912217cf16'),
 ('11', 'Asset', '2017-08-16 02:01:55', '2017-08-16 02:01:55', '94224cac-17e1-4428-a028-9a5c31c018b9'),
 ('141', 'SuperTable_Block', '2017-08-27 21:20:56', '2017-08-27 21:20:56', '686f0c40-eb21-4fb1-bd82-6205e52ff7d1'),
 ('142', 'MatrixBlock', '2017-08-27 21:20:56', '2017-08-27 21:20:56', '482350de-6c83-4ea6-af28-048d8648dc1f'),
 ('182', 'MatrixBlock', '2017-09-05 20:42:06', '2017-09-05 20:42:06', 'c58569ba-43b9-4e84-afe6-4777ba88e2f5'),
 ('183', 'MatrixBlock', '2017-09-05 20:42:06', '2017-09-05 20:42:06', '58d14d0a-6d0e-4668-b53b-1c2f15763665'),
 ('184', 'MatrixBlock', '2017-09-05 20:42:06', '2017-09-05 20:42:06', '20ff927a-d731-43be-a815-09b767562fd5'),
 ('185', 'MatrixBlock', '2017-09-05 20:42:06', '2017-09-05 20:42:06', 'cb122876-6365-4621-ade5-3abfb32474c2'),
 ('186', 'MatrixBlock', '2017-09-05 20:42:06', '2017-09-05 20:42:06', '4068ac04-7b20-4e41-b97b-856874bbbed3'),
 ('187', 'MatrixBlock', '2017-09-05 20:42:06', '2017-09-05 20:42:06', '5950c3eb-ed1a-4df5-88b3-2d0df72ac973'),
 ('188', 'MatrixBlock', '2017-09-05 20:42:06', '2017-09-05 20:42:06', 'f7e606a9-8f55-4205-b819-96f7c45f83cf'),
 ('189', 'MatrixBlock', '2017-09-05 20:42:06', '2017-09-05 20:42:06', '2136bb26-d431-4c77-b113-19d6084a94b0'),
 ('190', 'SuperTable_Block', '2017-09-05 20:42:06', '2017-09-05 20:42:06', '7adef2d4-af22-49db-be9b-d96aa6a2da68'),
 ('191', 'MatrixBlock', '2017-09-05 20:42:06', '2017-09-05 20:42:06', 'dc1a3670-b35e-4ab5-8a58-2ac0aa3e5c9f'),
 ('192', 'SuperTable_Block', '2017-09-05 20:42:06', '2017-09-05 20:42:06', 'fdae09fa-db1c-470f-bb38-911a2805ad3c'),
 ('193', 'MatrixBlock', '2017-09-05 20:42:06', '2017-09-05 20:42:06', '411a0604-d099-4483-b6e8-b1778381f05d'),
 ('197', 'MatrixBlock', '2017-09-17 01:06:33', '2017-09-17 01:06:33', 'df004bcb-1193-437b-b7de-a1d5c93000df'),
 ('198', 'MatrixBlock', '2017-09-17 02:23:21', '2017-09-17 02:23:21', '6dfd5961-8e20-4d63-91fc-cdb2181cea14'),
 ('202', 'MatrixBlock', '2017-09-21 23:48:55', '2017-09-21 23:48:55', 'c5fd94de-4911-4d16-b943-7c0f249a27d4'),
 ('205', 'Entry', '2017-09-26 00:57:53', '2017-09-26 00:57:53', '757812de-ea9e-46aa-838a-da4597d807c4'),
 ('206', 'Entry', '2017-09-28 01:03:56', '2017-09-28 01:03:56', '0384b1d6-ba7e-4198-8111-101f210cd8fb');



DROP TABLE IF EXISTS `craft_fieldlayouttabs`;


--
-- Schema for table `craft_fieldlayouttabs`
--
CREATE TABLE `craft_fieldlayouttabs` (
  `id` int(11) NOT NULL AUTO_INCREMENT,
  `layoutId` int(11) NOT NULL,
  `name` varchar(255) COLLATE utf8_unicode_ci NOT NULL,
  `sortOrder` smallint(6) unsigned DEFAULT NULL,
  `dateCreated` datetime NOT NULL,
  `dateUpdated` datetime NOT NULL,
  `uid` char(36) COLLATE utf8_unicode_ci NOT NULL DEFAULT '0',
  PRIMARY KEY (`id`),
  KEY `craft_fieldlayouttabs_sortOrder_idx` (`sortOrder`),
  KEY `craft_fieldlayouttabs_layoutId_fk` (`layoutId`)
) ENGINE=InnoDB AUTO_INCREMENT=206 DEFAULT CHARSET=utf8 COLLATE=utf8_unicode_ci;

--
-- Data for table `craft_fieldlayouttabs`
--

INSERT INTO `craft_fieldlayouttabs` (`id`, `layoutId`, `name`, `sortOrder`, `dateCreated`, `dateUpdated`, `uid`) VALUES
 ('133', '141', 'Content', '1', '2017-08-27 21:20:56', '2017-08-27 21:20:56', '740c9e4f-ffb0-4cfd-b1f0-4232ed6453f1'),
 ('134', '142', 'Content', '1', '2017-08-27 21:20:56', '2017-08-27 21:20:56', 'dfe0060a-c351-4806-b9a7-c45764457df7'),
 ('174', '182', 'Content', '1', '2017-09-05 20:42:06', '2017-09-05 20:42:06', 'f15d4516-3da8-414e-bef2-884b6a050c0d'),
 ('175', '183', 'Content', '1', '2017-09-05 20:42:06', '2017-09-05 20:42:06', '0c94c970-30ab-453c-b112-6219bb294369'),
 ('176', '184', 'Content', '1', '2017-09-05 20:42:06', '2017-09-05 20:42:06', 'b69f2036-6cd8-4803-94c9-d3455e6edd99'),
 ('177', '185', 'Content', '1', '2017-09-05 20:42:06', '2017-09-05 20:42:06', '560db14d-b827-417b-88d9-14afc98a4b68'),
 ('178', '186', 'Content', '1', '2017-09-05 20:42:06', '2017-09-05 20:42:06', 'dd69c43e-a7ad-4160-86ce-d961ebfd3144'),
 ('179', '187', 'Content', '1', '2017-09-05 20:42:06', '2017-09-05 20:42:06', 'c2e2bb84-9524-42d2-bc74-347ddfc0ec5c'),
 ('180', '188', 'Content', '1', '2017-09-05 20:42:06', '2017-09-05 20:42:06', 'f0fe6095-161a-4b75-8198-ff9314bad808'),
 ('181', '189', 'Content', '1', '2017-09-05 20:42:06', '2017-09-05 20:42:06', '2d420f74-8a05-4af1-a00e-857953047385'),
 ('182', '190', 'Content', '1', '2017-09-05 20:42:06', '2017-09-05 20:42:06', '9ee18155-779d-4aa4-9fba-453f7aa501d4'),
 ('183', '191', 'Content', '1', '2017-09-05 20:42:06', '2017-09-05 20:42:06', 'e8175286-2f82-4e47-b3ea-4ef46f385a49'),
 ('184', '192', 'Content', '1', '2017-09-05 20:42:06', '2017-09-05 20:42:06', '69b5bb1d-9b75-4124-ae9e-22179d4079d1'),
 ('185', '193', 'Content', '1', '2017-09-05 20:42:06', '2017-09-05 20:42:06', 'e534e060-5931-4891-a870-afa13f9553b5'),
 ('189', '197', 'Content', '1', '2017-09-17 01:06:33', '2017-09-17 01:06:33', '627934e5-bdd0-437c-8fd2-483c7f594ed0'),
 ('190', '198', 'Content', '1', '2017-09-17 02:23:21', '2017-09-17 02:23:21', 'ad5abd16-bdc1-49bf-98fa-1da563b9399c'),
 ('194', '202', 'Content', '1', '2017-09-21 23:48:55', '2017-09-21 23:48:55', '7f2db678-b5bb-4e95-99bc-52d18fe53006'),
 ('201', '205', 'Content', '1', '2017-09-26 00:57:53', '2017-09-26 00:57:53', 'c79126cb-7490-4a46-838d-85d4b7471c3a'),
 ('202', '206', 'Intro Slide', '1', '2017-09-28 01:03:56', '2017-09-28 01:03:56', 'e4a7d615-7d3f-4fe2-b927-c6865368564f'),
 ('203', '206', 'Featured Case Studies', '2', '2017-09-28 01:03:56', '2017-09-28 01:03:56', '83e5ebbe-d3d1-4d4c-81b1-1fb473884fc8'),
 ('204', '206', 'Services', '3', '2017-09-28 01:03:56', '2017-09-28 01:03:56', '4dd1d61f-0f21-46e5-8d50-e39b52181375'),
 ('205', '206', 'Clients', '4', '2017-09-28 01:03:56', '2017-09-28 01:03:56', 'fec093e2-3c5d-4b9c-806a-47524bca698e');



DROP TABLE IF EXISTS `craft_fields`;


--
-- Schema for table `craft_fields`
--
CREATE TABLE `craft_fields` (
  `id` int(11) NOT NULL AUTO_INCREMENT,
  `groupId` int(11) DEFAULT NULL,
  `name` varchar(255) COLLATE utf8_unicode_ci NOT NULL,
  `handle` varchar(58) COLLATE utf8_unicode_ci NOT NULL,
  `context` varchar(255) COLLATE utf8_unicode_ci NOT NULL DEFAULT 'global',
  `instructions` text COLLATE utf8_unicode_ci,
  `translatable` tinyint(1) unsigned NOT NULL DEFAULT '0',
  `type` varchar(150) COLLATE utf8_unicode_ci NOT NULL,
  `settings` text COLLATE utf8_unicode_ci,
  `dateCreated` datetime NOT NULL,
  `dateUpdated` datetime NOT NULL,
  `uid` char(36) COLLATE utf8_unicode_ci NOT NULL DEFAULT '0',
  PRIMARY KEY (`id`),
  UNIQUE KEY `craft_fields_handle_context_unq_idx` (`handle`,`context`),
  KEY `craft_fields_context_idx` (`context`),
  KEY `craft_fields_groupId_fk` (`groupId`)
) ENGINE=InnoDB AUTO_INCREMENT=63 DEFAULT CHARSET=utf8 COLLATE=utf8_unicode_ci;

--
-- Data for table `craft_fields`
--

INSERT INTO `craft_fields` (`id`, `groupId`, `name`, `handle`, `context`, `instructions`, `translatable`, `type`, `settings`, `dateCreated`, `dateUpdated`, `uid`) VALUES
 ('1', '1', 'Body', 'body', 'global', NULL, '1', 'RichText', '{\"configFile\":\"Standard.json\",\"columnType\":\"text\"}', '2017-08-14 03:05:16', '2017-08-14 03:05:16', 'ec53aa44-a158-4811-90a0-bd2db6d24ef9'),
 ('2', '1', 'Tags', 'tags', 'global', NULL, '0', 'Tags', '{\"source\":\"taggroup:1\"}', '2017-08-14 03:05:16', '2017-08-14 03:05:16', '8b4ad8dd-81f1-49c7-9a85-d223321d56c3'),
 ('3', '1', 'Image', 'image', 'global', '', '0', 'Assets', '{\"useSingleFolder\":\"1\",\"sources\":\"*\",\"defaultUploadLocationSource\":\"1\",\"defaultUploadLocationSubpath\":\"\",\"singleUploadLocationSource\":\"1\",\"singleUploadLocationSubpath\":\"\",\"restrictFiles\":\"1\",\"allowedKinds\":[\"image\"],\"limit\":\"1\",\"viewMode\":\"list\",\"selectionLabel\":\"Case Study Image\"}', '2017-08-16 01:32:47', '2017-08-16 02:06:55', '613cc3ad-3229-489c-8409-dffdeca208e4'),
 ('4', '1', 'Heading Paragraph', 'headingParagraph', 'global', '', '0', 'RichText', '{\"configFile\":\"\",\"availableAssetSources\":\"*\",\"availableTransforms\":\"*\",\"cleanupHtml\":\"1\",\"purifyHtml\":\"1\",\"purifierConfig\":\"\",\"columnType\":\"text\"}', '2017-08-16 02:13:18', '2017-08-16 02:16:25', 'db8e46fd-7121-4b3f-af74-e0dc2ce9e0d5'),
 ('5', '1', 'Intro Paragraph', 'introParagraph', 'global', '', '0', 'PlainText', '{\"placeholder\":\"\",\"maxLength\":\"\",\"multiline\":\"\",\"initialRows\":\"4\"}', '2017-08-16 02:13:39', '2017-08-16 02:15:04', '969e7235-61c1-4e56-8f56-4f275329e660'),
 ('6', '1', 'Color', 'color', 'global', '', '0', 'Color', NULL, '2017-08-16 03:00:23', '2017-08-16 03:00:23', '673ed479-afc9-4ee3-baa3-6e84a8e5e859'),
 ('7', '1', 'Video', 'video', 'global', '', '0', 'Assets', '{\"useSingleFolder\":\"\",\"sources\":\"*\",\"defaultUploadLocationSource\":\"1\",\"defaultUploadLocationSubpath\":\"\",\"singleUploadLocationSource\":\"1\",\"singleUploadLocationSubpath\":\"\",\"restrictFiles\":\"\",\"limit\":\"1\",\"viewMode\":\"list\",\"selectionLabel\":\"\"}', '2017-08-18 01:53:16', '2017-09-08 16:52:41', '02052e0b-5a51-44f2-8384-d204b7cd6045'),
 ('8', '1', 'Horizontal Position', 'horizontalPosition', 'global', '', '0', 'Dropdown', '{\"options\":[{\"label\":\"Left\",\"value\":\"left\",\"default\":\"\"},{\"label\":\"Center\",\"value\":\"center\",\"default\":\"\"},{\"label\":\"Right\",\"value\":\"right\",\"default\":\"\"}]}', '2017-08-18 02:14:02', '2017-08-18 02:14:02', '51741f61-693c-4bec-ac21-0db1db2b4345'),
 ('9', '1', 'Vertical Position', 'verticalPosition', 'global', '', '0', 'Dropdown', '{\"options\":[{\"label\":\"Top\",\"value\":\"top\",\"default\":\"\"},{\"label\":\"Middle\",\"value\":\"center\",\"default\":\"\"},{\"label\":\"Bottom\",\"value\":\"bottom\",\"default\":\"\"}]}', '2017-08-18 02:14:26', '2017-08-18 02:14:26', 'ef1c4495-3fee-41d2-a2d6-7a2fc32c73c7'),
 ('10', '1', 'Project Blocks', 'projectBlocks', 'global', '', '0', 'Matrix', '{\"maxBlocks\":null}', '2017-08-18 02:47:36', '2017-09-05 20:42:06', 'b4c89b0c-6be8-4883-8efb-8f39010689a2'),
 ('12', NULL, 'Copy', 'copy', 'matrixBlockType:1', '', '0', 'RichText', '{\"configFile\":\"\",\"availableAssetSources\":\"*\",\"availableTransforms\":\"*\",\"cleanupHtml\":\"1\",\"purifyHtml\":\"1\",\"purifierConfig\":\"\",\"columnType\":\"text\"}', '2017-08-18 02:47:36', '2017-09-05 20:42:06', '6505877c-77a7-4a57-85ed-0f4c4be41a78'),
 ('13', NULL, 'Quote', 'quote', 'matrixBlockType:2', '', '0', 'PlainText', '{\"placeholder\":\"\",\"maxLength\":\"\",\"multiline\":\"\",\"initialRows\":\"4\"}', '2017-08-18 02:47:37', '2017-09-05 20:42:06', '273b4383-18a5-4c70-902b-db32d15685c2'),
 ('14', NULL, 'Person\'s Name', 'personsName', 'matrixBlockType:2', '', '0', 'PlainText', '{\"placeholder\":\"\",\"maxLength\":\"\",\"multiline\":\"\",\"initialRows\":\"4\"}', '2017-08-18 02:47:37', '2017-09-05 20:42:06', '51d6023e-7400-4130-b2a1-92cb06bc614d'),
 ('15', NULL, 'Job Title', 'jobTitle', 'matrixBlockType:2', '', '0', 'PlainText', '{\"placeholder\":\"\",\"maxLength\":\"\",\"multiline\":\"\",\"initialRows\":\"4\"}', '2017-08-18 02:47:37', '2017-09-05 20:42:06', 'e5dd1b3b-92c3-47c4-8cf6-83d4d78014e5'),
 ('16', NULL, 'Video URL', 'videoUrl', 'matrixBlockType:3', '', '0', 'PlainText', '{\"placeholder\":\"\",\"maxLength\":\"\",\"multiline\":\"\",\"initialRows\":\"4\"}', '2017-08-18 02:47:37', '2017-09-05 20:42:06', 'b4ecff74-ebbf-4dd5-91da-1065a39ce0d8'),
 ('17', NULL, 'Caption', 'caption', 'matrixBlockType:3', '', '0', 'PlainText', '{\"placeholder\":\"\",\"maxLength\":\"\",\"multiline\":\"\",\"initialRows\":\"4\"}', '2017-08-18 02:47:37', '2017-09-05 20:42:06', 'a8833106-ef3c-44e2-93f9-cae2a0f96158'),
 ('18', NULL, 'Image', 'image', 'matrixBlockType:4', '', '0', 'Assets', '{\"useSingleFolder\":\"1\",\"sources\":\"*\",\"defaultUploadLocationSource\":\"1\",\"defaultUploadLocationSubpath\":\"\",\"singleUploadLocationSource\":\"1\",\"singleUploadLocationSubpath\":\"\",\"restrictFiles\":\"1\",\"allowedKinds\":[\"image\"],\"limit\":\"1\",\"viewMode\":\"list\",\"selectionLabel\":\"\"}', '2017-08-18 02:47:37', '2017-09-05 20:42:06', '54b983f6-2a64-402c-8207-7660521c0cea'),
 ('19', NULL, 'Caption', 'caption', 'matrixBlockType:4', '', '0', 'PlainText', '{\"placeholder\":\"\",\"maxLength\":\"\",\"multiline\":\"\",\"initialRows\":\"4\"}', '2017-08-18 02:47:37', '2017-09-05 20:42:06', '68fb756c-0923-40f3-8591-fbc11074d542'),
 ('20', NULL, 'Image', 'image', 'matrixBlockType:5', '', '0', 'Assets', '{\"useSingleFolder\":\"1\",\"sources\":\"*\",\"defaultUploadLocationSource\":\"1\",\"defaultUploadLocationSubpath\":\"\",\"singleUploadLocationSource\":\"1\",\"singleUploadLocationSubpath\":\"\",\"restrictFiles\":\"1\",\"allowedKinds\":[\"image\"],\"limit\":\"1\",\"viewMode\":\"list\",\"selectionLabel\":\"\"}', '2017-08-18 02:47:37', '2017-09-05 20:42:06', 'a119b6e6-46f1-4a0a-bbb7-3d3db9b789ad'),
 ('21', NULL, 'Caption', 'caption', 'matrixBlockType:5', '', '0', 'PlainText', '{\"placeholder\":\"\",\"maxLength\":\"\",\"multiline\":\"\",\"initialRows\":\"4\"}', '2017-08-18 02:47:37', '2017-09-05 20:42:06', 'c314f951-84b6-4fef-9e39-9152f79ba989'),
 ('22', NULL, 'First Image', 'firstImage', 'matrixBlockType:6', '', '0', 'Assets', '{\"useSingleFolder\":\"1\",\"sources\":\"*\",\"defaultUploadLocationSource\":\"1\",\"defaultUploadLocationSubpath\":\"\",\"singleUploadLocationSource\":\"1\",\"singleUploadLocationSubpath\":\"\",\"restrictFiles\":\"1\",\"allowedKinds\":[\"image\"],\"limit\":\"1\",\"viewMode\":\"list\",\"selectionLabel\":\"\"}', '2017-08-18 02:47:37', '2017-09-05 20:42:06', 'cff69f9d-8cde-4799-a01d-7e7632d4467c'),
 ('23', NULL, 'Second Image', 'secondImage', 'matrixBlockType:6', '', '0', 'Assets', '{\"useSingleFolder\":\"1\",\"sources\":\"*\",\"defaultUploadLocationSource\":\"1\",\"defaultUploadLocationSubpath\":\"\",\"singleUploadLocationSource\":\"1\",\"singleUploadLocationSubpath\":\"\",\"restrictFiles\":\"1\",\"allowedKinds\":[\"image\"],\"limit\":\"1\",\"viewMode\":\"list\",\"selectionLabel\":\"\"}', '2017-08-18 02:47:37', '2017-09-05 20:42:06', 'a645a6a5-67d1-4b96-8f63-52b1785cab77'),
 ('24', NULL, 'First Image', 'firstImage', 'matrixBlockType:7', '712px by 820px', '0', 'Assets', '{\"useSingleFolder\":\"1\",\"sources\":\"*\",\"defaultUploadLocationSource\":\"1\",\"defaultUploadLocationSubpath\":\"\",\"singleUploadLocationSource\":\"1\",\"singleUploadLocationSubpath\":\"\",\"restrictFiles\":\"1\",\"allowedKinds\":[\"image\"],\"limit\":\"1\",\"viewMode\":\"list\",\"selectionLabel\":\"\"}', '2017-08-18 02:47:37', '2017-09-05 20:42:06', 'eff231e6-ce10-4678-9efe-beccbc8f12d6'),
 ('25', NULL, 'Second Image', 'secondImage', 'matrixBlockType:7', '', '0', 'Assets', '{\"useSingleFolder\":\"1\",\"sources\":\"*\",\"defaultUploadLocationSource\":\"1\",\"defaultUploadLocationSubpath\":\"\",\"singleUploadLocationSource\":\"1\",\"singleUploadLocationSubpath\":\"\",\"restrictFiles\":\"1\",\"allowedKinds\":[\"image\"],\"limit\":\"1\",\"viewMode\":\"list\",\"selectionLabel\":\"\"}', '2017-08-18 02:47:37', '2017-09-05 20:42:06', 'd3e0d500-e18f-4fac-bf87-cf90e3835d29'),
 ('26', NULL, 'Third Image', 'thirdImage', 'matrixBlockType:7', '', '0', 'Assets', '{\"useSingleFolder\":\"1\",\"sources\":\"*\",\"defaultUploadLocationSource\":\"1\",\"defaultUploadLocationSubpath\":\"\",\"singleUploadLocationSource\":\"1\",\"singleUploadLocationSubpath\":\"\",\"restrictFiles\":\"1\",\"allowedKinds\":[\"image\"],\"limit\":\"1\",\"viewMode\":\"list\",\"selectionLabel\":\"\"}', '2017-08-18 02:47:37', '2017-09-05 20:42:06', 'c9a36ac3-1909-49a3-ab81-83674b02d65f'),
 ('27', NULL, 'First Image', 'firstImage', 'matrixBlockType:8', '712px by 400px', '0', 'Assets', '{\"useSingleFolder\":\"1\",\"sources\":\"*\",\"defaultUploadLocationSource\":\"1\",\"defaultUploadLocationSubpath\":\"\",\"singleUploadLocationSource\":\"1\",\"singleUploadLocationSubpath\":\"\",\"restrictFiles\":\"1\",\"allowedKinds\":[\"image\"],\"limit\":\"1\",\"viewMode\":\"list\",\"selectionLabel\":\"\"}', '2017-08-18 02:47:37', '2017-09-05 20:42:06', '68e079e3-3ee5-4738-9f26-ef525c10b1e8'),
 ('28', NULL, 'Second Image', 'secondImage', 'matrixBlockType:8', '712px by 730px', '0', 'Assets', '{\"useSingleFolder\":\"1\",\"sources\":\"*\",\"defaultUploadLocationSource\":\"1\",\"defaultUploadLocationSubpath\":\"\",\"singleUploadLocationSource\":\"1\",\"singleUploadLocationSubpath\":\"\",\"restrictFiles\":\"1\",\"allowedKinds\":[\"image\"],\"limit\":\"1\",\"viewMode\":\"list\",\"selectionLabel\":\"\"}', '2017-08-18 02:47:37', '2017-09-05 20:42:06', 'c47454d0-c9df-4634-92bd-d7ae5cfd525e'),
 ('29', NULL, 'Third Image', 'thirdImage', 'matrixBlockType:8', '712px by 712px', '0', 'Assets', '{\"useSingleFolder\":\"1\",\"sources\":\"*\",\"defaultUploadLocationSource\":\"1\",\"defaultUploadLocationSubpath\":\"\",\"singleUploadLocationSource\":\"1\",\"singleUploadLocationSubpath\":\"\",\"restrictFiles\":\"1\",\"allowedKinds\":[\"image\"],\"limit\":\"1\",\"viewMode\":\"list\",\"selectionLabel\":\"\"}', '2017-08-18 02:47:37', '2017-09-05 20:42:06', '81eb60fd-dba1-474e-ac53-f754f1103ef7'),
 ('30', NULL, 'Fourth Image', 'fourthImage', 'matrixBlockType:8', '712px by 730px', '0', 'Assets', '{\"useSingleFolder\":\"1\",\"sources\":\"*\",\"defaultUploadLocationSource\":\"1\",\"defaultUploadLocationSubpath\":\"\",\"singleUploadLocationSource\":\"1\",\"singleUploadLocationSubpath\":\"\",\"restrictFiles\":\"1\",\"allowedKinds\":[\"image\"],\"limit\":\"1\",\"viewMode\":\"list\",\"selectionLabel\":\"\"}', '2017-08-18 02:47:37', '2017-09-05 20:42:06', 'e38a3755-0616-4e82-9066-8d6875523c7f'),
 ('31', NULL, 'Fifth Image', 'fifthImage', 'matrixBlockType:8', '712px by 400px', '0', 'Assets', '{\"useSingleFolder\":\"1\",\"sources\":\"*\",\"defaultUploadLocationSource\":\"1\",\"defaultUploadLocationSubpath\":\"\",\"singleUploadLocationSource\":\"1\",\"singleUploadLocationSubpath\":\"\",\"restrictFiles\":\"1\",\"allowedKinds\":[\"image\"],\"limit\":\"1\",\"viewMode\":\"list\",\"selectionLabel\":\"\"}', '2017-08-18 02:47:37', '2017-09-05 20:42:06', '3959dc01-d002-4a49-83a8-fe7692140cc0'),
 ('32', NULL, 'Video', 'video', 'matrixBlockType:9', '', '0', 'SuperTable', '{\"columns\":{\"33\":{\"width\":\"\"},\"34\":{\"width\":\"\"}},\"fieldLayout\":\"row\",\"staticField\":null,\"selectionLabel\":\"Add a video\",\"maxRows\":null,\"minRows\":\"1\"}', '2017-08-18 02:51:29', '2017-09-05 20:42:06', 'ed95dc21-3ad8-4178-9d7e-375b5e552f9a'),
 ('33', NULL, 'Video', 'video', 'superTableBlockType:1', '', '0', 'PlainText', '{\"placeholder\":\"\",\"maxLength\":\"\",\"multiline\":\"\",\"initialRows\":\"4\"}', '2017-08-18 02:51:29', '2017-09-05 20:42:06', '7fd69490-9986-4465-9c0d-583cd01cb63e'),
 ('34', NULL, 'Caption', 'caption', 'superTableBlockType:1', '', '0', 'PlainText', '{\"placeholder\":\"\",\"maxLength\":\"\",\"multiline\":\"\",\"initialRows\":\"4\"}', '2017-08-18 02:51:29', '2017-09-05 20:42:06', '2c3cc10b-3034-4ac3-aaa8-3d884931bcd1'),
 ('35', NULL, 'Image', 'image', 'matrixBlockType:10', '', '0', 'SuperTable', '{\"columns\":{\"36\":{\"width\":\"\"},\"37\":{\"width\":\"\"}},\"fieldLayout\":\"row\",\"staticField\":null,\"selectionLabel\":\"Add an image\",\"maxRows\":null,\"minRows\":\"1\"}', '2017-08-18 02:51:29', '2017-09-05 20:42:06', '1d4bc20f-d9cf-49a6-8095-0852fd6cde23'),
 ('36', NULL, 'Image', 'image', 'superTableBlockType:2', '', '0', 'Assets', '{\"useSingleFolder\":\"1\",\"sources\":\"*\",\"defaultUploadLocationSource\":\"1\",\"defaultUploadLocationSubpath\":\"\",\"singleUploadLocationSource\":\"1\",\"singleUploadLocationSubpath\":\"\",\"restrictFiles\":\"1\",\"allowedKinds\":[\"image\"],\"limit\":\"1\",\"viewMode\":\"list\",\"selectionLabel\":\"\"}', '2017-08-18 02:51:29', '2017-09-05 20:42:06', '96958db8-94d4-4060-99ae-90aecce9136b'),
 ('37', NULL, 'Caption', 'caption', 'superTableBlockType:2', '', '0', 'PlainText', '{\"placeholder\":\"\",\"maxLength\":\"\",\"multiline\":\"\",\"initialRows\":\"4\"}', '2017-08-18 02:51:29', '2017-09-05 20:42:06', 'a9b0e5ba-4759-4efd-a653-de1dce5274e0'),
 ('38', '1', 'Featured Case Studies', 'featuredCaseStudies', 'global', 'Minimum 3. Site doesn\'t performance at it\'s best without all 3.', '0', 'Entries', '{\"sources\":[\"section:2\"],\"limit\":\"3\",\"selectionLabel\":\"Featured Case Studies\"}', '2017-08-23 01:23:59', '2017-09-17 01:05:09', '31a999be-9a21-4415-96ab-78875ae0c4dd'),
 ('39', NULL, 'Avatar', 'avatar', 'matrixBlockType:2', '', '0', 'Assets', '{\"useSingleFolder\":\"1\",\"sources\":\"*\",\"defaultUploadLocationSource\":\"1\",\"defaultUploadLocationSubpath\":\"\",\"singleUploadLocationSource\":\"1\",\"singleUploadLocationSubpath\":\"\",\"restrictFiles\":\"1\",\"allowedKinds\":[\"image\"],\"limit\":\"1\",\"viewMode\":\"list\",\"selectionLabel\":\"\"}', '2017-08-25 01:48:08', '2017-09-05 20:42:06', 'cddc97a5-7ea1-48b5-993a-815f560eaa5a'),
 ('40', '1', 'Services', 'services', 'global', '', '0', 'Matrix', '{\"maxBlocks\":\"1\"}', '2017-08-27 21:15:41', '2017-09-21 23:48:55', 'fe67d908-749e-4887-a8be-be0509dc08b8'),
 ('41', NULL, 'Copy Line One', 'copyLineOne', 'matrixBlockType:11', '', '0', 'PlainText', '{\"placeholder\":\"\",\"maxLength\":\"\",\"multiline\":\"\",\"initialRows\":\"4\"}', '2017-08-27 21:15:41', '2017-09-21 23:48:55', '6b0e7a53-5df3-4f70-bf1e-ee70104bea35'),
 ('42', NULL, 'Color', 'color', 'matrixBlockType:11', '', '0', 'Color', NULL, '2017-08-27 21:15:41', '2017-09-21 23:48:55', '55a9ce6d-3394-4aff-944e-5119352d880c'),
 ('46', '1', 'Service List', 'serviceList', 'global', '', '0', 'Matrix', '{\"maxBlocks\":\"3\"}', '2017-08-27 21:18:21', '2017-08-27 21:20:56', '0a5d7ad6-adb1-4db3-b158-f19fcff58042'),
 ('47', NULL, 'Service Type', 'serviceType', 'matrixBlockType:12', '', '0', 'PlainText', '{\"placeholder\":\"\",\"maxLength\":\"\",\"multiline\":\"\",\"initialRows\":\"4\"}', '2017-08-27 21:18:21', '2017-08-27 21:20:56', '53a103dc-e06d-454b-87ff-ea0284a32587'),
 ('48', NULL, 'Service', 'service', 'matrixBlockType:12', '', '0', 'SuperTable', '{\"columns\":{\"49\":{\"width\":\"\"}},\"fieldLayout\":\"row\",\"staticField\":null,\"selectionLabel\":\"Add a service\",\"maxRows\":\"4\",\"minRows\":\"1\"}', '2017-08-27 21:18:21', '2017-08-27 21:20:56', '6d852456-4980-45fa-9c99-6d78a7f49da7'),
 ('49', NULL, 'Service', 'service', 'superTableBlockType:3', '', '0', 'PlainText', '{\"placeholder\":\"\",\"maxLength\":\"\",\"multiline\":\"\",\"initialRows\":\"4\"}', '2017-08-27 21:18:21', '2017-08-27 21:20:56', 'b69900eb-3b7d-4e59-a40e-623d9b65e554'),
 ('51', '1', 'Client Copy', 'clientCopy', 'global', '', '0', 'PlainText', '{\"placeholder\":\"\",\"maxLength\":\"\",\"multiline\":\"\",\"initialRows\":\"4\"}', '2017-08-28 02:25:13', '2017-08-28 02:25:13', '75ae03a7-94e0-432c-84fb-f2fe17d0ec75'),
 ('52', '1', 'Clients', 'clients', 'global', '', '0', 'Matrix', '{\"maxBlocks\":null}', '2017-08-28 02:26:53', '2017-09-17 01:06:33', '27ba3447-b96e-44fb-8508-857f1a9022d3'),
 ('53', NULL, 'Client', 'client', 'matrixBlockType:13', '', '0', 'Assets', '{\"useSingleFolder\":\"1\",\"sources\":\"*\",\"defaultUploadLocationSource\":\"1\",\"defaultUploadLocationSubpath\":\"\",\"singleUploadLocationSource\":\"1\",\"singleUploadLocationSubpath\":\"\",\"restrictFiles\":\"1\",\"allowedKinds\":[\"image\"],\"limit\":\"1\",\"viewMode\":\"list\",\"selectionLabel\":\"\"}', '2017-08-28 02:26:54', '2017-09-17 01:06:33', '5652a926-7e5c-4b17-84f4-5de133283ded'),
 ('54', NULL, 'Shape background', 'shapeBackground', 'matrixBlockType:2', '', '0', 'Checkboxes', '{\"options\":[{\"label\":\"Show\",\"value\":\"show\",\"default\":\"1\"}]}', '2017-09-05 20:27:57', '2017-09-05 20:42:06', 'a5b52f71-6bdd-4d23-8386-b48b32ea85cc'),
 ('55', NULL, 'Copy Line Two', 'copyLineTwo', 'matrixBlockType:11', '', '0', 'PlainText', '{\"placeholder\":\"\",\"maxLength\":\"\",\"multiline\":\"\",\"initialRows\":\"4\"}', '2017-09-05 21:49:32', '2017-09-21 23:48:55', '253a4fb7-e92e-4048-8086-b4eaf638d59f'),
 ('56', NULL, 'Copy Line Three', 'copyLineThree', 'matrixBlockType:11', '', '0', 'PlainText', '{\"placeholder\":\"\",\"maxLength\":\"\",\"multiline\":\"\",\"initialRows\":\"4\"}', '2017-09-05 21:49:32', '2017-09-21 23:48:55', 'cfed8c76-5b7c-46d6-82cb-2f3430374883'),
 ('57', '1', 'Tagline Word List', 'taglineWordList', 'global', '', '0', 'Matrix', '{\"maxBlocks\":null}', '2017-09-17 02:23:21', '2017-09-17 02:23:21', '549c7391-7e03-4db5-821f-ea742f147cda'),
 ('58', NULL, 'Word', 'word', 'matrixBlockType:14', '', '0', 'PlainText', '{\"placeholder\":\"\",\"maxLength\":\"\",\"multiline\":\"\",\"initialRows\":\"4\"}', '2017-09-17 02:23:21', '2017-09-17 02:23:21', '0cc6b06a-8691-4eb3-a9cc-cff593e3f39f'),
 ('59', '1', 'Logo Gradient Color 1', 'logoGradientColor1', 'global', 'Splash page logo gradient', '0', 'Color', NULL, '2017-09-20 01:00:45', '2017-09-20 01:00:45', '164118dd-13eb-402d-9a0a-3dc932d8ac4d'),
 ('60', '1', 'Logo Gradient Color 2', 'logoGradientColor2', 'global', '', '0', 'Color', NULL, '2017-09-20 01:01:02', '2017-09-20 01:01:02', '42bed67a-171f-4152-8723-cdf45777add4'),
 ('61', NULL, 'Services Image', 'servicesImage', 'matrixBlockType:11', '', '0', 'Assets', '{\"useSingleFolder\":\"\",\"sources\":\"*\",\"defaultUploadLocationSource\":\"1\",\"defaultUploadLocationSubpath\":\"\",\"singleUploadLocationSource\":\"1\",\"singleUploadLocationSubpath\":\"\",\"restrictFiles\":\"\",\"limit\":\"1\",\"viewMode\":\"list\",\"selectionLabel\":\"Background Image\"}', '2017-09-21 23:48:55', '2017-09-21 23:48:55', 'a2d7b154-a5fd-497f-a859-6a5b75d8c67c'),
 ('62', '1', 'Vimeo Video Id', 'vimeoVideoId', 'global', 'Example if URL is \"https://vimeo.com/153553082\" the id is \"153553082\".', '0', 'PlainText', '{\"placeholder\":\"\",\"maxLength\":\"\",\"multiline\":\"\",\"initialRows\":\"4\"}', '2017-09-28 01:03:41', '2017-09-28 01:03:41', '62e1cd3c-e937-4053-b51f-70e7421a21c8');



DROP TABLE IF EXISTS `craft_globalsets`;


--
-- Schema for table `craft_globalsets`
--
CREATE TABLE `craft_globalsets` (
  `id` int(11) NOT NULL,
  `name` varchar(255) COLLATE utf8_unicode_ci NOT NULL,
  `handle` varchar(255) COLLATE utf8_unicode_ci NOT NULL,
  `fieldLayoutId` int(10) DEFAULT NULL,
  `dateCreated` datetime NOT NULL,
  `dateUpdated` datetime NOT NULL,
  `uid` char(36) COLLATE utf8_unicode_ci NOT NULL DEFAULT '0',
  PRIMARY KEY (`id`),
  UNIQUE KEY `craft_globalsets_name_unq_idx` (`name`),
  UNIQUE KEY `craft_globalsets_handle_unq_idx` (`handle`),
  KEY `craft_globalsets_fieldLayoutId_fk` (`fieldLayoutId`)
) ENGINE=InnoDB DEFAULT CHARSET=utf8 COLLATE=utf8_unicode_ci;

DROP TABLE IF EXISTS `craft_info`;


--
-- Schema for table `craft_info`
--
CREATE TABLE `craft_info` (
  `id` int(11) NOT NULL AUTO_INCREMENT,
  `version` varchar(50) COLLATE utf8_unicode_ci NOT NULL,
  `schemaVersion` varchar(15) COLLATE utf8_unicode_ci NOT NULL,
  `edition` tinyint(1) unsigned NOT NULL DEFAULT '0',
  `siteName` varchar(100) COLLATE utf8_unicode_ci NOT NULL,
  `siteUrl` varchar(255) COLLATE utf8_unicode_ci NOT NULL,
  `timezone` varchar(30) COLLATE utf8_unicode_ci DEFAULT NULL,
  `on` tinyint(1) unsigned NOT NULL DEFAULT '0',
  `maintenance` tinyint(1) unsigned NOT NULL DEFAULT '0',
  `dateCreated` datetime NOT NULL,
  `dateUpdated` datetime NOT NULL,
  `uid` char(36) COLLATE utf8_unicode_ci NOT NULL DEFAULT '0',
  PRIMARY KEY (`id`)
) ENGINE=InnoDB AUTO_INCREMENT=2 DEFAULT CHARSET=utf8 COLLATE=utf8_unicode_ci;

--
-- Data for table `craft_info`
--

INSERT INTO `craft_info` (`id`, `version`, `schemaVersion`, `edition`, `siteName`, `siteUrl`, `timezone`, `on`, `maintenance`, `dateCreated`, `dateUpdated`, `uid`) VALUES
 ('1', '2.6.2989', '2.6.10', '1', 'Bokeh', 'http://localhost:8888/bokeh/public_html', 'UTC', '1', '1', '2017-08-14 03:05:11', '2017-10-01 20:18:13', '8fc3211a-8b00-4362-978a-3ce84550becf');



DROP TABLE IF EXISTS `craft_locales`;


--
-- Schema for table `craft_locales`
--
CREATE TABLE `craft_locales` (
  `locale` char(12) COLLATE utf8_unicode_ci NOT NULL,
  `sortOrder` smallint(6) unsigned DEFAULT NULL,
  `dateCreated` datetime NOT NULL,
  `dateUpdated` datetime NOT NULL,
  `uid` char(36) COLLATE utf8_unicode_ci NOT NULL DEFAULT '0',
  PRIMARY KEY (`locale`),
  KEY `craft_locales_sortOrder_idx` (`sortOrder`)
) ENGINE=InnoDB DEFAULT CHARSET=utf8 COLLATE=utf8_unicode_ci;

--
-- Data for table `craft_locales`
--

INSERT INTO `craft_locales` (`locale`, `sortOrder`, `dateCreated`, `dateUpdated`, `uid`) VALUES
 ('en_us', '1', '2017-08-14 03:05:11', '2017-08-14 03:05:11', '781a4d16-cb72-4320-95ca-b314d03d8dc4');



DROP TABLE IF EXISTS `craft_matrixblocks`;


--
-- Schema for table `craft_matrixblocks`
--
CREATE TABLE `craft_matrixblocks` (
  `id` int(11) NOT NULL,
  `ownerId` int(11) NOT NULL,
  `fieldId` int(11) NOT NULL,
  `typeId` int(11) DEFAULT NULL,
  `sortOrder` smallint(6) unsigned DEFAULT NULL,
  `ownerLocale` char(12) COLLATE utf8_unicode_ci DEFAULT NULL,
  `dateCreated` datetime NOT NULL,
  `dateUpdated` datetime NOT NULL,
  `uid` char(36) COLLATE utf8_unicode_ci NOT NULL DEFAULT '0',
  PRIMARY KEY (`id`),
  KEY `craft_matrixblocks_ownerId_idx` (`ownerId`),
  KEY `craft_matrixblocks_fieldId_idx` (`fieldId`),
  KEY `craft_matrixblocks_typeId_idx` (`typeId`),
  KEY `craft_matrixblocks_sortOrder_idx` (`sortOrder`),
  KEY `craft_matrixblocks_ownerLocale_fk` (`ownerLocale`)
) ENGINE=InnoDB DEFAULT CHARSET=utf8 COLLATE=utf8_unicode_ci;

--
-- Data for table `craft_matrixblocks`
--

INSERT INTO `craft_matrixblocks` (`id`, `ownerId`, `fieldId`, `typeId`, `sortOrder`, `ownerLocale`, `dateCreated`, `dateUpdated`, `uid`) VALUES
 ('32', '28', '10', '1', '1', NULL, '2017-08-20 00:40:09', '2017-09-17 19:29:36', 'e3d8f41f-f86e-47f8-b7f0-2b14479205db'),
 ('33', '28', '10', '2', '3', NULL, '2017-08-20 00:40:09', '2017-09-17 19:29:36', '07c2c146-d028-4563-ab24-6bf4c256b7e2'),
 ('34', '28', '10', '3', '4', NULL, '2017-08-20 00:40:09', '2017-09-17 19:29:36', '209d4481-0f43-4e59-b0e9-67d2137db436'),
 ('35', '28', '10', '4', '2', NULL, '2017-08-20 00:40:09', '2017-09-17 19:29:36', '2046f75e-0fb6-499a-9ad6-83bbe690862c'),
 ('36', '28', '10', '5', '6', NULL, '2017-08-20 00:40:09', '2017-09-17 19:29:36', '69c0b95c-d247-4428-93c6-c18716652491'),
 ('37', '28', '10', '6', '8', NULL, '2017-08-20 00:40:09', '2017-09-17 19:29:36', '886f6224-5537-48bc-9cdf-fb99ae2178f1'),
 ('38', '28', '10', '7', '10', NULL, '2017-08-20 00:40:09', '2017-09-17 19:29:36', '78063674-c1fc-4b19-ac7b-7384b1311a4c'),
 ('39', '28', '10', '8', '12', NULL, '2017-08-20 00:40:09', '2017-09-17 19:29:36', '1ee331e9-3abf-45f7-b8ef-b202820a9fe1'),
 ('40', '28', '10', '9', '14', NULL, '2017-08-20 00:40:09', '2017-09-17 19:29:36', '92ab494a-05fc-4640-8ede-62409a40e3be'),
 ('50', '28', '10', '1', '5', NULL, '2017-08-20 01:44:22', '2017-09-17 19:29:36', '9db9b9e9-f8a1-4f6c-9f41-7aab9e291962'),
 ('51', '28', '10', '1', '7', NULL, '2017-08-20 01:44:22', '2017-09-17 19:29:36', '17e44bf4-2d16-44e0-8231-fa3c93d15349'),
 ('52', '28', '10', '1', '9', NULL, '2017-08-20 01:44:22', '2017-09-17 19:29:36', '87dc8f2d-91c4-4aeb-806b-08078deb67cc'),
 ('53', '28', '10', '1', '11', NULL, '2017-08-20 01:44:22', '2017-09-17 19:29:36', 'be882762-b881-403b-a743-2222c6467f93'),
 ('54', '28', '10', '1', '13', NULL, '2017-08-20 01:44:22', '2017-09-17 19:29:36', 'e1292c4c-b3a6-4fbc-8fde-c26a4c3450b0'),
 ('55', '28', '10', '1', '15', NULL, '2017-08-20 01:44:22', '2017-09-17 19:29:36', 'f550171c-61a6-4a08-9dd3-983f8868f94e'),
 ('64', '28', '10', '10', '16', NULL, '2017-08-20 01:47:51', '2017-09-17 19:29:36', '073c24ed-2b54-4b8d-a52b-ddc8c4206d7c'),
 ('78', '2', '46', '12', '1', NULL, '2017-08-27 21:20:43', '2017-09-28 01:04:09', 'cd69593f-13c5-470a-bb33-cecf11347921'),
 ('83', '2', '46', '12', '2', NULL, '2017-08-27 21:20:43', '2017-09-28 01:04:09', '04a9f915-8107-4988-bd07-22fadad1f6f7'),
 ('88', '2', '46', '12', '3', NULL, '2017-08-27 21:20:43', '2017-09-28 01:04:09', 'c7f51d88-5614-4f41-9c2f-6d06dcff2ad0'),
 ('93', '2', '40', '11', '1', NULL, '2017-08-27 21:22:53', '2017-09-28 01:04:09', '0d39a24c-d7bb-4677-9054-fcc3f340aa2d'),
 ('131', '2', '52', '13', '1', NULL, '2017-08-28 02:31:36', '2017-09-28 01:04:09', '64a2f3d2-ae8f-45e7-96ed-225097de8733'),
 ('132', '2', '52', '13', '2', NULL, '2017-08-28 02:31:36', '2017-09-28 01:04:09', 'c789dd30-5c80-4c2a-ba56-14154eb0b727'),
 ('133', '2', '52', '13', '3', NULL, '2017-08-28 02:31:36', '2017-09-28 01:04:09', '5373aca3-8554-4c37-aaf5-43e0424ad721'),
 ('134', '2', '52', '13', '4', NULL, '2017-08-28 02:31:36', '2017-09-28 01:04:09', '53cab4b6-ab36-4537-b774-fa99af60d989'),
 ('135', '2', '52', '13', '5', NULL, '2017-08-28 02:31:36', '2017-09-28 01:04:09', 'e196b12c-5ce7-432f-8ce2-66132923b67e'),
 ('136', '2', '52', '13', '6', NULL, '2017-08-28 02:31:36', '2017-09-28 01:04:09', '932e9e30-8b89-42ed-9fe0-83f76f8969db'),
 ('137', '2', '52', '13', '7', NULL, '2017-08-28 02:31:36', '2017-09-28 01:04:09', '73041a9f-24d7-455e-b6ee-9b5ebfabb43c'),
 ('138', '2', '52', '13', '8', NULL, '2017-08-28 02:31:36', '2017-09-28 01:04:09', '2b79a202-dd29-45a4-8879-4cc1bf1fa595'),
 ('139', '2', '52', '13', '9', NULL, '2017-08-28 02:31:36', '2017-09-28 01:04:09', '68b3541a-b0f4-47b5-b2e1-a9e7ff9397a0'),
 ('140', '2', '52', '13', '10', NULL, '2017-08-28 02:31:37', '2017-09-28 01:04:09', '036db15b-dbdc-49e9-a2a2-e467aee1cfa0'),
 ('141', '2', '52', '13', '11', NULL, '2017-08-28 02:31:37', '2017-09-28 01:04:09', 'fa5516eb-e92a-4efa-a547-2e5f960c3988'),
 ('142', '2', '52', '13', '12', NULL, '2017-08-28 02:31:37', '2017-09-28 01:04:09', '04938f09-caac-4aa6-b188-7b51fe17cada'),
 ('143', '2', '52', '13', '13', NULL, '2017-08-28 02:31:37', '2017-09-28 01:04:09', '8ea7620d-cc12-4955-a913-f2300b48e080'),
 ('144', '2', '52', '13', '14', NULL, '2017-08-28 02:31:37', '2017-09-28 01:04:09', 'b45acc5b-0695-45c0-ae54-633c55d6f223'),
 ('146', '4', '10', '2', '7', NULL, '2017-08-30 22:22:29', '2017-09-26 01:42:55', '1b4d1533-6437-4d47-b162-36d46f54d97d'),
 ('147', '4', '10', '1', '1', NULL, '2017-08-30 22:22:29', '2017-09-26 01:42:55', '3c6fa119-ec1c-4eb8-bd35-92084758014c'),
 ('153', '4', '10', '3', '9', NULL, '2017-08-30 22:37:36', '2017-09-26 01:42:55', '0294f33e-bdd3-4e5c-91d0-f051e6eca6b3'),
 ('155', '4', '10', '1', '4', NULL, '2017-08-30 22:37:36', '2017-09-26 01:42:55', 'd2486722-5a84-4e07-acf5-d4569a843fab'),
 ('157', '4', '10', '9', '5', NULL, '2017-08-30 22:37:36', '2017-09-26 01:42:55', '169a6f4e-6268-4af0-bb96-ca43a893f1bc'),
 ('162', '4', '10', '1', '8', NULL, '2017-08-30 22:37:36', '2017-09-26 01:42:55', 'ab5e4a81-e005-442c-bd11-64e7ef9d5133'),
 ('164', '4', '10', '7', '6', NULL, '2017-08-30 22:37:36', '2017-09-26 01:42:55', '2ec233cb-cf86-4dca-9a4c-7e734a9d0ace'),
 ('165', '4', '10', '1', '11', NULL, '2017-08-30 22:37:36', '2017-09-26 01:42:55', '71d8c75a-fb2e-42ad-ba3e-c7ccd0f89b6c'),
 ('166', '4', '10', '3', '10', NULL, '2017-08-30 22:37:36', '2017-09-26 01:42:55', 'dc561846-2803-4c79-8a54-b73f276c0c33'),
 ('167', '4', '10', '9', '12', NULL, '2017-08-30 22:37:36', '2017-09-26 01:42:55', 'ed92da56-7fbd-4ee5-bf9f-74ceed6d3b27'),
 ('179', '4', '10', '1', '15', NULL, '2017-08-30 22:42:57', '2017-09-26 01:42:55', '1aa5db94-c9d5-46a2-a834-d01f27e691ff'),
 ('180', '4', '10', '8', '16', NULL, '2017-08-30 22:42:57', '2017-09-26 01:42:55', '4db0e29b-50fa-4129-9f02-5cc31e9b6aa4'),
 ('181', '4', '10', '5', '3', NULL, '2017-08-30 22:42:57', '2017-09-26 01:42:55', '31cc9fa1-6264-4724-b3f5-1471326ec50b'),
 ('251', '4', '10', '1', '2', NULL, '2017-09-14 00:40:35', '2017-09-26 01:42:55', 'b8e981d3-eea9-4c36-af37-9cccae42d601'),
 ('252', '4', '10', '6', '14', NULL, '2017-09-14 01:28:44', '2017-09-26 01:42:55', 'a703fd3a-a8d7-4da8-b2bd-d86e9b3ac1c1'),
 ('253', '2', '52', '13', '15', NULL, '2017-09-17 01:15:36', '2017-09-28 01:04:09', '991221e4-db52-402f-8d18-0ffd1298dc8a'),
 ('254', '2', '52', '13', '16', NULL, '2017-09-17 01:15:36', '2017-09-28 01:04:09', '12dd2a9a-87f9-47e9-862d-912eecc89fe0'),
 ('255', '2', '52', '13', '17', NULL, '2017-09-17 01:15:36', '2017-09-28 01:04:09', 'e1948b5f-85ca-4172-9c24-cc931bb73f06'),
 ('256', '2', '52', '13', '18', NULL, '2017-09-17 01:15:36', '2017-09-28 01:04:09', 'bf89f91d-20c4-45f6-ba61-1c3f6c65b386'),
 ('257', '2', '52', '13', '19', NULL, '2017-09-17 01:15:36', '2017-09-28 01:04:09', '81bbbabe-815a-4cb4-b2b1-1d9a0a528ff0'),
 ('258', '2', '52', '13', '20', NULL, '2017-09-17 01:38:30', '2017-09-28 01:04:09', '834d43cc-df44-409d-9798-88182f3906b9'),
 ('267', '2', '52', '13', '21', NULL, '2017-09-17 01:52:35', '2017-09-28 01:04:09', '71117e9b-fdaf-4022-9802-788bbea69dd9'),
 ('268', '2', '52', '13', '22', NULL, '2017-09-17 01:52:35', '2017-09-28 01:04:09', '670121da-0151-42d2-babf-30369f060bfa'),
 ('269', '2', '52', '13', '23', NULL, '2017-09-17 01:52:35', '2017-09-28 01:04:09', '93c3d252-95f3-45be-bf2b-f958c872c966'),
 ('270', '2', '52', '13', '24', NULL, '2017-09-17 01:52:35', '2017-09-28 01:04:09', '62fce0fe-316c-4de1-9436-5b354237a638'),
 ('271', '2', '52', '13', '25', NULL, '2017-09-17 01:52:35', '2017-09-28 01:04:09', '054a6e00-9530-45ff-b2cd-4ee32672883b'),
 ('272', '2', '52', '13', '26', NULL, '2017-09-17 01:52:35', '2017-09-28 01:04:09', '7c08496a-1835-45f3-8508-91f7a52efb59'),
 ('273', '2', '52', '13', '27', NULL, '2017-09-17 01:52:35', '2017-09-28 01:04:09', '6ebd3598-42c1-4873-aadb-1cae0d92784a'),
 ('274', '2', '52', '13', '28', NULL, '2017-09-17 01:52:35', '2017-09-28 01:04:09', '62197419-53f5-4f68-8133-e1960b91e298'),
 ('275', '2', '57', '14', '1', NULL, '2017-09-17 02:24:48', '2017-09-28 01:04:09', 'f063cc84-0bd8-45f8-826b-25e35a19a86e'),
 ('276', '2', '57', '14', '2', NULL, '2017-09-17 02:24:48', '2017-09-28 01:04:09', 'ff81e9e1-4569-4a18-858f-3ebf4583e069'),
 ('277', '2', '57', '14', '3', NULL, '2017-09-17 02:24:48', '2017-09-28 01:04:09', '70c616eb-4c50-48aa-a4f7-13d6fc562764'),
 ('278', '2', '57', '14', '4', NULL, '2017-09-17 02:24:48', '2017-09-28 01:04:09', '8f385400-182f-4889-ad5b-d7f3241027a8'),
 ('281', '4', '10', '1', '13', NULL, '2017-09-26 01:36:37', '2017-09-26 01:42:55', '395333ea-c61b-4dcc-afbb-aabaf6076690'),
 ('282', '77', '10', '1', '1', NULL, '2017-09-26 01:47:21', '2017-09-26 01:48:42', '4b37eaa9-9052-4aa7-8347-9d58c5db758e'),
 ('283', '77', '10', '1', '2', NULL, '2017-09-26 01:47:21', '2017-09-26 01:48:42', '041d65d8-5f2a-4322-b544-411c72d2bd45');



DROP TABLE IF EXISTS `craft_matrixblocktypes`;


--
-- Schema for table `craft_matrixblocktypes`
--
CREATE TABLE `craft_matrixblocktypes` (
  `id` int(11) NOT NULL AUTO_INCREMENT,
  `fieldId` int(11) NOT NULL,
  `fieldLayoutId` int(11) DEFAULT NULL,
  `name` varchar(255) COLLATE utf8_unicode_ci NOT NULL,
  `handle` varchar(255) COLLATE utf8_unicode_ci NOT NULL,
  `sortOrder` smallint(6) unsigned DEFAULT NULL,
  `dateCreated` datetime NOT NULL,
  `dateUpdated` datetime NOT NULL,
  `uid` char(36) COLLATE utf8_unicode_ci NOT NULL DEFAULT '0',
  PRIMARY KEY (`id`),
  UNIQUE KEY `craft_matrixblocktypes_name_fieldId_unq_idx` (`name`,`fieldId`),
  UNIQUE KEY `craft_matrixblocktypes_handle_fieldId_unq_idx` (`handle`,`fieldId`),
  KEY `craft_matrixblocktypes_fieldId_fk` (`fieldId`),
  KEY `craft_matrixblocktypes_fieldLayoutId_fk` (`fieldLayoutId`)
) ENGINE=InnoDB AUTO_INCREMENT=15 DEFAULT CHARSET=utf8 COLLATE=utf8_unicode_ci;

--
-- Data for table `craft_matrixblocktypes`
--

INSERT INTO `craft_matrixblocktypes` (`id`, `fieldId`, `fieldLayoutId`, `name`, `handle`, `sortOrder`, `dateCreated`, `dateUpdated`, `uid`) VALUES
 ('1', '10', '182', 'Text', 'text', '1', '2017-08-18 02:47:36', '2017-09-05 20:42:06', 'b6285403-d9d8-44c2-bd96-c06f0c634534'),
 ('2', '10', '183', 'Quote', 'quote', '2', '2017-08-18 02:47:37', '2017-09-05 20:42:06', '1e87d5dc-f7a5-40be-9ebc-ac059384fae4'),
 ('3', '10', '184', 'Video', 'video', '3', '2017-08-18 02:47:37', '2017-09-05 20:42:06', 'd0e61ba1-2a4d-4a04-b623-ba49806c9fff'),
 ('4', '10', '185', 'Inline Image', 'inlineImage', '4', '2017-08-18 02:47:37', '2017-09-05 20:42:06', '066f4e3e-0abd-4ce0-b058-bc202b782ad5'),
 ('5', '10', '186', 'Full Width Image', 'fullWidthImage', '5', '2017-08-18 02:47:37', '2017-09-05 20:42:06', '7ae5e9bd-242c-4906-8ed1-4304cc77b2e2'),
 ('6', '10', '187', 'Two-Up Images', 'twoUpImages', '6', '2017-08-18 02:47:37', '2017-09-05 20:42:06', '495262e4-0835-4666-b87e-8f8f4bc3d5a5'),
 ('7', '10', '188', 'Three-Up Images', 'threeUpImages', '7', '2017-08-18 02:47:37', '2017-09-05 20:42:06', '73f104b5-92ba-410b-bda3-43bbdaeafb2b'),
 ('8', '10', '189', 'Five-Up Images', 'fiveUpImages', '8', '2017-08-18 02:47:37', '2017-09-05 20:42:06', '4f2c715d-e2d9-43fd-8f51-35e1d1b8dfc7'),
 ('9', '10', '191', 'Video Carousel', 'videoCarousel', '9', '2017-08-18 02:51:29', '2017-09-05 20:42:06', '24df9359-5065-4354-a1bb-6a48d81ce78f'),
 ('10', '10', '193', 'Image Carousel', 'imageCarousel', '10', '2017-08-18 02:51:29', '2017-09-05 20:42:06', 'db1f2328-d8f2-42bf-b8b2-7446df06ae2d'),
 ('11', '40', '202', 'Service', 'service', '1', '2017-08-27 21:15:41', '2017-09-21 23:48:55', '228ddb0a-77e6-4ce0-88ee-add1864cd096'),
 ('12', '46', '142', 'Offered Services', 'offeredServices', '1', '2017-08-27 21:18:21', '2017-08-27 21:20:56', 'b927b796-84ad-4633-8329-54119b3f5ac4'),
 ('13', '52', '197', 'Client Logo', 'clientLogo', '1', '2017-08-28 02:26:54', '2017-09-17 01:06:33', 'c86b81ec-a42a-4234-83e1-a6462273222b'),
 ('14', '57', '198', 'Word', 'word', '1', '2017-09-17 02:23:21', '2017-09-17 02:23:21', '7e3e79fb-6087-4e3d-8bf6-bd4d5acba6a3');



DROP TABLE IF EXISTS `craft_matrixcontent_clients`;


--
-- Schema for table `craft_matrixcontent_clients`
--
CREATE TABLE `craft_matrixcontent_clients` (
  `id` int(11) NOT NULL AUTO_INCREMENT,
  `elementId` int(11) NOT NULL,
  `locale` char(12) COLLATE utf8_unicode_ci NOT NULL,
  `dateCreated` datetime NOT NULL,
  `dateUpdated` datetime NOT NULL,
  `uid` char(36) COLLATE utf8_unicode_ci NOT NULL DEFAULT '0',
  PRIMARY KEY (`id`),
  UNIQUE KEY `craft_matrixcontent_clients_elementId_locale_unq_idx` (`elementId`,`locale`),
  KEY `craft_matrixcontent_clients_locale_fk` (`locale`)
) ENGINE=InnoDB AUTO_INCREMENT=37 DEFAULT CHARSET=utf8 COLLATE=utf8_unicode_ci;

--
-- Data for table `craft_matrixcontent_clients`
--

INSERT INTO `craft_matrixcontent_clients` (`id`, `elementId`, `locale`, `dateCreated`, `dateUpdated`, `uid`) VALUES
 ('1', '131', 'en_us', '2017-08-28 02:31:36', '2017-09-28 01:04:09', 'be699288-f629-4e4a-b407-28078cc1cb6d'),
 ('2', '132', 'en_us', '2017-08-28 02:31:36', '2017-09-28 01:04:09', '347ab47c-f988-43b5-9b28-6070fb9e1143'),
 ('3', '133', 'en_us', '2017-08-28 02:31:36', '2017-09-28 01:04:09', '9d07061e-f45e-4afb-93eb-3853b13c8ebd'),
 ('4', '134', 'en_us', '2017-08-28 02:31:36', '2017-09-28 01:04:09', '015733c3-6c64-4f7b-8619-6c10b571a667'),
 ('5', '135', 'en_us', '2017-08-28 02:31:36', '2017-09-28 01:04:09', '0c493261-eece-467d-ae00-e3e176f1b883'),
 ('6', '136', 'en_us', '2017-08-28 02:31:36', '2017-09-28 01:04:09', '8fb597bd-e6e1-4baf-b1ee-0f41b9ce907f'),
 ('7', '137', 'en_us', '2017-08-28 02:31:36', '2017-09-28 01:04:09', '0aed7e53-ca8e-4d78-b5e2-068101bee546'),
 ('8', '138', 'en_us', '2017-08-28 02:31:36', '2017-09-28 01:04:09', 'efbb581d-0f49-44d5-a29e-ea37646f1749'),
 ('9', '139', 'en_us', '2017-08-28 02:31:36', '2017-09-28 01:04:09', 'c1c0291a-836b-4896-932d-71cad4498c03'),
 ('10', '140', 'en_us', '2017-08-28 02:31:36', '2017-09-28 01:04:09', '3f4223a7-1d7b-4615-b591-85c02e0819a4'),
 ('11', '141', 'en_us', '2017-08-28 02:31:37', '2017-09-28 01:04:09', '458ec000-ea6d-4fdd-a4c0-46b29d1c9807'),
 ('12', '142', 'en_us', '2017-08-28 02:31:37', '2017-09-28 01:04:09', 'bda7b49c-d4a5-4943-bf5f-eb04a065b65c'),
 ('13', '143', 'en_us', '2017-08-28 02:31:37', '2017-09-28 01:04:09', '935f363e-553f-4881-afd7-358b39e5c481'),
 ('14', '144', 'en_us', '2017-08-28 02:31:37', '2017-09-28 01:04:09', 'd4ca552e-c418-49e3-a491-b241d5e10312'),
 ('15', '253', 'en_us', '2017-09-17 01:15:36', '2017-09-28 01:04:09', '1ab24c6f-053b-4a5b-927b-07e5b417eee0'),
 ('16', '254', 'en_us', '2017-09-17 01:15:36', '2017-09-28 01:04:09', '26d072e3-0188-47b2-add9-933169989c12'),
 ('17', '255', 'en_us', '2017-09-17 01:15:36', '2017-09-28 01:04:09', '0fa686b3-88bf-4f50-a480-924a32eb4195'),
 ('18', '256', 'en_us', '2017-09-17 01:15:36', '2017-09-28 01:04:09', 'a01abb77-9c09-4c5f-807c-014e975c4b0e'),
 ('19', '257', 'en_us', '2017-09-17 01:15:36', '2017-09-28 01:04:09', '2e2c1e3a-579b-4c46-b4ad-f7033b6e9bd3'),
 ('20', '258', 'en_us', '2017-09-17 01:38:30', '2017-09-28 01:04:09', '3efdc98d-240c-4776-a7fa-e54f316815c0'),
 ('29', '267', 'en_us', '2017-09-17 01:52:35', '2017-09-28 01:04:09', 'e61a96a9-6326-4587-a78f-a67b4208529a'),
 ('30', '268', 'en_us', '2017-09-17 01:52:35', '2017-09-28 01:04:09', '4b8c80ba-00e8-4fe8-aef9-848b02bcdfac'),
 ('31', '269', 'en_us', '2017-09-17 01:52:35', '2017-09-28 01:04:09', '609c78b3-6f22-486f-a745-4f1ec0bc73b6'),
 ('32', '270', 'en_us', '2017-09-17 01:52:35', '2017-09-28 01:04:09', '5011c00c-da65-4c93-8242-1855ba5ec8f7'),
 ('33', '271', 'en_us', '2017-09-17 01:52:35', '2017-09-28 01:04:09', '90c89e8a-c9a3-42de-9d04-6b3ff7486ee8'),
 ('34', '272', 'en_us', '2017-09-17 01:52:35', '2017-09-28 01:04:09', 'da592b23-f6f8-4854-8afc-34ecc202defe'),
 ('35', '273', 'en_us', '2017-09-17 01:52:35', '2017-09-28 01:04:09', 'a9eeca68-09bb-45b9-a68b-bcde4adf512c'),
 ('36', '274', 'en_us', '2017-09-17 01:52:35', '2017-09-28 01:04:09', 'b5072c47-9282-44f4-a15d-a44c3ad52b59');



DROP TABLE IF EXISTS `craft_matrixcontent_projectblocks`;


--
-- Schema for table `craft_matrixcontent_projectblocks`
--
CREATE TABLE `craft_matrixcontent_projectblocks` (
  `id` int(11) NOT NULL AUTO_INCREMENT,
  `elementId` int(11) NOT NULL,
  `locale` char(12) COLLATE utf8_unicode_ci NOT NULL,
  `field_text_copy` text COLLATE utf8_unicode_ci,
  `field_quote_quote` text COLLATE utf8_unicode_ci,
  `field_quote_personsName` text COLLATE utf8_unicode_ci,
  `field_quote_jobTitle` text COLLATE utf8_unicode_ci,
  `field_video_videoUrl` text COLLATE utf8_unicode_ci,
  `field_video_caption` text COLLATE utf8_unicode_ci,
  `field_inlineImage_caption` text COLLATE utf8_unicode_ci,
  `field_fullWidthImage_caption` text COLLATE utf8_unicode_ci,
  `field_quote_shapeBackground` varchar(255) COLLATE utf8_unicode_ci DEFAULT NULL,
  `dateCreated` datetime NOT NULL,
  `dateUpdated` datetime NOT NULL,
  `uid` char(36) COLLATE utf8_unicode_ci NOT NULL DEFAULT '0',
  PRIMARY KEY (`id`),
  UNIQUE KEY `craft_matrixcontent_projectblocks_elementId_locale_unq_idx` (`elementId`,`locale`),
  KEY `craft_matrixcontent_projectblocks_locale_fk` (`locale`)
) ENGINE=InnoDB AUTO_INCREMENT=42 DEFAULT CHARSET=utf8 COLLATE=utf8_unicode_ci;

--
-- Data for table `craft_matrixcontent_projectblocks`
--

INSERT INTO `craft_matrixcontent_projectblocks` (`id`, `elementId`, `locale`, `field_text_copy`, `field_quote_quote`, `field_quote_personsName`, `field_quote_jobTitle`, `field_video_videoUrl`, `field_video_caption`, `field_inlineImage_caption`, `field_fullWidthImage_caption`, `field_quote_shapeBackground`, `dateCreated`, `dateUpdated`, `uid`) VALUES
 ('1', '32', 'en_us', '<h2>Heading Two</h2>\n<p>Topping toffee bonbon gingerbread soufflé. Tootsie roll cupcake gummi bears dragée chocolate. Liquorice chocolate bar wafer donut soufflé. Gummies dessert croissant. Bonbon cake marshmallow liquorice. Cotton candy gummies cupcake sweet. Donut dessert brownie croissant sweet.</p>', NULL, NULL, NULL, NULL, NULL, NULL, NULL, NULL, '2017-08-20 00:40:09', '2017-09-17 19:29:36', 'e131a475-d304-4e6f-b770-3c084d70199b'),
 ('2', '33', 'en_us', NULL, 'Jelly beans apple pie pie ice cream tiramisu jelly-o chupa chups tootsie roll. Jujubes biscuit brownie carrot cake. Lollipop tart marzipan pastry sugar plum.', 'John Doe', 'Coffee Lover', NULL, NULL, NULL, NULL, '', '2017-08-20 00:40:09', '2017-09-17 19:29:36', '2a264b89-91fd-4abd-85fa-dee39f1f5e4b'),
 ('3', '34', 'en_us', NULL, NULL, NULL, NULL, 'https://www.youtube.com/watch?v=wxLUj1Mrars', 'Caption', NULL, NULL, NULL, '2017-08-20 00:40:09', '2017-09-17 19:29:36', '2a604c2d-2d6d-429b-b40e-83bb89426f0a'),
 ('4', '35', 'en_us', NULL, NULL, NULL, NULL, NULL, NULL, '', NULL, NULL, '2017-08-20 00:40:09', '2017-09-17 19:29:36', '47540ceb-2942-449c-8230-4884a3e44fe8'),
 ('5', '36', 'en_us', NULL, NULL, NULL, NULL, NULL, NULL, NULL, 'Coffee Beanz', NULL, '2017-08-20 00:40:09', '2017-09-17 19:29:36', 'c53c7634-6616-426f-9f9b-a18a29d65140'),
 ('6', '37', 'en_us', NULL, NULL, NULL, NULL, NULL, NULL, NULL, NULL, NULL, '2017-08-20 00:40:09', '2017-09-17 19:29:36', '597bf240-d103-45a0-8b28-47c9d1725b7c'),
 ('7', '38', 'en_us', NULL, NULL, NULL, NULL, NULL, NULL, NULL, NULL, NULL, '2017-08-20 00:40:09', '2017-09-17 19:29:36', '4b8d69da-3dae-41e3-a583-677c31550cbd'),
 ('8', '39', 'en_us', NULL, NULL, NULL, NULL, NULL, NULL, NULL, NULL, NULL, '2017-08-20 00:40:09', '2017-09-17 19:29:36', '801db9e4-4ab8-4a26-a332-89a67e936b41'),
 ('9', '40', 'en_us', NULL, NULL, NULL, NULL, NULL, NULL, NULL, NULL, NULL, '2017-08-20 00:40:09', '2017-09-17 19:29:36', '8491913d-5311-475e-9339-7372e5500e99'),
 ('11', '50', 'en_us', '<p>Gingerbread sweet roll danish marshmallow lemon drops cake halvah chupa chups cake. Macaroon tart liquorice cake.<a href=\"//google.ca\">This is a link</a>. Biscuit pastry cake muffin chocolate bar. Gummies bear claw bonbon candy canes danish powder jelly wafer. Jelly pie gingerbread. Jelly brownie pudding gummies chocolate cake cupcake brownie danish gummies. Liquorice gingerbread soufflé.</p>', NULL, NULL, NULL, NULL, NULL, NULL, NULL, NULL, '2017-08-20 01:44:22', '2017-09-17 19:29:36', '5635f71e-d722-40d4-8244-b62213e01369'),
 ('12', '51', 'en_us', '<p>Sugar plum croissant dragée oat cake pudding chocolate jelly-o cake cupcake. Pudding bonbon lemon drops chupa chups. Dragée jelly gummi bears gummies donut gummies. Jujubes cotton candy apple pie muffin. Sweet liquorice cake gummies bear claw. Marzipan tootsie roll marzipan muffin toffee gummi bears marzipan cake jelly beans. Donut chupa chups cake topping sesame snaps dessert biscuit brownie. Croissant carrot cake topping pudding powder donut. Tiramisu cupcake soufflé biscuit cake chocolate bar dragée danish chocolate cake. Pudding soufflé bonbon bear claw soufflé cotton candy tart.</p>', NULL, NULL, NULL, NULL, NULL, NULL, NULL, NULL, '2017-08-20 01:44:22', '2017-09-17 19:29:36', 'a0d2adf0-bbff-4d32-ba9e-375b734b10bc'),
 ('13', '52', 'en_us', '<p>Soufflé macaroon cake donut cotton candy jelly bear claw. Topping toffee cotton candy macaroon danish sugar plum carrot cake. Pudding powder biscuit. Liquorice toffee cupcake macaroon sesame snaps jujubes tiramisu. Candy canes powder apple pie soufflé lollipop oat cake. Sugar plum cheesecake chocolate. Liquorice sweet roll soufflé chocolate cake bear claw sweet roll.</p>', NULL, NULL, NULL, NULL, NULL, NULL, NULL, NULL, '2017-08-20 01:44:22', '2017-09-17 19:29:36', '79c6bd5f-a483-4265-8837-9aece729cf2e'),
 ('14', '53', 'en_us', '<h1>Heading One</h1>\n<p>Candy canes soufflé apple pie sweet roll. Bear claw halvah jelly beans pie danish jelly ice cream. Dessert cookie macaroon tootsie roll dragée. Sweet roll pastry muffin marzipan liquorice chocolate ice cream oat cake sweet. Tart tart fruitcake. Gingerbread chocolate bar sweet roll cotton candy cookie donut oat cake halvah. Chocolate sesame snaps apple pie sweet tart cookie. Candy canes bonbon candy icing dragée cake chocolate danish pastry. Liquorice croissant lollipop chocolate macaroon sweet.</p>', NULL, NULL, NULL, NULL, NULL, NULL, NULL, NULL, '2017-08-20 01:44:22', '2017-09-17 19:29:36', 'dedde682-16af-45bd-8971-7f05582bf965'),
 ('15', '54', 'en_us', '<p>Caramels lollipop oat cake. Chupa chups candy gummies ice cream jujubes carrot cake. Powder halvah candy canes. Fruitcake pudding pastry brownie tart. Soufflé caramels tiramisu wafer marshmallow carrot cake. Bonbon topping soufflé caramels. Topping sugar plum sesame snaps lollipop wafer carrot cake chocolate. Cake chocolate bar cake sweet. Apple pie brownie macaroon tiramisu tart powder sweet roll bonbon. Gummies biscuit candy canes sugar plum cupcake dragée toffee muffin topping.</p>', NULL, NULL, NULL, NULL, NULL, NULL, NULL, NULL, '2017-08-20 01:44:22', '2017-09-17 19:29:36', '10039a03-adab-435e-8af2-0d6f36a3eb49'),
 ('16', '55', 'en_us', '<p>Cheesecake cupcake lollipop muffin. Cheesecake icing wafer jujubes lollipop muffin sweet chocolate bar dragée. Cake chupa chups chocolate muffin jelly bear claw. Tart jelly toffee pastry cake. Icing ice cream bear claw. Caramels soufflé bonbon chocolate marshmallow. Icing carrot cake jujubes dessert cookie.</p>', NULL, NULL, NULL, NULL, NULL, NULL, NULL, NULL, '2017-08-20 01:44:22', '2017-09-17 19:29:36', 'b4360a6f-b7d5-48ad-b6e7-b9b66a91cfb4'),
 ('17', '64', 'en_us', NULL, NULL, NULL, NULL, NULL, NULL, NULL, NULL, NULL, '2017-08-20 01:47:51', '2017-09-17 19:29:36', 'e95b371b-f8e1-4fe3-b4e3-c01cd2aea9c8'),
 ('18', '146', 'en_us', NULL, '“This film brought the house down. I cannot imagine now having done this without it.”', 'Brian Chesky', 'CEO of Airbnb', NULL, NULL, NULL, NULL, '[\"show\"]', '2017-08-30 22:22:29', '2017-09-26 01:42:55', 'fd1caad1-c016-4dc2-aa9d-2f3f07b0a960'),
 ('19', '147', 'en_us', '<h2>The Mission</h2>\n<p>On November 17, 2016, Airbnb announced the largest product expansion in its history. Just five weeks earlier, Bokeh was asked to join its sprint to the finish line.</p>\n<p>Working alongside engineering, brand, product marketing, art, and C-level teams, we developed myriad content to educate users on new features, advertise and build awareness on social media, and, ultimately, to introduce the world to Airbnb Trips on-stage at Airbnb Open in Los Angeles.<br /></p>', NULL, NULL, NULL, NULL, NULL, NULL, NULL, NULL, '2017-08-30 22:22:29', '2017-09-26 01:42:55', 'e6a84c3b-efcb-4050-be6b-0b7b35d592ab'),
 ('21', '153', 'en_us', NULL, NULL, NULL, NULL, 'https://vimeo.com/193175968', 'Welcome to the World of Trips | Aired During Airbnb Open 2016 Keynote', NULL, NULL, NULL, '2017-08-30 22:37:36', '2017-09-26 01:42:55', '90203f47-8e08-4281-a3b5-d4bc8c975926'),
 ('23', '155', 'en_us', '<h2>Let’s get functional</h2>\n<p>Humanity is a core component of the Airbnb brand. Every feature and service built into the new Airbnb app derives value from the way it connects to guests, hosts, and experiences. To reinforce this connection, we melded organic live-action footage with engaging UI animations and garnished it all with a touch of whimsy. The result was twelve functional product videos viewable in landscape and portrait mode.</p>', NULL, NULL, NULL, NULL, NULL, NULL, NULL, NULL, '2017-08-30 22:37:36', '2017-09-26 01:42:55', '27768f68-29a0-4b9a-8465-fa374eff403d'),
 ('25', '157', 'en_us', NULL, NULL, NULL, NULL, NULL, NULL, NULL, NULL, NULL, '2017-08-30 22:37:36', '2017-09-26 01:42:55', '13670490-8b75-4497-9cae-184eafd6198f'),
 ('26', '162', 'en_us', '<h2>The Reveal</h2>\n<p>With two days before Airbnb Open, Brian needed a Hail Mary. He lacked a centerpiece for the launch announcement that firmly connected Airbnb’s digital product with the human experiences it fosters. So he asked us to apply our creative approach to the keynote anthem and make a film about the future of home sharing.</p>', NULL, NULL, NULL, NULL, NULL, NULL, NULL, NULL, '2017-08-30 22:37:36', '2017-09-26 01:42:55', 'ae394f81-86c0-4131-9a6e-577349ef6453'),
 ('28', '164', 'en_us', NULL, NULL, NULL, NULL, NULL, NULL, NULL, NULL, NULL, '2017-08-30 22:37:36', '2017-09-26 01:42:55', '6184b88a-6c42-4b92-9889-284274d8b8d2'),
 ('29', '165', 'en_us', '<h2>Marketing Master Blaster</h2>\n<p>To build awareness, we applied this approach to four 15-second advertisements blasted across digital and social channels.<br /></p>', NULL, NULL, NULL, NULL, NULL, NULL, NULL, NULL, '2017-08-30 22:37:36', '2017-09-26 01:42:55', '35f1a283-1e27-424e-8b82-efd24bade08d'),
 ('30', '166', 'en_us', NULL, NULL, NULL, NULL, 'https://vimeo.com/193184792', 'Airbnb Collections Teaser | Aired During AO 2016 Keynote', NULL, NULL, NULL, '2017-08-30 22:37:36', '2017-09-26 01:42:55', '792b8428-a6dc-4e12-aacc-b2b2667b7677'),
 ('31', '167', 'en_us', NULL, NULL, NULL, NULL, NULL, NULL, NULL, NULL, NULL, '2017-08-30 22:37:36', '2017-09-26 01:42:55', '485d0d4e-e8d2-4424-b42e-6ccd7af64f96'),
 ('33', '179', 'en_us', '<h2>The payoff</h2>\n<p>The assets were leveraged across a variety of channels from Airbnb Open to product landing pages, social and YouTube, email newsletters, and paid media. The functional videos amassed over <strong>11 million views in less than three weeks</strong>. On Airbnb product pages, the <strong>video click-through-rate reached as high as 15 percent</strong>. </p>\n<p>We received coverage in the <strong><em>NYTimes</em></strong><strong>, Adweek, </strong><strong><em>Travel + Leisure</em></strong><strong>, TechCrunch, Mashable, </strong><strong><em>The Telegraph</em></strong><strong>, and Fast Company.</strong></p>', NULL, NULL, NULL, NULL, NULL, NULL, NULL, NULL, '2017-08-30 22:42:57', '2017-09-26 01:42:55', '560e4036-cd0d-487f-bbaa-6abdf3e73e45'),
 ('34', '180', 'en_us', NULL, NULL, NULL, NULL, NULL, NULL, NULL, NULL, NULL, '2017-08-30 22:42:57', '2017-09-26 01:42:55', 'd1c86bfa-acdc-4a74-b6e3-8007db184881'),
 ('35', '181', 'en_us', NULL, NULL, NULL, NULL, NULL, NULL, NULL, '', NULL, '2017-08-30 22:42:57', '2017-09-26 01:42:55', '57e43956-a26f-45c5-846a-588677927cda'),
 ('37', '251', 'en_us', '<h2>Services</h2>\n<ul><li>Concept</li><li>Branding Animation</li><li>Film/Video</li><li>Animation</li><li>Digital Ads</li><li>Social Ads</li></ul>', NULL, NULL, NULL, NULL, NULL, NULL, NULL, NULL, '2017-09-14 00:40:35', '2017-09-26 01:42:55', '7150841f-82bb-4947-9659-8b98a3b5cf3c'),
 ('38', '252', 'en_us', NULL, NULL, NULL, NULL, NULL, NULL, NULL, NULL, NULL, '2017-09-14 01:28:44', '2017-09-26 01:42:55', '75af2c9d-1757-418c-8444-72a2c50658c5'),
 ('39', '281', 'en_us', '<h2>The bow on top</h2>\n<p>Every piece of content featured a reimagined Airbnb motion logo consistent with the fluid design aesthetic we developed for our animations.</p>', NULL, NULL, NULL, NULL, NULL, NULL, NULL, NULL, '2017-09-26 01:36:37', '2017-09-26 01:42:55', '24824216-fea5-4407-acaa-cb2dfe1c4a2e'),
 ('40', '282', 'en_us', '<h2>The Mission</h2>\n<p>In May 2016, Instagram asked Bokeh to develop the creative strategy behind its largest business marketing campaign. Over the next six months, Bokeh would trek across four continents and collaborate with twenty-four businesses in eight of Instagram’s top-performing markets to produce eight market-specific anthem films, one global anthem film, and two business profiles.</p>', NULL, NULL, NULL, NULL, NULL, NULL, NULL, NULL, '2017-09-26 01:47:21', '2017-09-26 01:48:42', 'd74246e0-e4d6-44b7-821e-2531203656e0'),
 ('41', '283', 'en_us', '<h2>Services</h2>\n<ul><li>Concept</li><li>Branding</li><li>Film/Video</li></ul>', NULL, NULL, NULL, NULL, NULL, NULL, NULL, NULL, '2017-09-26 01:47:21', '2017-09-26 01:48:42', 'dbb9b474-15af-439d-a220-9e3034ba7ef5');



DROP TABLE IF EXISTS `craft_matrixcontent_servicelist`;


--
-- Schema for table `craft_matrixcontent_servicelist`
--
CREATE TABLE `craft_matrixcontent_servicelist` (
  `id` int(11) NOT NULL AUTO_INCREMENT,
  `elementId` int(11) NOT NULL,
  `locale` char(12) COLLATE utf8_unicode_ci NOT NULL,
  `field_offeredServices_serviceType` text COLLATE utf8_unicode_ci,
  `dateCreated` datetime NOT NULL,
  `dateUpdated` datetime NOT NULL,
  `uid` char(36) COLLATE utf8_unicode_ci NOT NULL DEFAULT '0',
  PRIMARY KEY (`id`),
  UNIQUE KEY `craft_matrixcontent_servicelist_elementId_locale_unq_idx` (`elementId`,`locale`),
  KEY `craft_matrixcontent_servicelist_locale_fk` (`locale`)
) ENGINE=InnoDB AUTO_INCREMENT=4 DEFAULT CHARSET=utf8 COLLATE=utf8_unicode_ci;

--
-- Data for table `craft_matrixcontent_servicelist`
--

INSERT INTO `craft_matrixcontent_servicelist` (`id`, `elementId`, `locale`, `field_offeredServices_serviceType`, `dateCreated`, `dateUpdated`, `uid`) VALUES
 ('1', '78', 'en_us', 'Strategy', '2017-08-27 21:20:43', '2017-09-28 01:04:09', '15b0f010-2a11-4124-b148-d156ecefcc3c'),
 ('2', '83', 'en_us', 'Design', '2017-08-27 21:20:43', '2017-09-28 01:04:09', '8b801f30-e195-41df-b1b2-bf673d04cff6'),
 ('3', '88', 'en_us', 'Content', '2017-08-27 21:20:43', '2017-09-28 01:04:09', 'bb2ce458-2586-43b7-8fd2-d4778dc4acce');



DROP TABLE IF EXISTS `craft_matrixcontent_services`;


--
-- Schema for table `craft_matrixcontent_services`
--
CREATE TABLE `craft_matrixcontent_services` (
  `id` int(11) NOT NULL AUTO_INCREMENT,
  `elementId` int(11) NOT NULL,
  `locale` char(12) COLLATE utf8_unicode_ci NOT NULL,
  `field_service_copyLineOne` text COLLATE utf8_unicode_ci,
  `field_service_color` char(7) COLLATE utf8_unicode_ci DEFAULT NULL,
  `field_service_copyLineTwo` text COLLATE utf8_unicode_ci,
  `field_service_copyLineThree` text COLLATE utf8_unicode_ci,
  `dateCreated` datetime NOT NULL,
  `dateUpdated` datetime NOT NULL,
  `uid` char(36) COLLATE utf8_unicode_ci NOT NULL DEFAULT '0',
  PRIMARY KEY (`id`),
  UNIQUE KEY `craft_matrixcontent_services_elementId_locale_unq_idx` (`elementId`,`locale`),
  KEY `craft_matrixcontent_services_locale_fk` (`locale`)
) ENGINE=InnoDB AUTO_INCREMENT=2 DEFAULT CHARSET=utf8 COLLATE=utf8_unicode_ci;

--
-- Data for table `craft_matrixcontent_services`
--

INSERT INTO `craft_matrixcontent_services` (`id`, `elementId`, `locale`, `field_service_copyLineOne`, `field_service_color`, `field_service_copyLineTwo`, `field_service_copyLineThree`, `dateCreated`, `dateUpdated`, `uid`) VALUES
 ('1', '93', 'en_us', 'We believe that open-hearted collaboration allows us to be in the right place to tell the right story on the channels that matter most.', '#feae5a', 'That a unique balance of hunger and humility enables our imagination to be boundless.', 'Bold, honest, and always capable, our ideas empower brands to speak with creativity and heart.', '2017-08-27 21:22:53', '2017-09-28 01:04:09', '8e134541-0d53-4dfc-a44f-0c615e4ec987');



DROP TABLE IF EXISTS `craft_matrixcontent_taglinewordlist`;


--
-- Schema for table `craft_matrixcontent_taglinewordlist`
--
CREATE TABLE `craft_matrixcontent_taglinewordlist` (
  `id` int(11) NOT NULL AUTO_INCREMENT,
  `elementId` int(11) NOT NULL,
  `locale` char(12) COLLATE utf8_unicode_ci NOT NULL,
  `field_word_word` text COLLATE utf8_unicode_ci,
  `dateCreated` datetime NOT NULL,
  `dateUpdated` datetime NOT NULL,
  `uid` char(36) COLLATE utf8_unicode_ci NOT NULL DEFAULT '0',
  PRIMARY KEY (`id`),
  UNIQUE KEY `craft_matrixcontent_taglinewordlist_elementId_locale_unq_idx` (`elementId`,`locale`),
  KEY `craft_matrixcontent_taglinewordlist_locale_fk` (`locale`)
) ENGINE=InnoDB AUTO_INCREMENT=5 DEFAULT CHARSET=utf8 COLLATE=utf8_unicode_ci;

--
-- Data for table `craft_matrixcontent_taglinewordlist`
--

INSERT INTO `craft_matrixcontent_taglinewordlist` (`id`, `elementId`, `locale`, `field_word_word`, `dateCreated`, `dateUpdated`, `uid`) VALUES
 ('1', '275', 'en_us', 'creative', '2017-09-17 02:24:48', '2017-09-28 01:04:09', 'f7713e56-bc04-435d-8b84-4d78d40791cb'),
 ('2', '276', 'en_us', 'strategy', '2017-09-17 02:24:48', '2017-09-28 01:04:09', '7728d772-cab2-42e0-8e61-06ef240f6d9d'),
 ('3', '277', 'en_us', 'design', '2017-09-17 02:24:48', '2017-09-28 01:04:09', 'abc65b2e-6577-48ef-83a5-3eb9ff515177'),
 ('4', '278', 'en_us', 'digital', '2017-09-17 02:24:48', '2017-09-28 01:04:09', 'fa0701dc-5105-453f-a673-5ea0b1673b71');



DROP TABLE IF EXISTS `craft_migrations`;


--
-- Schema for table `craft_migrations`
--
CREATE TABLE `craft_migrations` (
  `id` int(11) NOT NULL AUTO_INCREMENT,
  `pluginId` int(11) DEFAULT NULL,
  `version` varchar(255) COLLATE utf8_unicode_ci NOT NULL,
  `applyTime` datetime NOT NULL,
  `dateCreated` datetime NOT NULL,
  `dateUpdated` datetime NOT NULL,
  `uid` char(36) COLLATE utf8_unicode_ci NOT NULL DEFAULT '0',
  PRIMARY KEY (`id`),
  UNIQUE KEY `craft_migrations_version_unq_idx` (`version`),
  KEY `craft_migrations_pluginId_fk` (`pluginId`)
) ENGINE=InnoDB AUTO_INCREMENT=41 DEFAULT CHARSET=utf8 COLLATE=utf8_unicode_ci;

--
-- Data for table `craft_migrations`
--

INSERT INTO `craft_migrations` (`id`, `pluginId`, `version`, `applyTime`, `dateCreated`, `dateUpdated`, `uid`) VALUES
 ('1', NULL, 'm000000_000000_base', '2017-08-14 03:05:11', '2017-08-14 03:05:11', '2017-08-14 03:05:11', '761c3cde-5620-4ded-806f-f7da634f20ee'),
 ('2', NULL, 'm140730_000001_add_filename_and_format_to_transformindex', '2017-08-14 03:05:11', '2017-08-14 03:05:11', '2017-08-14 03:05:11', '161ef7ec-865a-4696-9229-44ca59a76d28'),
 ('3', NULL, 'm140815_000001_add_format_to_transforms', '2017-08-14 03:05:11', '2017-08-14 03:05:11', '2017-08-14 03:05:11', 'a8b22433-cfd2-4b34-a283-9f7da8221531'),
 ('4', NULL, 'm140822_000001_allow_more_than_128_items_per_field', '2017-08-14 03:05:11', '2017-08-14 03:05:11', '2017-08-14 03:05:11', 'e00d5cd2-81b3-4366-ab5b-8639a7d43d37'),
 ('5', NULL, 'm140829_000001_single_title_formats', '2017-08-14 03:05:11', '2017-08-14 03:05:11', '2017-08-14 03:05:11', '1d0a4e78-f65e-4599-876f-7442c4249016'),
 ('6', NULL, 'm140831_000001_extended_cache_keys', '2017-08-14 03:05:11', '2017-08-14 03:05:11', '2017-08-14 03:05:11', '3b019fa3-d1fe-4a6c-bdb8-1f65c9155642'),
 ('7', NULL, 'm140922_000001_delete_orphaned_matrix_blocks', '2017-08-14 03:05:11', '2017-08-14 03:05:11', '2017-08-14 03:05:11', 'a6fbc67c-fe43-4b08-844d-d6345189646e'),
 ('8', NULL, 'm141008_000001_elements_index_tune', '2017-08-14 03:05:11', '2017-08-14 03:05:11', '2017-08-14 03:05:11', '99005a7f-b9f9-4334-a3ca-1310304db318'),
 ('9', NULL, 'm141009_000001_assets_source_handle', '2017-08-14 03:05:11', '2017-08-14 03:05:11', '2017-08-14 03:05:11', 'b290ba76-e619-410f-ac45-cae3a8305578'),
 ('10', NULL, 'm141024_000001_field_layout_tabs', '2017-08-14 03:05:11', '2017-08-14 03:05:11', '2017-08-14 03:05:11', '8791311d-f116-4b31-945a-b3cbbccd02a7'),
 ('11', NULL, 'm141030_000000_plugin_schema_versions', '2017-08-14 03:05:11', '2017-08-14 03:05:11', '2017-08-14 03:05:11', 'bacf71c8-924d-41c3-b607-d4d06cc9d2c7'),
 ('12', NULL, 'm141030_000001_drop_structure_move_permission', '2017-08-14 03:05:11', '2017-08-14 03:05:11', '2017-08-14 03:05:11', 'c47230d1-b6b7-4bcb-b988-185edd090995'),
 ('13', NULL, 'm141103_000001_tag_titles', '2017-08-14 03:05:11', '2017-08-14 03:05:11', '2017-08-14 03:05:11', 'e2364db7-da55-4fbf-822c-8de43effa5a0'),
 ('14', NULL, 'm141109_000001_user_status_shuffle', '2017-08-14 03:05:11', '2017-08-14 03:05:11', '2017-08-14 03:05:11', 'afcd521a-305f-4ff3-99d9-ed89299c8bd3'),
 ('15', NULL, 'm141126_000001_user_week_start_day', '2017-08-14 03:05:11', '2017-08-14 03:05:11', '2017-08-14 03:05:11', '1ccfa473-ee5b-41a5-bd84-aad1dc1092a4'),
 ('16', NULL, 'm150210_000001_adjust_user_photo_size', '2017-08-14 03:05:11', '2017-08-14 03:05:11', '2017-08-14 03:05:11', 'c6d79566-fbcc-4a4b-8798-31f1b2c50bcf'),
 ('17', NULL, 'm150724_000001_adjust_quality_settings', '2017-08-14 03:05:11', '2017-08-14 03:05:11', '2017-08-14 03:05:11', '1650f074-a5cd-4731-bbcb-1d19755062cf'),
 ('18', NULL, 'm150827_000000_element_index_settings', '2017-08-14 03:05:11', '2017-08-14 03:05:11', '2017-08-14 03:05:11', 'edf4d1a3-bb65-4bc2-b042-5d4512e3f75b'),
 ('19', NULL, 'm150918_000001_add_colspan_to_widgets', '2017-08-14 03:05:11', '2017-08-14 03:05:11', '2017-08-14 03:05:11', '90f29697-ee4d-4762-a12c-1c3e46b03432'),
 ('20', NULL, 'm151007_000000_clear_asset_caches', '2017-08-14 03:05:11', '2017-08-14 03:05:11', '2017-08-14 03:05:11', '42c90736-2a7a-4e91-a2a1-bd74337516d9'),
 ('21', NULL, 'm151109_000000_text_url_formats', '2017-08-14 03:05:11', '2017-08-14 03:05:11', '2017-08-14 03:05:11', '2edeb8c0-d195-4199-80ab-1dfde5761921'),
 ('22', NULL, 'm151110_000000_move_logo', '2017-08-14 03:05:11', '2017-08-14 03:05:11', '2017-08-14 03:05:11', 'e6a85c6e-19bf-4e38-8ee1-1f8671e3e5ed'),
 ('23', NULL, 'm151117_000000_adjust_image_widthheight', '2017-08-14 03:05:11', '2017-08-14 03:05:11', '2017-08-14 03:05:11', '34f80d1c-8e3c-4330-8b4e-64bb08c149d0'),
 ('24', NULL, 'm151127_000000_clear_license_key_status', '2017-08-14 03:05:11', '2017-08-14 03:05:11', '2017-08-14 03:05:11', '9dbecff4-1b71-43a1-8d93-3d44eb8cded2'),
 ('25', NULL, 'm151127_000000_plugin_license_keys', '2017-08-14 03:05:11', '2017-08-14 03:05:11', '2017-08-14 03:05:11', 'ad0fefaf-b6b2-4c46-95b1-d3bbd9e4dbea'),
 ('26', NULL, 'm151130_000000_update_pt_widget_feeds', '2017-08-14 03:05:11', '2017-08-14 03:05:11', '2017-08-14 03:05:11', '0fc75e5e-9048-4804-bb3f-699a85d39553'),
 ('27', NULL, 'm160114_000000_asset_sources_public_url_default_true', '2017-08-14 03:05:11', '2017-08-14 03:05:11', '2017-08-14 03:05:11', '9b84b639-eecc-4d27-8ca5-aa47990d278b'),
 ('28', NULL, 'm160223_000000_sortorder_to_smallint', '2017-08-14 03:05:11', '2017-08-14 03:05:11', '2017-08-14 03:05:11', 'db162c40-7b1d-4432-ae55-1fe087d934e5'),
 ('29', NULL, 'm160229_000000_set_default_entry_statuses', '2017-08-14 03:05:11', '2017-08-14 03:05:11', '2017-08-14 03:05:11', '238c3342-b234-4e66-b048-21cba103a68d'),
 ('30', NULL, 'm160304_000000_client_permissions', '2017-08-14 03:05:11', '2017-08-14 03:05:11', '2017-08-14 03:05:11', 'c2f8aac8-ec3c-48b1-ac29-9e9af23b76d4'),
 ('31', NULL, 'm160322_000000_asset_filesize', '2017-08-14 03:05:11', '2017-08-14 03:05:11', '2017-08-14 03:05:11', '1e67fb35-712b-454d-9491-63d032db3a20'),
 ('32', NULL, 'm160503_000000_orphaned_fieldlayouts', '2017-08-14 03:05:11', '2017-08-14 03:05:11', '2017-08-14 03:05:11', '79092b3a-db11-455a-81b1-ba94479a7fcd'),
 ('33', NULL, 'm160510_000000_tasksettings', '2017-08-14 03:05:11', '2017-08-14 03:05:11', '2017-08-14 03:05:11', '044d610a-736b-483b-8480-53676fbfa34e'),
 ('34', NULL, 'm160829_000000_pending_user_content_cleanup', '2017-08-14 03:05:11', '2017-08-14 03:05:11', '2017-08-14 03:05:11', '11af7f5c-0108-4fda-9294-f8a0181d2f44'),
 ('35', NULL, 'm160830_000000_asset_index_uri_increase', '2017-08-14 03:05:11', '2017-08-14 03:05:11', '2017-08-14 03:05:11', '49213103-e375-4be1-bd28-e351e0716c9f'),
 ('36', NULL, 'm160919_000000_usergroup_handle_title_unique', '2017-08-14 03:05:11', '2017-08-14 03:05:11', '2017-08-14 03:05:11', 'd9a776a0-639e-497d-bcc6-91914c66552b'),
 ('37', NULL, 'm161108_000000_new_version_format', '2017-08-14 03:05:11', '2017-08-14 03:05:11', '2017-08-14 03:05:11', '1d0e6d40-f6d2-4802-a668-3e23317ee34d'),
 ('38', NULL, 'm161109_000000_index_shuffle', '2017-08-14 03:05:11', '2017-08-14 03:05:11', '2017-08-14 03:05:11', '43e4eb98-c55a-4511-81ef-fef9c5a424fc'),
 ('39', NULL, 'm170612_000000_route_index_shuffle', '2017-08-14 03:05:11', '2017-08-14 03:05:11', '2017-08-14 03:05:11', '69ae7cfd-2627-45d1-a09c-7333f68bc3a0'),
 ('40', '1', 'm150901_144609_superTable_fixForContentTables', '2017-08-18 02:49:44', '2017-08-18 02:49:44', '2017-08-18 02:49:44', 'd23d90d6-a941-41ba-9050-9782e16d32c0');



DROP TABLE IF EXISTS `craft_plugins`;


--
-- Schema for table `craft_plugins`
--
CREATE TABLE `craft_plugins` (
  `id` int(11) NOT NULL AUTO_INCREMENT,
  `class` varchar(150) COLLATE utf8_unicode_ci NOT NULL,
  `version` varchar(15) COLLATE utf8_unicode_ci NOT NULL,
  `schemaVersion` varchar(15) COLLATE utf8_unicode_ci DEFAULT NULL,
  `licenseKey` char(24) COLLATE utf8_unicode_ci DEFAULT NULL,
  `licenseKeyStatus` enum('valid','invalid','mismatched','unknown') COLLATE utf8_unicode_ci NOT NULL DEFAULT 'unknown',
  `enabled` tinyint(1) unsigned NOT NULL DEFAULT '0',
  `settings` text COLLATE utf8_unicode_ci,
  `installDate` datetime NOT NULL,
  `dateCreated` datetime NOT NULL,
  `dateUpdated` datetime NOT NULL,
  `uid` char(36) COLLATE utf8_unicode_ci NOT NULL DEFAULT '0',
  PRIMARY KEY (`id`)
) ENGINE=InnoDB AUTO_INCREMENT=2 DEFAULT CHARSET=utf8 COLLATE=utf8_unicode_ci;

--
-- Data for table `craft_plugins`
--

INSERT INTO `craft_plugins` (`id`, `class`, `version`, `schemaVersion`, `licenseKey`, `licenseKeyStatus`, `enabled`, `settings`, `installDate`, `dateCreated`, `dateUpdated`, `uid`) VALUES
 ('1', 'SuperTable', '1.0.5', '1.0.0', NULL, 'unknown', '1', NULL, '2017-08-18 02:49:44', '2017-08-18 02:49:44', '2017-10-01 20:18:12', '9a00e090-f071-41d8-b467-c3c05fedc4e5');



DROP TABLE IF EXISTS `craft_rackspaceaccess`;


--
-- Schema for table `craft_rackspaceaccess`
--
CREATE TABLE `craft_rackspaceaccess` (
  `id` int(11) NOT NULL AUTO_INCREMENT,
  `connectionKey` varchar(255) COLLATE utf8_unicode_ci NOT NULL,
  `token` varchar(255) COLLATE utf8_unicode_ci NOT NULL,
  `storageUrl` varchar(255) COLLATE utf8_unicode_ci NOT NULL,
  `cdnUrl` varchar(255) COLLATE utf8_unicode_ci NOT NULL,
  `dateCreated` datetime NOT NULL,
  `dateUpdated` datetime NOT NULL,
  `uid` char(36) COLLATE utf8_unicode_ci NOT NULL DEFAULT '0',
  PRIMARY KEY (`id`),
  UNIQUE KEY `craft_rackspaceaccess_connectionKey_unq_idx` (`connectionKey`)
) ENGINE=InnoDB DEFAULT CHARSET=utf8 COLLATE=utf8_unicode_ci;

DROP TABLE IF EXISTS `craft_relations`;


--
-- Schema for table `craft_relations`
--
CREATE TABLE `craft_relations` (
  `id` int(11) NOT NULL AUTO_INCREMENT,
  `fieldId` int(11) NOT NULL,
  `sourceId` int(11) NOT NULL,
  `sourceLocale` char(12) COLLATE utf8_unicode_ci DEFAULT NULL,
  `targetId` int(11) NOT NULL,
  `sortOrder` smallint(6) DEFAULT NULL,
  `dateCreated` datetime NOT NULL,
  `dateUpdated` datetime NOT NULL,
  `uid` char(36) COLLATE utf8_unicode_ci NOT NULL DEFAULT '0',
  PRIMARY KEY (`id`),
  UNIQUE KEY `craft_relations_fieldId_sourceId_sourceLocale_targetId_unq_idx` (`fieldId`,`sourceId`,`sourceLocale`,`targetId`),
  KEY `craft_relations_sourceId_fk` (`sourceId`),
  KEY `craft_relations_sourceLocale_fk` (`sourceLocale`),
  KEY `craft_relations_targetId_fk` (`targetId`)
) ENGINE=InnoDB AUTO_INCREMENT=2212 DEFAULT CHARSET=utf8 COLLATE=utf8_unicode_ci;

--
-- Data for table `craft_relations`
--

INSERT INTO `craft_relations` (`id`, `fieldId`, `sourceId`, `sourceLocale`, `targetId`, `sortOrder`, `dateCreated`, `dateUpdated`, `uid`) VALUES
 ('1601', '3', '28', NULL, '57', '1', '2017-09-17 19:29:36', '2017-09-17 19:29:36', '08260c68-dabe-4a5f-933e-44061bc775df'),
 ('1602', '18', '35', NULL, '56', '1', '2017-09-17 19:29:36', '2017-09-17 19:29:36', '2f853ced-15b8-480b-929d-42ce34dfe886'),
 ('1603', '39', '33', NULL, '57', '1', '2017-09-17 19:29:36', '2017-09-17 19:29:36', '343812b6-2916-4a9a-ba50-90b72dac1d9b'),
 ('1604', '20', '36', NULL, '57', '1', '2017-09-17 19:29:36', '2017-09-17 19:29:36', '964edfc2-2183-412c-920f-7046834306e0'),
 ('1605', '22', '37', NULL, '29', '1', '2017-09-17 19:29:36', '2017-09-17 19:29:36', '95cf636b-45bb-4e93-8bff-ae15132573e6'),
 ('1606', '23', '37', NULL, '29', '1', '2017-09-17 19:29:36', '2017-09-17 19:29:36', '79aaeb4f-93e4-4c10-aa7d-4381f8fdf448'),
 ('1607', '24', '38', NULL, '72', '1', '2017-09-17 19:29:36', '2017-09-17 19:29:36', '8aef92c2-2a88-4305-ae08-b029a3d69ab5'),
 ('1608', '25', '38', NULL, '19', '1', '2017-09-17 19:29:36', '2017-09-17 19:29:36', '6d4dd898-308d-4640-88bd-de979bcd87f9'),
 ('1609', '26', '38', NULL, '19', '1', '2017-09-17 19:29:36', '2017-09-17 19:29:36', 'dddf7d30-ff56-4978-843d-725f068ecb41'),
 ('1610', '27', '39', NULL, '71', '1', '2017-09-17 19:29:36', '2017-09-17 19:29:36', 'c01189ae-08c8-4c1f-9190-a81cb2f762a9'),
 ('1611', '28', '39', NULL, '74', '1', '2017-09-17 19:29:36', '2017-09-17 19:29:36', 'c90b6793-e11d-4463-99dd-17b328acff6e'),
 ('1612', '29', '39', NULL, '70', '1', '2017-09-17 19:29:36', '2017-09-17 19:29:36', 'ad633f49-ee27-4d3e-a015-7e72badce92b'),
 ('1613', '30', '39', NULL, '74', '1', '2017-09-17 19:29:36', '2017-09-17 19:29:36', '09ae1f56-2c10-4d82-a66b-4f1313c3383f'),
 ('1614', '31', '39', NULL, '71', '1', '2017-09-17 19:29:36', '2017-09-17 19:29:36', '3e60f270-c141-4694-8fe5-ab332b7e8ed6'),
 ('1615', '36', '65', NULL, '58', '1', '2017-09-17 19:29:36', '2017-09-17 19:29:36', 'd104d71d-a039-428c-8186-52bcb234f624'),
 ('1616', '36', '66', NULL, '59', '1', '2017-09-17 19:29:36', '2017-09-17 19:29:36', 'baa2c51c-0b90-4f52-867d-e344a6a29da9'),
 ('1617', '36', '67', NULL, '60', '1', '2017-09-17 19:29:36', '2017-09-17 19:29:36', 'd4f4460a-e7f9-4bcb-98da-02f40c560f39'),
 ('1618', '36', '68', NULL, '61', '1', '2017-09-17 19:29:36', '2017-09-17 19:29:36', '8beb76e1-87f4-45ea-8e85-83a6faa009f2'),
 ('1619', '36', '69', NULL, '62', '1', '2017-09-17 19:29:36', '2017-09-17 19:29:36', '24d74e12-5958-485b-890c-448eade774ca'),
 ('2050', '3', '279', NULL, '206', '1', '2017-09-26 01:21:12', '2017-09-26 01:21:12', '5270abbd-a98e-47a9-af79-4c5f6bae53ed'),
 ('2162', '3', '4', NULL, '222', '1', '2017-09-26 01:42:55', '2017-09-26 01:42:55', '6bf1b876-1b0f-4d17-8684-bffb74fc387e'),
 ('2163', '20', '181', NULL, '177', '1', '2017-09-26 01:42:55', '2017-09-26 01:42:55', '8ca870c8-9b67-43d6-9990-4121014105a7'),
 ('2164', '24', '164', NULL, '152', '1', '2017-09-26 01:42:55', '2017-09-26 01:42:55', '47f7fd70-f9ee-4616-8b01-bb18f188f4a3'),
 ('2165', '25', '164', NULL, '21', '1', '2017-09-26 01:42:55', '2017-09-26 01:42:55', 'f98d02e3-cb50-4ddd-9cf7-0159895086c4'),
 ('2166', '26', '164', NULL, '72', '1', '2017-09-26 01:42:55', '2017-09-26 01:42:55', '7b58ff6b-8c23-43d8-b14c-43df8a7b8f00'),
 ('2167', '39', '146', NULL, '250', '1', '2017-09-26 01:42:55', '2017-09-26 01:42:55', 'e9253b22-74ad-40ac-82dd-11f3c1a6dfdc'),
 ('2168', '22', '252', NULL, '29', '1', '2017-09-26 01:42:55', '2017-09-26 01:42:55', '95cd328e-9e74-4c7c-a266-260f23d843f5'),
 ('2169', '23', '252', NULL, '203', '1', '2017-09-26 01:42:55', '2017-09-26 01:42:55', 'd43dd9a4-d69f-40bb-8b91-53eed271450d'),
 ('2170', '27', '180', NULL, '199', '1', '2017-09-26 01:42:55', '2017-09-26 01:42:55', '4bb2b27d-1bc6-4543-aaeb-977877cb7a42'),
 ('2171', '28', '180', NULL, '203', '1', '2017-09-26 01:42:55', '2017-09-26 01:42:55', 'b2dccc0a-6da2-402f-8cff-3b772e487c09'),
 ('2172', '29', '180', NULL, '29', '1', '2017-09-26 01:42:55', '2017-09-26 01:42:55', '8cc7f5b8-ce07-4bdf-8fbc-2b481efbe42a'),
 ('2173', '30', '180', NULL, '76', '1', '2017-09-26 01:42:55', '2017-09-26 01:42:55', '0c762e61-6f9b-4dc2-92c2-ca83adc94ad4'),
 ('2174', '31', '180', NULL, '210', '1', '2017-09-26 01:42:55', '2017-09-26 01:42:55', 'd7f3e2a5-3627-4a64-9085-ff4b6cbb4af6'),
 ('2175', '2', '4', NULL, '96', '1', '2017-09-26 01:42:55', '2017-09-26 01:42:55', '0f654e16-df76-47f2-b762-980eba1c15ce'),
 ('2177', '3', '77', NULL, '219', '1', '2017-09-26 01:48:42', '2017-09-26 01:48:42', '2387ba99-af8e-4428-9eb0-c040e1e1e4fd'),
 ('2178', '3', '2', NULL, '247', '1', '2017-09-28 01:04:09', '2017-09-28 01:04:09', 'df269572-f505-4bee-8830-50698774c649'),
 ('2179', '7', '2', NULL, '248', '1', '2017-09-28 01:04:09', '2017-09-28 01:04:09', '96d5533a-c8c0-41c0-9fbf-1eea3d863318'),
 ('2180', '38', '2', NULL, '4', '1', '2017-09-28 01:04:09', '2017-09-28 01:04:09', '89f2cdcf-bade-472f-b5ce-7c1747fa8c84'),
 ('2181', '38', '2', NULL, '77', '2', '2017-09-28 01:04:09', '2017-09-28 01:04:09', 'b060e30c-6d11-44dc-a986-c8010356bd0e'),
 ('2182', '38', '2', NULL, '28', '3', '2017-09-28 01:04:09', '2017-09-28 01:04:09', 'c8cf8337-f283-486c-b9cf-4f185106e859'),
 ('2183', '61', '93', NULL, '199', '1', '2017-09-28 01:04:09', '2017-09-28 01:04:09', '8d6b9f73-1449-4d39-9a21-93c0634de218'),
 ('2184', '53', '131', NULL, '120', '1', '2017-09-28 01:04:09', '2017-09-28 01:04:09', 'e217cd22-0152-491c-ad28-6205171c635b'),
 ('2185', '53', '132', NULL, '117', '1', '2017-09-28 01:04:09', '2017-09-28 01:04:09', '3b8bd17b-a4b9-4e3b-b44e-5d36decf66a2'),
 ('2186', '53', '133', NULL, '121', '1', '2017-09-28 01:04:09', '2017-09-28 01:04:09', 'f8931215-2437-4220-8f6a-804ffbec09e5'),
 ('2187', '53', '134', NULL, '128', '1', '2017-09-28 01:04:09', '2017-09-28 01:04:09', '11f10f15-3924-4cbc-ab7a-6fc143622f51'),
 ('2188', '53', '135', NULL, '127', '1', '2017-09-28 01:04:09', '2017-09-28 01:04:09', '7d529743-9245-4371-8ac7-7c1c472fca26'),
 ('2189', '53', '136', NULL, '129', '1', '2017-09-28 01:04:09', '2017-09-28 01:04:09', '57ea9a9e-ce05-45e0-9c58-ea87af632b73'),
 ('2190', '53', '137', NULL, '122', '1', '2017-09-28 01:04:09', '2017-09-28 01:04:09', 'dd3975e1-d6c7-409c-9323-c972863def7a'),
 ('2191', '53', '138', NULL, '125', '1', '2017-09-28 01:04:09', '2017-09-28 01:04:09', 'daf8e78d-0b12-48e3-92b9-d48f9fee60bc'),
 ('2192', '53', '139', NULL, '126', '1', '2017-09-28 01:04:09', '2017-09-28 01:04:09', '0ad7c9b4-772e-4464-ab3e-27f6521b7c00'),
 ('2193', '53', '140', NULL, '123', '1', '2017-09-28 01:04:09', '2017-09-28 01:04:09', '0422dfb0-0474-4ed3-8d67-f3bb02f748df'),
 ('2194', '53', '141', NULL, '118', '1', '2017-09-28 01:04:09', '2017-09-28 01:04:09', '27ddd049-82b4-4c79-becb-f009a39d2ca7'),
 ('2195', '53', '142', NULL, '145', '1', '2017-09-28 01:04:09', '2017-09-28 01:04:09', 'c4c971db-8c98-4540-8d7c-03c7d035d604'),
 ('2196', '53', '143', NULL, '124', '1', '2017-09-28 01:04:09', '2017-09-28 01:04:09', '63f92de2-a258-4918-bfb9-f05150c0293b'),
 ('2197', '53', '144', NULL, '130', '1', '2017-09-28 01:04:09', '2017-09-28 01:04:09', 'ea937130-0187-457d-8d34-18740f5dca6a'),
 ('2198', '53', '253', NULL, '117', '1', '2017-09-28 01:04:09', '2017-09-28 01:04:09', '76cc45e0-33a2-4975-b554-d36dd6e58325'),
 ('2199', '53', '254', NULL, '120', '1', '2017-09-28 01:04:09', '2017-09-28 01:04:09', 'd8f5063b-ba9f-4159-bdac-7d2c579fd69c'),
 ('2200', '53', '255', NULL, '128', '1', '2017-09-28 01:04:09', '2017-09-28 01:04:09', '41c48280-06d4-4708-a37c-0a4d7032fd84'),
 ('2201', '53', '256', NULL, '129', '1', '2017-09-28 01:04:09', '2017-09-28 01:04:09', 'b3d26479-4f01-4d15-ba14-bd4cfc2c832c'),
 ('2202', '53', '257', NULL, '121', '1', '2017-09-28 01:04:09', '2017-09-28 01:04:09', '9248043f-95bc-47bf-ba58-6d5d02c12246'),
 ('2203', '53', '258', NULL, '122', '1', '2017-09-28 01:04:09', '2017-09-28 01:04:09', '135f6f25-c4b4-4796-b1e0-f986d62fd15d'),
 ('2204', '53', '267', NULL, '145', '1', '2017-09-28 01:04:09', '2017-09-28 01:04:09', '637a2223-006a-44cc-b7c7-98005e7b6808'),
 ('2205', '53', '268', NULL, '124', '1', '2017-09-28 01:04:09', '2017-09-28 01:04:09', '72721b56-a812-467f-b7f2-29d5411be6de'),
 ('2206', '53', '269', NULL, '125', '1', '2017-09-28 01:04:09', '2017-09-28 01:04:09', '69080c06-da8b-4d2d-a79c-12dcebbc55ef'),
 ('2207', '53', '270', NULL, '130', '1', '2017-09-28 01:04:09', '2017-09-28 01:04:09', '3af331de-e486-4476-b847-fe21f046f662'),
 ('2208', '53', '271', NULL, '118', '1', '2017-09-28 01:04:09', '2017-09-28 01:04:09', 'f5741638-1bb6-4ee2-a90c-39d381a42220'),
 ('2209', '53', '272', NULL, '119', '1', '2017-09-28 01:04:09', '2017-09-28 01:04:09', '6af39672-f8ce-48e7-965d-742cdf5c7621'),
 ('2210', '53', '273', NULL, '121', '1', '2017-09-28 01:04:09', '2017-09-28 01:04:09', '513dc6f0-04eb-44ed-a7b1-ffe7aac61b7a'),
 ('2211', '53', '274', NULL, '120', '1', '2017-09-28 01:04:09', '2017-09-28 01:04:09', 'd83776be-f536-46c6-a01f-7b23c95868ae');



DROP TABLE IF EXISTS `craft_routes`;


--
-- Schema for table `craft_routes`
--
CREATE TABLE `craft_routes` (
  `id` int(11) NOT NULL AUTO_INCREMENT,
  `locale` char(12) COLLATE utf8_unicode_ci DEFAULT NULL,
  `urlParts` varchar(255) COLLATE utf8_unicode_ci NOT NULL,
  `urlPattern` varchar(255) COLLATE utf8_unicode_ci NOT NULL,
  `template` varchar(255) COLLATE utf8_unicode_ci NOT NULL,
  `sortOrder` smallint(6) unsigned DEFAULT NULL,
  `dateCreated` datetime NOT NULL,
  `dateUpdated` datetime NOT NULL,
  `uid` char(36) COLLATE utf8_unicode_ci NOT NULL DEFAULT '0',
  PRIMARY KEY (`id`),
  KEY `craft_routes_locale_idx` (`locale`),
  KEY `craft_routes_urlPattern_idx` (`urlPattern`)
) ENGINE=InnoDB DEFAULT CHARSET=utf8 COLLATE=utf8_unicode_ci;

DROP TABLE IF EXISTS `craft_searchindex`;


--
-- Schema for table `craft_searchindex`
--
CREATE TABLE `craft_searchindex` (
  `elementId` int(11) NOT NULL,
  `attribute` varchar(25) COLLATE utf8_unicode_ci NOT NULL,
  `fieldId` int(11) NOT NULL,
  `locale` char(12) COLLATE utf8_unicode_ci NOT NULL,
  `keywords` text COLLATE utf8_unicode_ci NOT NULL,
  PRIMARY KEY (`elementId`,`attribute`,`fieldId`,`locale`),
  FULLTEXT KEY `craft_searchindex_keywords_idx` (`keywords`)
) ENGINE=MyISAM DEFAULT CHARSET=utf8 COLLATE=utf8_unicode_ci;

--
-- Data for table `craft_searchindex`
--

INSERT INTO `craft_searchindex` (`elementId`, `attribute`, `fieldId`, `locale`, `keywords`) VALUES
 ('11', 'filename', '0', 'en_us', ' example mp4 '),
 ('11', 'extension', '0', 'en_us', ' mp4 '),
 ('11', 'kind', '0', 'en_us', ' video '),
 ('11', 'slug', '0', 'en_us', ' example '),
 ('11', 'title', '0', 'en_us', ' example '),
 ('187', 'slug', '0', 'en_us', ' jlp 1528small '),
 ('187', 'title', '0', 'en_us', ' jlp 1528small '),
 ('187', 'kind', '0', 'en_us', ' image '),
 ('187', 'extension', '0', 'en_us', ' jpg '),
 ('13', 'filename', '0', 'en_us', ' arrow left svg '),
 ('13', 'extension', '0', 'en_us', ' svg '),
 ('13', 'kind', '0', 'en_us', ' image '),
 ('13', 'slug', '0', 'en_us', ' arrow left '),
 ('13', 'title', '0', 'en_us', ' arrow left '),
 ('14', 'filename', '0', 'en_us', ' arrow right svg '),
 ('14', 'extension', '0', 'en_us', ' svg '),
 ('14', 'kind', '0', 'en_us', ' image '),
 ('14', 'slug', '0', 'en_us', ' arrow right '),
 ('14', 'title', '0', 'en_us', ' arrow right '),
 ('15', 'filename', '0', 'en_us', ' facebook svg '),
 ('15', 'extension', '0', 'en_us', ' svg '),
 ('15', 'kind', '0', 'en_us', ' image '),
 ('15', 'slug', '0', 'en_us', ' facebook '),
 ('15', 'title', '0', 'en_us', ' facebook '),
 ('16', 'filename', '0', 'en_us', ' instagram svg '),
 ('16', 'extension', '0', 'en_us', ' svg '),
 ('16', 'kind', '0', 'en_us', ' image '),
 ('16', 'slug', '0', 'en_us', ' instagram '),
 ('16', 'title', '0', 'en_us', ' instagram '),
 ('17', 'filename', '0', 'en_us', ' mail svg '),
 ('17', 'extension', '0', 'en_us', ' svg '),
 ('17', 'kind', '0', 'en_us', ' image '),
 ('17', 'slug', '0', 'en_us', ' mail '),
 ('17', 'title', '0', 'en_us', ' mail '),
 ('18', 'filename', '0', 'en_us', ' twitter svg '),
 ('18', 'extension', '0', 'en_us', ' svg '),
 ('18', 'kind', '0', 'en_us', ' image '),
 ('18', 'slug', '0', 'en_us', ' twitter '),
 ('18', 'title', '0', 'en_us', ' twitter '),
 ('19', 'filename', '0', 'en_us', ' jazmin quaynor 35847 jpg '),
 ('19', 'extension', '0', 'en_us', ' jpg '),
 ('19', 'kind', '0', 'en_us', ' image '),
 ('19', 'slug', '0', 'en_us', ' jazmin quaynor 35847 '),
 ('19', 'title', '0', 'en_us', ' jazmin quaynor 35847 '),
 ('20', 'filename', '0', 'en_us', ' lukas robertson 191319 jpg '),
 ('20', 'extension', '0', 'en_us', ' jpg '),
 ('20', 'kind', '0', 'en_us', ' image '),
 ('20', 'slug', '0', 'en_us', ' lukas robertson 191319 '),
 ('20', 'title', '0', 'en_us', ' lukas robertson 191319 '),
 ('21', 'filename', '0', 'en_us', ' photo 1496389294434 c84a4ebe3a08 jpeg '),
 ('21', 'extension', '0', 'en_us', ' jpeg '),
 ('21', 'kind', '0', 'en_us', ' image '),
 ('21', 'slug', '0', 'en_us', ' photo 1496389294434 c84a4ebe3a08 '),
 ('21', 'title', '0', 'en_us', ' photo 1496389294434 c84a4ebe3a08 '),
 ('23', 'filename', '0', 'en_us', ' slide 1 svg '),
 ('23', 'extension', '0', 'en_us', ' svg '),
 ('23', 'kind', '0', 'en_us', ' image '),
 ('23', 'slug', '0', 'en_us', ' slide 1 '),
 ('23', 'title', '0', 'en_us', ' slide 1 '),
 ('24', 'filename', '0', 'en_us', ' slide 2 svg '),
 ('24', 'extension', '0', 'en_us', ' svg '),
 ('24', 'kind', '0', 'en_us', ' image '),
 ('24', 'slug', '0', 'en_us', ' slide 2 '),
 ('24', 'title', '0', 'en_us', ' slide 2 '),
 ('25', 'filename', '0', 'en_us', ' slide intro svg '),
 ('25', 'extension', '0', 'en_us', ' svg '),
 ('25', 'kind', '0', 'en_us', ' image '),
 ('25', 'slug', '0', 'en_us', ' slide intro '),
 ('25', 'title', '0', 'en_us', ' slide intro '),
 ('190', 'kind', '0', 'en_us', ' image '),
 ('190', 'extension', '0', 'en_us', ' jpg '),
 ('190', 'filename', '0', 'en_us', ' img_3129 jpg '),
 ('29', 'filename', '0', 'en_us', ' 33877889442_be0e2f82f0_o jpg '),
 ('29', 'extension', '0', 'en_us', ' jpg '),
 ('29', 'kind', '0', 'en_us', ' image '),
 ('29', 'slug', '0', 'en_us', ' 33877889442 be0e2f82f0 o '),
 ('29', 'title', '0', 'en_us', ' 33877889442 be0e2f82f0 o '),
 ('187', 'filename', '0', 'en_us', ' jlp_1528small jpg '),
 ('30', 'filename', '0', 'en_us', ' slide 3 svg '),
 ('30', 'extension', '0', 'en_us', ' svg '),
 ('30', 'kind', '0', 'en_us', ' image '),
 ('30', 'slug', '0', 'en_us', ' slide 3 '),
 ('30', 'title', '0', 'en_us', ' slide 3 '),
 ('56', 'filename', '0', 'en_us', ' bh9a2986 jpg '),
 ('56', 'extension', '0', 'en_us', ' jpg '),
 ('56', 'kind', '0', 'en_us', ' image '),
 ('56', 'slug', '0', 'en_us', ' bh9 a2986 '),
 ('56', 'title', '0', 'en_us', ' bh9 a2986 '),
 ('57', 'filename', '0', 'en_us', ' bh9a2533 jpg '),
 ('57', 'extension', '0', 'en_us', ' jpg '),
 ('57', 'kind', '0', 'en_us', ' image '),
 ('57', 'slug', '0', 'en_us', ' bh9 a2533 '),
 ('57', 'title', '0', 'en_us', ' bh9 a2533 '),
 ('58', 'filename', '0', 'en_us', ' img_0968 jpg '),
 ('58', 'extension', '0', 'en_us', ' jpg '),
 ('58', 'kind', '0', 'en_us', ' image '),
 ('58', 'slug', '0', 'en_us', ' img 0968 '),
 ('58', 'title', '0', 'en_us', ' img 0968 '),
 ('59', 'filename', '0', 'en_us', ' img_0970 jpg '),
 ('59', 'extension', '0', 'en_us', ' jpg ');
INSERT INTO `craft_searchindex` (`elementId`, `attribute`, `fieldId`, `locale`, `keywords`) VALUES
 ('59', 'kind', '0', 'en_us', ' image '),
 ('59', 'slug', '0', 'en_us', ' img 0970 '),
 ('59', 'title', '0', 'en_us', ' img 0970 '),
 ('60', 'filename', '0', 'en_us', ' img_0972 jpg '),
 ('60', 'extension', '0', 'en_us', ' jpg '),
 ('60', 'kind', '0', 'en_us', ' image '),
 ('60', 'slug', '0', 'en_us', ' img 0972 '),
 ('60', 'title', '0', 'en_us', ' img 0972 '),
 ('61', 'filename', '0', 'en_us', ' img_0978 jpg '),
 ('61', 'extension', '0', 'en_us', ' jpg '),
 ('61', 'kind', '0', 'en_us', ' image '),
 ('61', 'slug', '0', 'en_us', ' img 0978 '),
 ('61', 'title', '0', 'en_us', ' img 0978 '),
 ('62', 'filename', '0', 'en_us', ' img_0979 jpg '),
 ('62', 'extension', '0', 'en_us', ' jpg '),
 ('62', 'kind', '0', 'en_us', ' image '),
 ('62', 'slug', '0', 'en_us', ' img 0979 '),
 ('62', 'title', '0', 'en_us', ' img 0979 '),
 ('70', 'filename', '0', 'en_us', ' bh9a2923 jpg '),
 ('70', 'extension', '0', 'en_us', ' jpg '),
 ('70', 'kind', '0', 'en_us', ' image '),
 ('70', 'slug', '0', 'en_us', ' bh9 a2923 '),
 ('70', 'title', '0', 'en_us', ' bh9 a2923 '),
 ('71', 'filename', '0', 'en_us', ' bh9a2991 jpg '),
 ('71', 'extension', '0', 'en_us', ' jpg '),
 ('71', 'kind', '0', 'en_us', ' image '),
 ('71', 'slug', '0', 'en_us', ' bh9 a2991 '),
 ('71', 'title', '0', 'en_us', ' bh9 a2991 '),
 ('72', 'filename', '0', 'en_us', ' bh9a2998 jpg '),
 ('72', 'extension', '0', 'en_us', ' jpg '),
 ('72', 'kind', '0', 'en_us', ' image '),
 ('72', 'slug', '0', 'en_us', ' bh9 a2998 '),
 ('72', 'title', '0', 'en_us', ' bh9 a2998 '),
 ('73', 'filename', '0', 'en_us', ' bh9a3437 jpg '),
 ('73', 'extension', '0', 'en_us', ' jpg '),
 ('73', 'kind', '0', 'en_us', ' image '),
 ('73', 'slug', '0', 'en_us', ' bh9 a3437 '),
 ('73', 'title', '0', 'en_us', ' bh9 a3437 '),
 ('74', 'filename', '0', 'en_us', ' bh9a3027 jpg '),
 ('74', 'extension', '0', 'en_us', ' jpg '),
 ('74', 'kind', '0', 'en_us', ' image '),
 ('74', 'slug', '0', 'en_us', ' bh9 a3027 '),
 ('74', 'title', '0', 'en_us', ' bh9 a3027 '),
 ('2', 'slug', '0', 'en_us', ' homepage '),
 ('2', 'title', '0', 'en_us', ' homepage '),
 ('2', 'field', '3', 'en_us', ' hp image '),
 ('2', 'field', '7', 'en_us', ' hp '),
 ('2', 'field', '6', 'en_us', ' e8930a '),
 ('2', 'field', '1', 'en_us', ' a creative partner for brands ready to move at the speed of inspiration '),
 ('4', 'slug', '0', 'en_us', ' airbnb '),
 ('4', 'title', '0', 'en_us', ' airbnb '),
 ('4', 'field', '6', 'en_us', ' fd5b5b '),
 ('4', 'field', '3', 'en_us', ' 33878360982 5c8a10ee20 o '),
 ('4', 'field', '9', 'en_us', ' center '),
 ('4', 'field', '8', 'en_us', ' center '),
 ('4', 'field', '4', 'en_us', ' the campaign that brought the house down at airbnb '),
 ('4', 'field', '5', 'en_us', ''),
 ('279', 'field', '6', 'en_us', ' ff8000 '),
 ('279', 'field', '3', 'en_us', ' full size render '),
 ('279', 'field', '9', 'en_us', ' top '),
 ('4', 'field', '10', 'en_us', ' the mission on november 17 2016 airbnb announced the largest product expansion in its history just five weeks earlier bokeh was asked to join its sprint to the finish line working alongside engineering brand product marketing art and c level teams we developed myriad content to educate users on new features advertise and build awareness on social media and ultimately to introduce the world to airbnb trips on stage at airbnb open in los angeles services conceptbranding animationfilm videoanimationdigital adssocial ads 1024x1024 let s get functional humanity is a core component of the airbnb brand every feature and service built into the new airbnb app derives value from the way it connects to guests hosts and experiences to reinforce this connection we melded organic live action footage with engaging ui animations and garnished it all with a touch of whimsy the result was twelve functional product videos viewable in landscape and portrait mode introducing experiences https vimeo com 193177317 introducing itinerary https vimeo com 193177901 introducing co hosting https vimeo com 193177150 introducing social impact experiences https vimeo com 193177011 staying connected in cuba https vimeo com 193176889 img 3535 photo 1496389294434 c84a4ebe3a08 bh9 a2998 y fwa sjd ceo of airbnb brian chesky this film brought the house down i cannot imagine now having done this without it show the reveal with two days before airbnb open brian needed a hail mary he lacked a centerpiece for the launch announcement that firmly connected airbnb s digital product with the human experiences it fosters so he asked us to apply our creative approach to the keynote anthem and make a film about the future of home sharing welcome to the world of trips aired during airbnb open 2016 keynote https vimeo com 193175968 airbnb collections teaser aired during ao 2016 keynote https vimeo com 193184792 marketing master blaster to build awareness we applied this approach to four 15 second advertisements blasted across digital and social channels burlesque https vimeo com 194444259 samurai https vimeo com 193185940 runner https vimeo com 193185835 scenester https vimeo com 193186104 the bow on top every piece of content featured a reimagined airbnb motion logo consistent with the fluid design aesthetic we developed for our animations 33877889442 be0e2f82f0 o 33720586980 6d29cbc694 o the payoff the assets were leveraged across a variety of channels from airbnb open to product landing pages social and youtube email newsletters and paid media the functional videos amassed over 11 million views in less than three weeks on airbnb product pages the video click through rate reached as high as 15 percent we received coverage in the nytimes adweek travel leisure techcrunch mashable the telegraph and fast company 33878182202 6989bba734 oflipped 1149437 756837537668995 571286320 o 33878182202 6989bba734 o 33720586980 6d29cbc694 o 33877889442 be0e2f82f0 o '),
 ('251', 'field', '12', 'en_us', ' services conceptbranding animationfilm videoanimationdigital adssocial ads '),
 ('146', 'field', '54', 'en_us', ' show '),
 ('4', 'field', '2', 'en_us', ' film '),
 ('28', 'slug', '0', 'en_us', ' philz coffee '),
 ('28', 'title', '0', 'en_us', ' philz coffee '),
 ('28', 'field', '6', 'en_us', ' 00b4ae '),
 ('28', 'field', '3', 'en_us', ' bh9 a2533 '),
 ('28', 'field', '9', 'en_us', ' center '),
 ('28', 'field', '8', 'en_us', ' center '),
 ('28', 'field', '4', 'en_us', ' we cold called philz coffee to complain about their logo and they let us do a rebrand '),
 ('28', 'field', '5', 'en_us', ' this is an intro paragraph '),
 ('28', 'field', '10', 'en_us', ' heading two topping toffee bonbon gingerbread souffle tootsie roll cupcake gummi bears dragee chocolate liquorice chocolate bar wafer donut souffle gummies dessert croissant bonbon cake marshmallow liquorice cotton candy gummies cupcake sweet donut dessert brownie croissant sweet bh9 a2986 bh9 a2533 coffee lover john doe jelly beans apple pie pie ice cream tiramisu jelly o chupa chups tootsie roll jujubes biscuit brownie carrot cake lollipop tart marzipan pastry sugar plum caption https www youtube com watch v=wxluj1mrars gingerbread sweet roll danish marshmallow lemon drops cake halvah chupa chups cake macaroon tart liquorice cake this is a link biscuit pastry cake muffin chocolate bar gummies bear claw bonbon candy canes danish powder jelly wafer jelly pie gingerbread jelly brownie pudding gummies chocolate cake cupcake brownie danish gummies liquorice gingerbread souffle coffee beanz bh9 a2533 sugar plum croissant dragee oat cake pudding chocolate jelly o cake cupcake pudding bonbon lemon drops chupa chups dragee jelly gummi bears gummies donut gummies jujubes cotton candy apple pie muffin sweet liquorice cake gummies bear claw marzipan tootsie roll marzipan muffin toffee gummi bears marzipan cake jelly beans donut chupa chups cake topping sesame snaps dessert biscuit brownie croissant carrot cake topping pudding powder donut tiramisu cupcake souffle biscuit cake chocolate bar dragee danish chocolate cake pudding souffle bonbon bear claw souffle cotton candy tart 33877889442 be0e2f82f0 o 33877889442 be0e2f82f0 o souffle macaroon cake donut cotton candy jelly bear claw topping toffee cotton candy macaroon danish sugar plum carrot cake pudding powder biscuit liquorice toffee cupcake macaroon sesame snaps jujubes tiramisu candy canes powder apple pie souffle lollipop oat cake sugar plum cheesecake chocolate liquorice sweet roll souffle chocolate cake bear claw sweet roll bh9 a2998 jazmin quaynor 35847 jazmin quaynor 35847 heading one candy canes souffle apple pie sweet roll bear claw halvah jelly beans pie danish jelly ice cream dessert cookie macaroon tootsie roll dragee sweet roll pastry muffin marzipan liquorice chocolate ice cream oat cake sweet tart tart fruitcake gingerbread chocolate bar sweet roll cotton candy cookie donut oat cake halvah chocolate sesame snaps apple pie sweet tart cookie candy canes bonbon candy icing dragee cake chocolate danish pastry liquorice croissant lollipop chocolate macaroon sweet bh9 a2991 bh9 a2991 bh9 a3027 bh9 a3027 bh9 a2923 caramels lollipop oat cake chupa chups candy gummies ice cream jujubes carrot cake powder halvah candy canes fruitcake pudding pastry brownie tart souffle caramels tiramisu wafer marshmallow carrot cake bonbon topping souffle caramels topping sugar plum sesame snaps lollipop wafer carrot cake chocolate cake chocolate bar cake sweet apple pie brownie macaroon tiramisu tart powder sweet roll bonbon gummies biscuit candy canes sugar plum cupcake dragee toffee muffin topping https vimeo com 230046783 https vimeo com 124346309 https vimeo com 230046783 https vimeo com 124346309 cheesecake cupcake lollipop muffin cheesecake icing wafer jujubes lollipop muffin sweet chocolate bar dragee cake chupa chups chocolate muffin jelly bear claw tart jelly toffee pastry cake icing ice cream bear claw caramels souffle bonbon chocolate marshmallow icing carrot cake jujubes dessert cookie img 0968 img 0970 img 0972 img 0978 img 0979 '),
 ('28', 'field', '2', 'en_us', ''),
 ('32', 'slug', '0', 'en_us', ''),
 ('32', 'field', '12', 'en_us', ' heading two topping toffee bonbon gingerbread souffle tootsie roll cupcake gummi bears dragee chocolate liquorice chocolate bar wafer donut souffle gummies dessert croissant bonbon cake marshmallow liquorice cotton candy gummies cupcake sweet donut dessert brownie croissant sweet '),
 ('33', 'slug', '0', 'en_us', ''),
 ('33', 'field', '13', 'en_us', ' jelly beans apple pie pie ice cream tiramisu jelly o chupa chups tootsie roll jujubes biscuit brownie carrot cake lollipop tart marzipan pastry sugar plum '),
 ('33', 'field', '14', 'en_us', ' john doe '),
 ('33', 'field', '15', 'en_us', ' coffee lover '),
 ('34', 'slug', '0', 'en_us', ''),
 ('34', 'field', '16', 'en_us', ' https www youtube com watch v=wxluj1mrars '),
 ('34', 'field', '17', 'en_us', ' caption '),
 ('35', 'slug', '0', 'en_us', ''),
 ('35', 'field', '18', 'en_us', ' bh9 a2986 '),
 ('35', 'field', '19', 'en_us', ''),
 ('36', 'slug', '0', 'en_us', ''),
 ('36', 'field', '20', 'en_us', ' bh9 a2533 '),
 ('36', 'field', '21', 'en_us', ' coffee beanz '),
 ('37', 'slug', '0', 'en_us', ''),
 ('37', 'field', '22', 'en_us', ' 33877889442 be0e2f82f0 o '),
 ('37', 'field', '23', 'en_us', ' 33877889442 be0e2f82f0 o '),
 ('38', 'slug', '0', 'en_us', ''),
 ('38', 'field', '24', 'en_us', ' bh9 a2998 '),
 ('38', 'field', '25', 'en_us', ' jazmin quaynor 35847 '),
 ('38', 'field', '26', 'en_us', ' jazmin quaynor 35847 '),
 ('39', 'slug', '0', 'en_us', ''),
 ('39', 'field', '27', 'en_us', ' bh9 a2991 '),
 ('39', 'field', '28', 'en_us', ' bh9 a3027 '),
 ('39', 'field', '29', 'en_us', ' bh9 a2923 ');
INSERT INTO `craft_searchindex` (`elementId`, `attribute`, `fieldId`, `locale`, `keywords`) VALUES
 ('39', 'field', '30', 'en_us', ' bh9 a3027 '),
 ('39', 'field', '31', 'en_us', ' bh9 a2991 '),
 ('40', 'slug', '0', 'en_us', ''),
 ('50', 'slug', '0', 'en_us', ''),
 ('50', 'field', '12', 'en_us', ' gingerbread sweet roll danish marshmallow lemon drops cake halvah chupa chups cake macaroon tart liquorice cake this is a link biscuit pastry cake muffin chocolate bar gummies bear claw bonbon candy canes danish powder jelly wafer jelly pie gingerbread jelly brownie pudding gummies chocolate cake cupcake brownie danish gummies liquorice gingerbread souffle '),
 ('51', 'slug', '0', 'en_us', ''),
 ('51', 'field', '12', 'en_us', ' sugar plum croissant dragee oat cake pudding chocolate jelly o cake cupcake pudding bonbon lemon drops chupa chups dragee jelly gummi bears gummies donut gummies jujubes cotton candy apple pie muffin sweet liquorice cake gummies bear claw marzipan tootsie roll marzipan muffin toffee gummi bears marzipan cake jelly beans donut chupa chups cake topping sesame snaps dessert biscuit brownie croissant carrot cake topping pudding powder donut tiramisu cupcake souffle biscuit cake chocolate bar dragee danish chocolate cake pudding souffle bonbon bear claw souffle cotton candy tart '),
 ('52', 'slug', '0', 'en_us', ''),
 ('52', 'field', '12', 'en_us', ' souffle macaroon cake donut cotton candy jelly bear claw topping toffee cotton candy macaroon danish sugar plum carrot cake pudding powder biscuit liquorice toffee cupcake macaroon sesame snaps jujubes tiramisu candy canes powder apple pie souffle lollipop oat cake sugar plum cheesecake chocolate liquorice sweet roll souffle chocolate cake bear claw sweet roll '),
 ('53', 'slug', '0', 'en_us', ''),
 ('53', 'field', '12', 'en_us', ' heading one candy canes souffle apple pie sweet roll bear claw halvah jelly beans pie danish jelly ice cream dessert cookie macaroon tootsie roll dragee sweet roll pastry muffin marzipan liquorice chocolate ice cream oat cake sweet tart tart fruitcake gingerbread chocolate bar sweet roll cotton candy cookie donut oat cake halvah chocolate sesame snaps apple pie sweet tart cookie candy canes bonbon candy icing dragee cake chocolate danish pastry liquorice croissant lollipop chocolate macaroon sweet '),
 ('54', 'slug', '0', 'en_us', ''),
 ('54', 'field', '12', 'en_us', ' caramels lollipop oat cake chupa chups candy gummies ice cream jujubes carrot cake powder halvah candy canes fruitcake pudding pastry brownie tart souffle caramels tiramisu wafer marshmallow carrot cake bonbon topping souffle caramels topping sugar plum sesame snaps lollipop wafer carrot cake chocolate cake chocolate bar cake sweet apple pie brownie macaroon tiramisu tart powder sweet roll bonbon gummies biscuit candy canes sugar plum cupcake dragee toffee muffin topping '),
 ('55', 'slug', '0', 'en_us', ''),
 ('55', 'field', '12', 'en_us', ' cheesecake cupcake lollipop muffin cheesecake icing wafer jujubes lollipop muffin sweet chocolate bar dragee cake chupa chups chocolate muffin jelly bear claw tart jelly toffee pastry cake icing ice cream bear claw caramels souffle bonbon chocolate marshmallow icing carrot cake jujubes dessert cookie '),
 ('64', 'slug', '0', 'en_us', ''),
 ('1', 'username', '0', 'en_us', ' blunt '),
 ('1', 'firstname', '0', 'en_us', ''),
 ('1', 'lastname', '0', 'en_us', ''),
 ('1', 'fullname', '0', 'en_us', ''),
 ('1', 'email', '0', 'en_us', ' maxim is blunt af '),
 ('1', 'slug', '0', 'en_us', ''),
 ('40', 'field', '32', 'en_us', ' https vimeo com 230046783 https vimeo com 124346309 https vimeo com 230046783 https vimeo com 124346309 '),
 ('41', 'field', '33', 'en_us', ' https vimeo com 230046783 '),
 ('41', 'field', '34', 'en_us', ''),
 ('41', 'slug', '0', 'en_us', ''),
 ('42', 'field', '33', 'en_us', ' https vimeo com 124346309 '),
 ('42', 'field', '34', 'en_us', ''),
 ('42', 'slug', '0', 'en_us', ''),
 ('43', 'field', '33', 'en_us', ' https vimeo com 230046783 '),
 ('43', 'field', '34', 'en_us', ''),
 ('43', 'slug', '0', 'en_us', ''),
 ('44', 'field', '33', 'en_us', ' https vimeo com 124346309 '),
 ('44', 'field', '34', 'en_us', ''),
 ('44', 'slug', '0', 'en_us', ''),
 ('64', 'field', '35', 'en_us', ' img 0968 img 0970 img 0972 img 0978 img 0979 '),
 ('65', 'field', '36', 'en_us', ' img 0968 '),
 ('65', 'field', '37', 'en_us', ''),
 ('65', 'slug', '0', 'en_us', ''),
 ('66', 'field', '36', 'en_us', ' img 0970 '),
 ('66', 'field', '37', 'en_us', ''),
 ('66', 'slug', '0', 'en_us', ''),
 ('67', 'field', '36', 'en_us', ' img 0972 '),
 ('67', 'field', '37', 'en_us', ''),
 ('67', 'slug', '0', 'en_us', ''),
 ('68', 'field', '36', 'en_us', ' img 0978 '),
 ('68', 'field', '37', 'en_us', ''),
 ('68', 'slug', '0', 'en_us', ''),
 ('69', 'field', '36', 'en_us', ' img 0979 '),
 ('69', 'field', '37', 'en_us', ''),
 ('69', 'slug', '0', 'en_us', ''),
 ('75', 'username', '0', 'en_us', ' bokeh '),
 ('75', 'firstname', '0', 'en_us', ' david '),
 ('75', 'lastname', '0', 'en_us', ' bates '),
 ('75', 'fullname', '0', 'en_us', ' david bates '),
 ('75', 'email', '0', 'en_us', ' david seebokeh com '),
 ('75', 'slug', '0', 'en_us', ''),
 ('76', 'filename', '0', 'en_us', ' 33878182202_6989bba734_o jpg '),
 ('76', 'extension', '0', 'en_us', ' jpg '),
 ('76', 'kind', '0', 'en_us', ' image '),
 ('76', 'slug', '0', 'en_us', ' 33878182202 6989bba734 o '),
 ('76', 'title', '0', 'en_us', ' 33878182202 6989bba734 o '),
 ('77', 'field', '6', 'en_us', ' 4463e4 '),
 ('77', 'field', '3', 'en_us', ' ig bg 9 '),
 ('77', 'field', '9', 'en_us', ' bottom '),
 ('77', 'field', '8', 'en_us', ' center '),
 ('77', 'field', '4', 'en_us', ' we backpacked around the globe to shoot a series for instagram '),
 ('77', 'field', '5', 'en_us', ''),
 ('77', 'field', '10', 'en_us', ' the mission in may 2016 instagram asked bokeh to develop the creative strategy behind its largest business marketing campaign over the next six months bokeh would trek across four continents and collaborate with twenty four businesses in eight of instagram s top performing markets to produce eight market specific anthem films one global anthem film and two business profiles services conceptbrandingfilm video '),
 ('77', 'field', '2', 'en_us', ''),
 ('77', 'slug', '0', 'en_us', ' instagram '),
 ('77', 'title', '0', 'en_us', ' instagram '),
 ('2', 'field', '38', 'en_us', ' airbnb instagram philz coffee '),
 ('33', 'field', '39', 'en_us', ' bh9 a2533 '),
 ('2', 'field', '40', 'en_us', ' feae5a we believe that open hearted collaboration allows us to be in the right place to tell the right story on the channels that matter most bold honest and always capable our ideas empower brands to speak with creativity and heart that a unique balance of hunger and humility enables our imagination to be boundless 1149437 756837537668995 571286320 o '),
 ('93', 'field', '55', 'en_us', ' that a unique balance of hunger and humility enables our imagination to be boundless '),
 ('2', 'field', '46', 'en_us', ' branding content social digital strategy identity style guidelines print ooh ux ui design film video animation product lifestyle photography copywriting content '),
 ('2', 'field', '50', 'en_us', ' 000000 '),
 ('78', 'field', '47', 'en_us', ' strategy '),
 ('78', 'field', '48', 'en_us', ' branding content social digital '),
 ('78', 'slug', '0', 'en_us', ''),
 ('79', 'field', '49', 'en_us', ' branding '),
 ('79', 'slug', '0', 'en_us', ''),
 ('80', 'field', '49', 'en_us', ' content '),
 ('80', 'slug', '0', 'en_us', ''),
 ('81', 'field', '49', 'en_us', ' social '),
 ('81', 'slug', '0', 'en_us', ''),
 ('82', 'field', '49', 'en_us', ' digital '),
 ('82', 'slug', '0', 'en_us', ''),
 ('83', 'field', '47', 'en_us', ' design '),
 ('83', 'field', '48', 'en_us', ' identity style guidelines print ooh ux ui '),
 ('83', 'slug', '0', 'en_us', ''),
 ('84', 'field', '49', 'en_us', ' identity '),
 ('84', 'slug', '0', 'en_us', ''),
 ('85', 'field', '49', 'en_us', ' style guidelines '),
 ('85', 'slug', '0', 'en_us', ''),
 ('86', 'field', '49', 'en_us', ' print ooh '),
 ('86', 'slug', '0', 'en_us', ''),
 ('87', 'field', '49', 'en_us', ' ux ui '),
 ('87', 'slug', '0', 'en_us', '');
INSERT INTO `craft_searchindex` (`elementId`, `attribute`, `fieldId`, `locale`, `keywords`) VALUES
 ('88', 'field', '47', 'en_us', ' content '),
 ('88', 'field', '48', 'en_us', ' film video animation product lifestyle photography copywriting '),
 ('88', 'slug', '0', 'en_us', ''),
 ('89', 'field', '49', 'en_us', ' film video '),
 ('89', 'slug', '0', 'en_us', ''),
 ('90', 'field', '49', 'en_us', ' animation '),
 ('90', 'slug', '0', 'en_us', ''),
 ('91', 'field', '49', 'en_us', ' product lifestyle photography '),
 ('91', 'slug', '0', 'en_us', ''),
 ('92', 'field', '49', 'en_us', ' copywriting '),
 ('92', 'slug', '0', 'en_us', ''),
 ('93', 'field', '41', 'en_us', ' we believe that open hearted collaboration allows us to be in the right place to tell the right story on the channels that matter most '),
 ('93', 'field', '42', 'en_us', ' feae5a '),
 ('93', 'field', '43', 'en_us', ' under ze bay bridge 3 '),
 ('93', 'field', '45', 'en_us', ' top '),
 ('93', 'field', '44', 'en_us', ' left '),
 ('93', 'slug', '0', 'en_us', ''),
 ('96', 'name', '0', 'en_us', ' film '),
 ('96', 'slug', '0', 'en_us', ' film '),
 ('96', 'title', '0', 'en_us', ' film '),
 ('97', 'filename', '0', 'en_us', ' 404 gif '),
 ('97', 'extension', '0', 'en_us', ' gif '),
 ('97', 'kind', '0', 'en_us', ' image '),
 ('97', 'slug', '0', 'en_us', ' 404 '),
 ('97', 'title', '0', 'en_us', ' 404 '),
 ('145', 'title', '0', 'en_us', ' watsi '),
 ('145', 'slug', '0', 'en_us', ' watsi '),
 ('145', 'kind', '0', 'en_us', ' image '),
 ('145', 'extension', '0', 'en_us', ' png '),
 ('145', 'filename', '0', 'en_us', ' watsi png '),
 ('144', 'slug', '0', 'en_us', ''),
 ('144', 'field', '53', 'en_us', ' wealthfront '),
 ('143', 'slug', '0', 'en_us', ''),
 ('143', 'field', '53', 'en_us', ' pandora '),
 ('142', 'slug', '0', 'en_us', ''),
 ('142', 'field', '53', 'en_us', ' watsi '),
 ('141', 'slug', '0', 'en_us', ''),
 ('141', 'field', '53', 'en_us', ' ebay '),
 ('140', 'slug', '0', 'en_us', ''),
 ('140', 'field', '53', 'en_us', ' mojo '),
 ('139', 'slug', '0', 'en_us', ''),
 ('139', 'field', '53', 'en_us', ' play '),
 ('138', 'slug', '0', 'en_us', ''),
 ('138', 'field', '53', 'en_us', ' pinterest '),
 ('137', 'slug', '0', 'en_us', ''),
 ('137', 'field', '53', 'en_us', ' maps '),
 ('136', 'slug', '0', 'en_us', ''),
 ('136', 'field', '53', 'en_us', ' visa '),
 ('135', 'slug', '0', 'en_us', ''),
 ('135', 'field', '53', 'en_us', ' trip '),
 ('134', 'slug', '0', 'en_us', ''),
 ('134', 'field', '53', 'en_us', ' unep '),
 ('133', 'slug', '0', 'en_us', ''),
 ('133', 'field', '53', 'en_us', ' june '),
 ('132', 'slug', '0', 'en_us', ''),
 ('132', 'field', '53', 'en_us', ' apple '),
 ('131', 'slug', '0', 'en_us', ''),
 ('131', 'field', '53', 'en_us', ' instagram '),
 ('2', 'field', '52', 'en_us', ' instagram apple june unep trip visa maps pinterest play mojo ebay watsi pandora wealthfront apple instagram unep visa june maps watsi pandora pinterest wealthfront ebay google june instagram '),
 ('2', 'field', '51', 'en_us', ' we ve worked with some of the best teams in the world and are proud to call these clients our partners and friends '),
 ('112', 'filename', '0', 'en_us', ' projects shape svg '),
 ('112', 'extension', '0', 'en_us', ' svg '),
 ('112', 'kind', '0', 'en_us', ' image '),
 ('112', 'slug', '0', 'en_us', ' projects shape '),
 ('112', 'title', '0', 'en_us', ' projects shape '),
 ('113', 'filename', '0', 'en_us', ' blockquote bottom svg '),
 ('113', 'extension', '0', 'en_us', ' svg '),
 ('113', 'kind', '0', 'en_us', ' image '),
 ('113', 'slug', '0', 'en_us', ' blockquote bottom '),
 ('113', 'title', '0', 'en_us', ' blockquote bottom '),
 ('114', 'filename', '0', 'en_us', ' blockquote top svg '),
 ('114', 'extension', '0', 'en_us', ' svg '),
 ('114', 'kind', '0', 'en_us', ' image '),
 ('114', 'slug', '0', 'en_us', ' blockquote top '),
 ('114', 'title', '0', 'en_us', ' blockquote top '),
 ('115', 'filename', '0', 'en_us', ' case study banner svg '),
 ('115', 'extension', '0', 'en_us', ' svg '),
 ('115', 'kind', '0', 'en_us', ' image '),
 ('115', 'slug', '0', 'en_us', ' case study banner '),
 ('115', 'title', '0', 'en_us', ' case study banner '),
 ('116', 'filename', '0', 'en_us', ' next case study svg '),
 ('116', 'extension', '0', 'en_us', ' svg '),
 ('116', 'kind', '0', 'en_us', ' image '),
 ('116', 'slug', '0', 'en_us', ' next case study '),
 ('116', 'title', '0', 'en_us', ' next case study '),
 ('117', 'filename', '0', 'en_us', ' apple png '),
 ('117', 'extension', '0', 'en_us', ' png '),
 ('117', 'kind', '0', 'en_us', ' image '),
 ('117', 'slug', '0', 'en_us', ' apple '),
 ('117', 'title', '0', 'en_us', ' apple '),
 ('118', 'filename', '0', 'en_us', ' ebay png '),
 ('118', 'extension', '0', 'en_us', ' png '),
 ('118', 'kind', '0', 'en_us', ' image '),
 ('118', 'slug', '0', 'en_us', ' ebay '),
 ('118', 'title', '0', 'en_us', ' ebay '),
 ('119', 'filename', '0', 'en_us', ' google png '),
 ('119', 'extension', '0', 'en_us', ' png '),
 ('119', 'kind', '0', 'en_us', ' image '),
 ('119', 'slug', '0', 'en_us', ' google '),
 ('119', 'title', '0', 'en_us', ' google ');
INSERT INTO `craft_searchindex` (`elementId`, `attribute`, `fieldId`, `locale`, `keywords`) VALUES
 ('120', 'filename', '0', 'en_us', ' instagram png '),
 ('120', 'extension', '0', 'en_us', ' png '),
 ('120', 'kind', '0', 'en_us', ' image '),
 ('120', 'slug', '0', 'en_us', ' instagram '),
 ('120', 'title', '0', 'en_us', ' instagram '),
 ('121', 'filename', '0', 'en_us', ' june png '),
 ('121', 'extension', '0', 'en_us', ' png '),
 ('121', 'kind', '0', 'en_us', ' image '),
 ('121', 'slug', '0', 'en_us', ' june '),
 ('121', 'title', '0', 'en_us', ' june '),
 ('122', 'filename', '0', 'en_us', ' maps png '),
 ('122', 'extension', '0', 'en_us', ' png '),
 ('122', 'kind', '0', 'en_us', ' image '),
 ('122', 'slug', '0', 'en_us', ' maps '),
 ('122', 'title', '0', 'en_us', ' maps '),
 ('123', 'filename', '0', 'en_us', ' mojo png '),
 ('123', 'extension', '0', 'en_us', ' png '),
 ('123', 'kind', '0', 'en_us', ' image '),
 ('123', 'slug', '0', 'en_us', ' mojo '),
 ('123', 'title', '0', 'en_us', ' mojo '),
 ('124', 'filename', '0', 'en_us', ' pandora png '),
 ('124', 'extension', '0', 'en_us', ' png '),
 ('124', 'kind', '0', 'en_us', ' image '),
 ('124', 'slug', '0', 'en_us', ' pandora '),
 ('124', 'title', '0', 'en_us', ' pandora '),
 ('125', 'filename', '0', 'en_us', ' pinterest png '),
 ('125', 'extension', '0', 'en_us', ' png '),
 ('125', 'kind', '0', 'en_us', ' image '),
 ('125', 'slug', '0', 'en_us', ' pinterest '),
 ('125', 'title', '0', 'en_us', ' pinterest '),
 ('126', 'filename', '0', 'en_us', ' play png '),
 ('126', 'extension', '0', 'en_us', ' png '),
 ('126', 'kind', '0', 'en_us', ' image '),
 ('126', 'slug', '0', 'en_us', ' play '),
 ('126', 'title', '0', 'en_us', ' play '),
 ('127', 'filename', '0', 'en_us', ' trip png '),
 ('127', 'extension', '0', 'en_us', ' png '),
 ('127', 'kind', '0', 'en_us', ' image '),
 ('127', 'slug', '0', 'en_us', ' trip '),
 ('127', 'title', '0', 'en_us', ' trip '),
 ('128', 'filename', '0', 'en_us', ' unep png '),
 ('128', 'extension', '0', 'en_us', ' png '),
 ('128', 'kind', '0', 'en_us', ' image '),
 ('128', 'slug', '0', 'en_us', ' unep '),
 ('128', 'title', '0', 'en_us', ' unep '),
 ('129', 'filename', '0', 'en_us', ' visa png '),
 ('129', 'extension', '0', 'en_us', ' png '),
 ('129', 'kind', '0', 'en_us', ' image '),
 ('129', 'slug', '0', 'en_us', ' visa '),
 ('129', 'title', '0', 'en_us', ' visa '),
 ('130', 'filename', '0', 'en_us', ' wealthfront png '),
 ('130', 'extension', '0', 'en_us', ' png '),
 ('130', 'kind', '0', 'en_us', ' image '),
 ('130', 'slug', '0', 'en_us', ' wealthfront '),
 ('130', 'title', '0', 'en_us', ' wealthfront '),
 ('146', 'field', '13', 'en_us', ' this film brought the house down i cannot imagine now having done this without it '),
 ('146', 'field', '39', 'en_us', ' y fwa sjd '),
 ('146', 'field', '14', 'en_us', ' brian chesky '),
 ('146', 'field', '15', 'en_us', ' ceo of airbnb '),
 ('146', 'slug', '0', 'en_us', ''),
 ('147', 'field', '12', 'en_us', ' the mission on november 17 2016 airbnb announced the largest product expansion in its history just five weeks earlier bokeh was asked to join its sprint to the finish line working alongside engineering brand product marketing art and c level teams we developed myriad content to educate users on new features advertise and build awareness on social media and ultimately to introduce the world to airbnb trips on stage at airbnb open in los angeles '),
 ('147', 'slug', '0', 'en_us', ''),
 ('254', 'field', '53', 'en_us', ' instagram '),
 ('252', 'slug', '0', 'en_us', ''),
 ('253', 'field', '53', 'en_us', ' apple '),
 ('253', 'slug', '0', 'en_us', ''),
 ('152', 'filename', '0', 'en_us', ' img_3535 jpg '),
 ('152', 'extension', '0', 'en_us', ' jpg '),
 ('152', 'kind', '0', 'en_us', ' image '),
 ('152', 'slug', '0', 'en_us', ' img 3535 '),
 ('152', 'title', '0', 'en_us', ' img 3535 '),
 ('153', 'field', '16', 'en_us', ' https vimeo com 193175968 '),
 ('153', 'field', '17', 'en_us', ' welcome to the world of trips aired during airbnb open 2016 keynote '),
 ('153', 'slug', '0', 'en_us', ''),
 ('252', 'field', '22', 'en_us', ' 33877889442 be0e2f82f0 o '),
 ('155', 'field', '12', 'en_us', ' let s get functional humanity is a core component of the airbnb brand every feature and service built into the new airbnb app derives value from the way it connects to guests hosts and experiences to reinforce this connection we melded organic live action footage with engaging ui animations and garnished it all with a touch of whimsy the result was twelve functional product videos viewable in landscape and portrait mode '),
 ('155', 'slug', '0', 'en_us', ''),
 ('157', 'field', '32', 'en_us', ' introducing experiences https vimeo com 193177317 introducing itinerary https vimeo com 193177901 introducing co hosting https vimeo com 193177150 introducing social impact experiences https vimeo com 193177011 staying connected in cuba https vimeo com 193176889 '),
 ('157', 'slug', '0', 'en_us', ''),
 ('158', 'field', '33', 'en_us', ' https vimeo com 193177317 '),
 ('158', 'field', '34', 'en_us', ' introducing experiences '),
 ('158', 'slug', '0', 'en_us', ''),
 ('159', 'field', '33', 'en_us', ' https vimeo com 193177901 '),
 ('159', 'field', '34', 'en_us', ' introducing itinerary '),
 ('159', 'slug', '0', 'en_us', ''),
 ('160', 'field', '33', 'en_us', ' https vimeo com 193177150 '),
 ('160', 'field', '34', 'en_us', ' introducing co hosting '),
 ('160', 'slug', '0', 'en_us', ''),
 ('161', 'field', '33', 'en_us', ' https vimeo com 193177011 '),
 ('161', 'field', '34', 'en_us', ' introducing social impact experiences '),
 ('161', 'slug', '0', 'en_us', ''),
 ('162', 'field', '12', 'en_us', ' the reveal with two days before airbnb open brian needed a hail mary he lacked a centerpiece for the launch announcement that firmly connected airbnb s digital product with the human experiences it fosters so he asked us to apply our creative approach to the keynote anthem and make a film about the future of home sharing '),
 ('162', 'slug', '0', 'en_us', ''),
 ('164', 'field', '24', 'en_us', ' img 3535 '),
 ('164', 'field', '25', 'en_us', ' photo 1496389294434 c84a4ebe3a08 '),
 ('164', 'field', '26', 'en_us', ' bh9 a2998 '),
 ('164', 'slug', '0', 'en_us', ''),
 ('165', 'field', '12', 'en_us', ' marketing master blaster to build awareness we applied this approach to four 15 second advertisements blasted across digital and social channels '),
 ('280', 'field', '33', 'en_us', ' https vimeo com 193176889 '),
 ('165', 'slug', '0', 'en_us', '');
INSERT INTO `craft_searchindex` (`elementId`, `attribute`, `fieldId`, `locale`, `keywords`) VALUES
 ('166', 'field', '16', 'en_us', ' https vimeo com 193184792 '),
 ('166', 'field', '17', 'en_us', ' airbnb collections teaser aired during ao 2016 keynote '),
 ('166', 'slug', '0', 'en_us', ''),
 ('167', 'field', '32', 'en_us', ' burlesque https vimeo com 194444259 samurai https vimeo com 193185940 runner https vimeo com 193185835 scenester https vimeo com 193186104 '),
 ('167', 'slug', '0', 'en_us', ''),
 ('168', 'field', '33', 'en_us', ' https vimeo com 194444259 '),
 ('168', 'field', '34', 'en_us', ' burlesque '),
 ('168', 'slug', '0', 'en_us', ''),
 ('169', 'field', '33', 'en_us', ' https vimeo com 193185940 '),
 ('169', 'field', '34', 'en_us', ' samurai '),
 ('169', 'slug', '0', 'en_us', ''),
 ('170', 'field', '33', 'en_us', ' https vimeo com 193185835 '),
 ('170', 'field', '34', 'en_us', ' runner '),
 ('170', 'slug', '0', 'en_us', ''),
 ('171', 'field', '33', 'en_us', ' https vimeo com 193186104 '),
 ('171', 'field', '34', 'en_us', ' scenester '),
 ('171', 'slug', '0', 'en_us', ''),
 ('172', 'filename', '0', 'en_us', ' experiences landing page jpg '),
 ('172', 'extension', '0', 'en_us', ' jpg '),
 ('172', 'kind', '0', 'en_us', ' image '),
 ('172', 'slug', '0', 'en_us', ' experiences landing page '),
 ('172', 'title', '0', 'en_us', ' experiences landing page '),
 ('173', 'filename', '0', 'en_us', ' airbnb trips jpg '),
 ('173', 'extension', '0', 'en_us', ' jpg '),
 ('173', 'kind', '0', 'en_us', ' image '),
 ('173', 'slug', '0', 'en_us', ' airbnb trips '),
 ('173', 'title', '0', 'en_us', ' airbnb trips '),
 ('174', 'filename', '0', 'en_us', ' co host landing page jpg '),
 ('174', 'extension', '0', 'en_us', ' jpg '),
 ('174', 'kind', '0', 'en_us', ' image '),
 ('174', 'slug', '0', 'en_us', ' co host landing page '),
 ('174', 'title', '0', 'en_us', ' co host landing page '),
 ('175', 'filename', '0', 'en_us', ' host experiences landing page jpg '),
 ('175', 'extension', '0', 'en_us', ' jpg '),
 ('175', 'kind', '0', 'en_us', ' image '),
 ('175', 'slug', '0', 'en_us', ' host experiences landing page '),
 ('175', 'title', '0', 'en_us', ' host experiences landing page '),
 ('196', 'filename', '0', 'en_us', ' img_7254 jpg '),
 ('177', 'filename', '0', 'en_us', ' 1024x1024 jpg '),
 ('177', 'extension', '0', 'en_us', ' jpg '),
 ('177', 'kind', '0', 'en_us', ' image '),
 ('177', 'slug', '0', 'en_us', ' 1024x1024 '),
 ('177', 'title', '0', 'en_us', ' 1024x1024 '),
 ('179', 'field', '12', 'en_us', ' the payoff the assets were leveraged across a variety of channels from airbnb open to product landing pages social and youtube email newsletters and paid media the functional videos amassed over 11 million views in less than three weeks on airbnb product pages the video click through rate reached as high as 15 percent we received coverage in the nytimes adweek travel leisure techcrunch mashable the telegraph and fast company '),
 ('179', 'slug', '0', 'en_us', ''),
 ('180', 'field', '27', 'en_us', ' 1149437 756837537668995 571286320 o '),
 ('180', 'field', '28', 'en_us', ' 33720586980 6d29cbc694 o '),
 ('180', 'field', '29', 'en_us', ' 33877889442 be0e2f82f0 o '),
 ('180', 'field', '30', 'en_us', ' 33878182202 6989bba734 o '),
 ('180', 'field', '31', 'en_us', ' 33878182202 6989bba734 oflipped '),
 ('180', 'slug', '0', 'en_us', ''),
 ('181', 'field', '20', 'en_us', ' 1024x1024 '),
 ('181', 'field', '21', 'en_us', ''),
 ('181', 'slug', '0', 'en_us', ''),
 ('183', 'filename', '0', 'en_us', ' gg_saturated jpg '),
 ('183', 'extension', '0', 'en_us', ' jpg '),
 ('183', 'kind', '0', 'en_us', ' image '),
 ('183', 'slug', '0', 'en_us', ' gg saturated '),
 ('183', 'title', '0', 'en_us', ' gg saturated '),
 ('190', 'slug', '0', 'en_us', ' img 3129 '),
 ('190', 'title', '0', 'en_us', ' img 3129 '),
 ('191', 'filename', '0', 'en_us', ' instanbul selects 60 copy jpg '),
 ('191', 'extension', '0', 'en_us', ' jpg '),
 ('191', 'kind', '0', 'en_us', ' image '),
 ('191', 'slug', '0', 'en_us', ' instanbul selects 60 copy '),
 ('191', 'title', '0', 'en_us', ' instanbul selects 60 copy '),
 ('192', 'filename', '0', 'en_us', ' instanbul selects 72 copy jpg '),
 ('192', 'extension', '0', 'en_us', ' jpg '),
 ('192', 'kind', '0', 'en_us', ' image '),
 ('192', 'slug', '0', 'en_us', ' instanbul selects 72 copy '),
 ('192', 'title', '0', 'en_us', ' instanbul selects 72 copy '),
 ('193', 'filename', '0', 'en_us', ' road trip selects 61 copy jpg '),
 ('193', 'extension', '0', 'en_us', ' jpg '),
 ('193', 'kind', '0', 'en_us', ' image '),
 ('193', 'slug', '0', 'en_us', ' road trip selects 61 copy '),
 ('193', 'title', '0', 'en_us', ' road trip selects 61 copy '),
 ('194', 'filename', '0', 'en_us', ' visa selects 22 jpg '),
 ('194', 'extension', '0', 'en_us', ' jpg '),
 ('194', 'kind', '0', 'en_us', ' image '),
 ('194', 'slug', '0', 'en_us', ' visa selects 22 '),
 ('194', 'title', '0', 'en_us', ' visa selects 22 '),
 ('195', 'filename', '0', 'en_us', ' img_4298 jpg '),
 ('195', 'extension', '0', 'en_us', ' jpg '),
 ('195', 'kind', '0', 'en_us', ' image '),
 ('195', 'slug', '0', 'en_us', ' img 4298 '),
 ('195', 'title', '0', 'en_us', ' img 4298 '),
 ('196', 'extension', '0', 'en_us', ' jpg '),
 ('196', 'kind', '0', 'en_us', ' image '),
 ('196', 'slug', '0', 'en_us', ' img 7254 '),
 ('196', 'title', '0', 'en_us', ' img 7254 '),
 ('197', 'filename', '0', 'en_us', ' img_7484 jpg '),
 ('197', 'extension', '0', 'en_us', ' jpg '),
 ('197', 'kind', '0', 'en_us', ' image '),
 ('197', 'slug', '0', 'en_us', ' img 7484 '),
 ('197', 'title', '0', 'en_us', ' img 7484 '),
 ('198', 'filename', '0', 'en_us', ' img_9387 jpg '),
 ('198', 'extension', '0', 'en_us', ' jpg '),
 ('198', 'kind', '0', 'en_us', ' image '),
 ('198', 'slug', '0', 'en_us', ' img 9387 '),
 ('198', 'title', '0', 'en_us', ' img 9387 ');
INSERT INTO `craft_searchindex` (`elementId`, `attribute`, `fieldId`, `locale`, `keywords`) VALUES
 ('213', 'filename', '0', 'en_us', ' under ze bay bridge 3 jpg '),
 ('199', 'filename', '0', 'en_us', ' 1149437_756837537668995_571286320_o jpg '),
 ('199', 'extension', '0', 'en_us', ' jpg '),
 ('199', 'kind', '0', 'en_us', ' image '),
 ('199', 'slug', '0', 'en_us', ' 1149437 756837537668995 571286320 o '),
 ('199', 'title', '0', 'en_us', ' 1149437 756837537668995 571286320 o '),
 ('200', 'filename', '0', 'en_us', ' 33878182792_628a755edb_o 2 jpg '),
 ('200', 'extension', '0', 'en_us', ' jpg '),
 ('200', 'kind', '0', 'en_us', ' image '),
 ('200', 'slug', '0', 'en_us', ' 33878182792 628a755edb o 2 '),
 ('200', 'title', '0', 'en_us', ' 33878182792 628a755edb o 2 '),
 ('210', 'slug', '0', 'en_us', ' 33878182202 6989bba734 oflipped '),
 ('210', 'title', '0', 'en_us', ' 33878182202 6989bba734 oflipped '),
 ('210', 'kind', '0', 'en_us', ' image '),
 ('209', 'kind', '0', 'en_us', ' image '),
 ('209', 'slug', '0', 'en_us', ' gg cropped2 '),
 ('209', 'title', '0', 'en_us', ' gg cropped2 '),
 ('203', 'filename', '0', 'en_us', ' 33720586980_6d29cbc694_o jpg '),
 ('203', 'extension', '0', 'en_us', ' jpg '),
 ('203', 'kind', '0', 'en_us', ' image '),
 ('203', 'slug', '0', 'en_us', ' 33720586980 6d29cbc694 o '),
 ('203', 'title', '0', 'en_us', ' 33720586980 6d29cbc694 o '),
 ('209', 'extension', '0', 'en_us', ' jpg '),
 ('208', 'title', '0', 'en_us', ' ig bg '),
 ('208', 'kind', '0', 'en_us', ' image '),
 ('208', 'slug', '0', 'en_us', ' ig bg '),
 ('208', 'filename', '0', 'en_us', ' ig_bg jpg '),
 ('208', 'extension', '0', 'en_us', ' jpg '),
 ('209', 'filename', '0', 'en_us', ' gg_cropped2 jpg '),
 ('210', 'extension', '0', 'en_us', ' jpg '),
 ('210', 'filename', '0', 'en_us', ' 33878182202_6989bba734_oflipped jpg '),
 ('206', 'filename', '0', 'en_us', ' fullsizerender jpg '),
 ('206', 'extension', '0', 'en_us', ' jpg '),
 ('206', 'kind', '0', 'en_us', ' image '),
 ('206', 'slug', '0', 'en_us', ' full size render '),
 ('206', 'title', '0', 'en_us', ' full size render '),
 ('207', 'filename', '0', 'en_us', ' img_5005 jpg '),
 ('207', 'extension', '0', 'en_us', ' jpg '),
 ('207', 'kind', '0', 'en_us', ' image '),
 ('207', 'slug', '0', 'en_us', ' img 5005 '),
 ('207', 'title', '0', 'en_us', ' img 5005 '),
 ('211', 'filename', '0', 'en_us', ' 33878182202_6989bba734_oflippedcropped jpg '),
 ('211', 'extension', '0', 'en_us', ' jpg '),
 ('211', 'kind', '0', 'en_us', ' image '),
 ('211', 'slug', '0', 'en_us', ' 33878182202 6989bba734 oflippedcropped '),
 ('211', 'title', '0', 'en_us', ' 33878182202 6989bba734 oflippedcropped '),
 ('215', 'filename', '0', 'en_us', ' ig_bg_6 jpg '),
 ('212', 'filename', '0', 'en_us', ' dogpatch studio 18 jpg '),
 ('212', 'extension', '0', 'en_us', ' jpg '),
 ('212', 'kind', '0', 'en_us', ' image '),
 ('212', 'slug', '0', 'en_us', ' dogpatch studio 18 '),
 ('212', 'title', '0', 'en_us', ' dogpatch studio 18 '),
 ('213', 'extension', '0', 'en_us', ' jpg '),
 ('213', 'kind', '0', 'en_us', ' image '),
 ('213', 'slug', '0', 'en_us', ' under ze bay bridge 3 '),
 ('213', 'title', '0', 'en_us', ' under ze bay bridge 3 '),
 ('214', 'filename', '0', 'en_us', ' ig_bg_5 jpg '),
 ('214', 'extension', '0', 'en_us', ' jpg '),
 ('214', 'kind', '0', 'en_us', ' image '),
 ('214', 'slug', '0', 'en_us', ' ig bg 5 '),
 ('214', 'title', '0', 'en_us', ' ig bg 5 '),
 ('215', 'extension', '0', 'en_us', ' jpg '),
 ('215', 'kind', '0', 'en_us', ' image '),
 ('215', 'slug', '0', 'en_us', ' ig bg 6 '),
 ('215', 'title', '0', 'en_us', ' ig bg 6 '),
 ('216', 'filename', '0', 'en_us', ' ig_bg_7 jpg '),
 ('216', 'extension', '0', 'en_us', ' jpg '),
 ('216', 'kind', '0', 'en_us', ' image '),
 ('216', 'slug', '0', 'en_us', ' ig bg 7 '),
 ('216', 'title', '0', 'en_us', ' ig bg 7 '),
 ('218', 'filename', '0', 'en_us', ' ig_bg_8 jpg '),
 ('218', 'extension', '0', 'en_us', ' jpg '),
 ('218', 'kind', '0', 'en_us', ' image '),
 ('218', 'slug', '0', 'en_us', ' ig bg 8 '),
 ('218', 'title', '0', 'en_us', ' ig bg 8 '),
 ('219', 'filename', '0', 'en_us', ' ig_bg_9 jpg '),
 ('219', 'extension', '0', 'en_us', ' jpg '),
 ('219', 'kind', '0', 'en_us', ' image '),
 ('219', 'slug', '0', 'en_us', ' ig bg 9 '),
 ('219', 'title', '0', 'en_us', ' ig bg 9 '),
 ('252', 'field', '23', 'en_us', ' 33720586980 6d29cbc694 o '),
 ('93', 'field', '56', 'en_us', ' bold honest and always capable our ideas empower brands to speak with creativity and heart '),
 ('222', 'filename', '0', 'en_us', ' 33878360982_5c8a10ee20_o jpg '),
 ('222', 'extension', '0', 'en_us', ' jpg '),
 ('222', 'kind', '0', 'en_us', ' image '),
 ('222', 'slug', '0', 'en_us', ' 33878360982 5c8a10ee20 o '),
 ('222', 'title', '0', 'en_us', ' 33878360982 5c8a10ee20 o '),
 ('223', 'filename', '0', 'en_us', ' 33994545276_378f881bc9_o jpg '),
 ('223', 'extension', '0', 'en_us', ' jpg '),
 ('223', 'kind', '0', 'en_us', ' image '),
 ('223', 'slug', '0', 'en_us', ' 33994545276 378f881bc9 o '),
 ('223', 'title', '0', 'en_us', ' 33994545276 378f881bc9 o '),
 ('224', 'filename', '0', 'en_us', ' ami6820 jpg '),
 ('224', 'extension', '0', 'en_us', ' jpg '),
 ('224', 'kind', '0', 'en_us', ' image '),
 ('224', 'slug', '0', 'en_us', ' ami6820 '),
 ('224', 'title', '0', 'en_us', ' ami6820 '),
 ('225', 'filename', '0', 'en_us', ' ami6824 jpg '),
 ('225', 'extension', '0', 'en_us', ' jpg '),
 ('225', 'kind', '0', 'en_us', ' image ');
INSERT INTO `craft_searchindex` (`elementId`, `attribute`, `fieldId`, `locale`, `keywords`) VALUES
 ('225', 'slug', '0', 'en_us', ' ami6824 '),
 ('225', 'title', '0', 'en_us', ' ami6824 '),
 ('226', 'filename', '0', 'en_us', ' ami6831 jpg '),
 ('226', 'extension', '0', 'en_us', ' jpg '),
 ('226', 'kind', '0', 'en_us', ' image '),
 ('226', 'slug', '0', 'en_us', ' ami6831 '),
 ('226', 'title', '0', 'en_us', ' ami6831 '),
 ('227', 'filename', '0', 'en_us', ' copy of screen shot 2016 12 06 at 2 49 05 pm jpg '),
 ('227', 'extension', '0', 'en_us', ' jpg '),
 ('227', 'kind', '0', 'en_us', ' image '),
 ('227', 'slug', '0', 'en_us', ' copy of screen shot 2016 12 06 at 2 49 05 pm '),
 ('227', 'title', '0', 'en_us', ' copy of screen shot 2016 12 06 at 2 49 05 pm '),
 ('228', 'filename', '0', 'en_us', ' gettyimages 565976431 jpg '),
 ('228', 'extension', '0', 'en_us', ' jpg '),
 ('228', 'kind', '0', 'en_us', ' image '),
 ('228', 'slug', '0', 'en_us', ' getty images 565976431 '),
 ('228', 'title', '0', 'en_us', ' getty images 565976431 '),
 ('229', 'filename', '0', 'en_us', ' ig_bg_2 jpg '),
 ('229', 'extension', '0', 'en_us', ' jpg '),
 ('229', 'kind', '0', 'en_us', ' image '),
 ('229', 'slug', '0', 'en_us', ' ig bg 2 '),
 ('229', 'title', '0', 'en_us', ' ig bg 2 '),
 ('230', 'filename', '0', 'en_us', ' ig_bg_3 jpg '),
 ('230', 'extension', '0', 'en_us', ' jpg '),
 ('230', 'kind', '0', 'en_us', ' image '),
 ('230', 'slug', '0', 'en_us', ' ig bg 3 '),
 ('230', 'title', '0', 'en_us', ' ig bg 3 '),
 ('231', 'filename', '0', 'en_us', ' ig_bg_3_170904_000845 jpg '),
 ('231', 'extension', '0', 'en_us', ' jpg '),
 ('231', 'kind', '0', 'en_us', ' image '),
 ('231', 'slug', '0', 'en_us', ' ig bg 3 170904 000845 '),
 ('231', 'title', '0', 'en_us', ' ig bg 3 170904 000845 '),
 ('232', 'filename', '0', 'en_us', ' ig_bg_3_170904_001217 jpg '),
 ('232', 'extension', '0', 'en_us', ' jpg '),
 ('232', 'kind', '0', 'en_us', ' image '),
 ('232', 'slug', '0', 'en_us', ' ig bg 3 170904 001217 '),
 ('232', 'title', '0', 'en_us', ' ig bg 3 170904 001217 '),
 ('233', 'filename', '0', 'en_us', ' ig_bg_3_170904_002021 jpg '),
 ('233', 'extension', '0', 'en_us', ' jpg '),
 ('233', 'kind', '0', 'en_us', ' image '),
 ('233', 'slug', '0', 'en_us', ' ig bg 3 170904 002021 '),
 ('233', 'title', '0', 'en_us', ' ig bg 3 170904 002021 '),
 ('234', 'filename', '0', 'en_us', ' ig_bg_3_170904_002249 jpg '),
 ('234', 'extension', '0', 'en_us', ' jpg '),
 ('234', 'kind', '0', 'en_us', ' image '),
 ('234', 'slug', '0', 'en_us', ' ig bg 3 170904 002249 '),
 ('234', 'title', '0', 'en_us', ' ig bg 3 170904 002249 '),
 ('235', 'filename', '0', 'en_us', ' ig_bg_4 jpg '),
 ('235', 'extension', '0', 'en_us', ' jpg '),
 ('235', 'kind', '0', 'en_us', ' image '),
 ('235', 'slug', '0', 'en_us', ' ig bg 4 '),
 ('235', 'title', '0', 'en_us', ' ig bg 4 '),
 ('236', 'filename', '0', 'en_us', ' ig_bg_4_170904_003511 jpg '),
 ('236', 'extension', '0', 'en_us', ' jpg '),
 ('236', 'kind', '0', 'en_us', ' image '),
 ('236', 'slug', '0', 'en_us', ' ig bg 4 170904 003511 '),
 ('236', 'title', '0', 'en_us', ' ig bg 4 170904 003511 '),
 ('237', 'filename', '0', 'en_us', ' img_3515 jpg '),
 ('237', 'extension', '0', 'en_us', ' jpg '),
 ('237', 'kind', '0', 'en_us', ' image '),
 ('237', 'slug', '0', 'en_us', ' img 3515 '),
 ('237', 'title', '0', 'en_us', ' img 3515 '),
 ('238', 'filename', '0', 'en_us', ' img_3517 jpg '),
 ('238', 'extension', '0', 'en_us', ' jpg '),
 ('238', 'kind', '0', 'en_us', ' image '),
 ('238', 'slug', '0', 'en_us', ' img 3517 '),
 ('238', 'title', '0', 'en_us', ' img 3517 '),
 ('239', 'filename', '0', 'en_us', ' img_3528 jpg '),
 ('239', 'extension', '0', 'en_us', ' jpg '),
 ('239', 'kind', '0', 'en_us', ' image '),
 ('239', 'slug', '0', 'en_us', ' img 3528 '),
 ('239', 'title', '0', 'en_us', ' img 3528 '),
 ('240', 'filename', '0', 'en_us', ' img_3532 jpg '),
 ('240', 'extension', '0', 'en_us', ' jpg '),
 ('240', 'kind', '0', 'en_us', ' image '),
 ('240', 'slug', '0', 'en_us', ' img 3532 '),
 ('240', 'title', '0', 'en_us', ' img 3532 '),
 ('241', 'filename', '0', 'en_us', ' img_3533 jpg '),
 ('241', 'extension', '0', 'en_us', ' jpg '),
 ('241', 'kind', '0', 'en_us', ' image '),
 ('241', 'slug', '0', 'en_us', ' img 3533 '),
 ('241', 'title', '0', 'en_us', ' img 3533 '),
 ('242', 'filename', '0', 'en_us', ' screen shot 2017 08 25 at 11 49 26 am jpg '),
 ('242', 'extension', '0', 'en_us', ' jpg '),
 ('242', 'kind', '0', 'en_us', ' image '),
 ('242', 'slug', '0', 'en_us', ' screen shot 2017 08 25 at 11 49 26 am '),
 ('242', 'title', '0', 'en_us', ' screen shot 2017 08 25 at 11 49 26 am '),
 ('243', 'filename', '0', 'en_us', ' screen shot 2017 09 03 at 5 35 49 pm jpg '),
 ('243', 'extension', '0', 'en_us', ' jpg '),
 ('243', 'kind', '0', 'en_us', ' image '),
 ('243', 'slug', '0', 'en_us', ' screen shot 2017 09 03 at 5 35 49 pm '),
 ('243', 'title', '0', 'en_us', ' screen shot 2017 09 03 at 5 35 49 pm '),
 ('244', 'filename', '0', 'en_us', ' airbnb poster header jpg '),
 ('244', 'extension', '0', 'en_us', ' jpg '),
 ('244', 'kind', '0', 'en_us', ' image '),
 ('244', 'slug', '0', 'en_us', ' airbnb poster header '),
 ('244', 'title', '0', 'en_us', ' airbnb poster header '),
 ('245', 'filename', '0', 'en_us', ' connectivity_1 jpg '),
 ('245', 'extension', '0', 'en_us', ' jpg '),
 ('245', 'kind', '0', 'en_us', ' image ');
INSERT INTO `craft_searchindex` (`elementId`, `attribute`, `fieldId`, `locale`, `keywords`) VALUES
 ('245', 'slug', '0', 'en_us', ' connectivity 1 '),
 ('245', 'title', '0', 'en_us', ' connectivity 1 '),
 ('246', 'filename', '0', 'en_us', ' connectivity_2 jpg '),
 ('246', 'extension', '0', 'en_us', ' jpg '),
 ('246', 'kind', '0', 'en_us', ' image '),
 ('246', 'slug', '0', 'en_us', ' connectivity 2 '),
 ('246', 'title', '0', 'en_us', ' connectivity 2 '),
 ('247', 'filename', '0', 'en_us', ' hp image jpg '),
 ('247', 'extension', '0', 'en_us', ' jpg '),
 ('247', 'kind', '0', 'en_us', ' image '),
 ('247', 'slug', '0', 'en_us', ' hp image '),
 ('247', 'title', '0', 'en_us', ' hp image '),
 ('248', 'filename', '0', 'en_us', ' hp mp4 '),
 ('248', 'extension', '0', 'en_us', ' mp4 '),
 ('248', 'kind', '0', 'en_us', ' video '),
 ('248', 'slug', '0', 'en_us', ' hp '),
 ('248', 'title', '0', 'en_us', ' hp '),
 ('249', 'filename', '0', 'en_us', ' projects shape svg '),
 ('249', 'extension', '0', 'en_us', ' svg '),
 ('249', 'kind', '0', 'en_us', ' image '),
 ('249', 'slug', '0', 'en_us', ' projects shape '),
 ('249', 'title', '0', 'en_us', ' projects shape '),
 ('250', 'filename', '0', 'en_us', ' yfwa_sjd jpg '),
 ('250', 'extension', '0', 'en_us', ' jpg '),
 ('250', 'kind', '0', 'en_us', ' image '),
 ('250', 'slug', '0', 'en_us', ' y fwa sjd '),
 ('250', 'title', '0', 'en_us', ' y fwa sjd '),
 ('251', 'slug', '0', 'en_us', ''),
 ('254', 'slug', '0', 'en_us', ''),
 ('255', 'field', '53', 'en_us', ' unep '),
 ('255', 'slug', '0', 'en_us', ''),
 ('256', 'field', '53', 'en_us', ' visa '),
 ('256', 'slug', '0', 'en_us', ''),
 ('257', 'field', '53', 'en_us', ' june '),
 ('257', 'slug', '0', 'en_us', ''),
 ('258', 'field', '53', 'en_us', ' maps '),
 ('258', 'slug', '0', 'en_us', ''),
 ('267', 'field', '53', 'en_us', ' watsi '),
 ('267', 'slug', '0', 'en_us', ''),
 ('268', 'field', '53', 'en_us', ' pandora '),
 ('268', 'slug', '0', 'en_us', ''),
 ('269', 'field', '53', 'en_us', ' pinterest '),
 ('269', 'slug', '0', 'en_us', ''),
 ('270', 'field', '53', 'en_us', ' wealthfront '),
 ('270', 'slug', '0', 'en_us', ''),
 ('271', 'field', '53', 'en_us', ' ebay '),
 ('271', 'slug', '0', 'en_us', ''),
 ('272', 'field', '53', 'en_us', ' google '),
 ('272', 'slug', '0', 'en_us', ''),
 ('273', 'field', '53', 'en_us', ' june '),
 ('273', 'slug', '0', 'en_us', ''),
 ('274', 'field', '53', 'en_us', ' instagram '),
 ('274', 'slug', '0', 'en_us', ''),
 ('2', 'field', '57', 'en_us', ' creative strategy design digital '),
 ('275', 'field', '58', 'en_us', ' creative '),
 ('275', 'slug', '0', 'en_us', ''),
 ('276', 'field', '58', 'en_us', ' strategy '),
 ('276', 'slug', '0', 'en_us', ''),
 ('277', 'field', '58', 'en_us', ' design '),
 ('277', 'slug', '0', 'en_us', ''),
 ('278', 'field', '58', 'en_us', ' digital '),
 ('278', 'slug', '0', 'en_us', ''),
 ('33', 'field', '54', 'en_us', ''),
 ('2', 'field', '59', 'en_us', ' f62944 '),
 ('2', 'field', '60', 'en_us', ' feae5a '),
 ('93', 'field', '61', 'en_us', ' 1149437 756837537668995 571286320 o '),
 ('279', 'field', '8', 'en_us', ' left '),
 ('279', 'field', '4', 'en_us', ' we made a video about real estate development exciting really '),
 ('279', 'field', '5', 'en_us', ''),
 ('279', 'field', '10', 'en_us', ''),
 ('279', 'field', '2', 'en_us', ''),
 ('279', 'slug', '0', 'en_us', ' the irvine company '),
 ('279', 'title', '0', 'en_us', ' the irvine company '),
 ('280', 'field', '34', 'en_us', ' staying connected in cuba '),
 ('280', 'slug', '0', 'en_us', ''),
 ('281', 'field', '12', 'en_us', ' the bow on top every piece of content featured a reimagined airbnb motion logo consistent with the fluid design aesthetic we developed for our animations '),
 ('281', 'slug', '0', 'en_us', ''),
 ('282', 'field', '12', 'en_us', ' the mission in may 2016 instagram asked bokeh to develop the creative strategy behind its largest business marketing campaign over the next six months bokeh would trek across four continents and collaborate with twenty four businesses in eight of instagram s top performing markets to produce eight market specific anthem films one global anthem film and two business profiles '),
 ('282', 'slug', '0', 'en_us', ''),
 ('283', 'field', '12', 'en_us', ' services conceptbrandingfilm video '),
 ('283', 'slug', '0', 'en_us', ''),
 ('2', 'field', '62', 'en_us', ' 153553082 ');



DROP TABLE IF EXISTS `craft_sections`;


--
-- Schema for table `craft_sections`
--
CREATE TABLE `craft_sections` (
  `id` int(11) NOT NULL AUTO_INCREMENT,
  `structureId` int(11) DEFAULT NULL,
  `name` varchar(255) COLLATE utf8_unicode_ci NOT NULL,
  `handle` varchar(255) COLLATE utf8_unicode_ci NOT NULL,
  `type` enum('single','channel','structure') COLLATE utf8_unicode_ci NOT NULL DEFAULT 'channel',
  `hasUrls` tinyint(1) unsigned NOT NULL DEFAULT '1',
  `template` varchar(500) COLLATE utf8_unicode_ci DEFAULT NULL,
  `enableVersioning` tinyint(1) unsigned NOT NULL DEFAULT '0',
  `dateCreated` datetime NOT NULL,
  `dateUpdated` datetime NOT NULL,
  `uid` char(36) COLLATE utf8_unicode_ci NOT NULL DEFAULT '0',
  PRIMARY KEY (`id`),
  UNIQUE KEY `craft_sections_name_unq_idx` (`name`),
  UNIQUE KEY `craft_sections_handle_unq_idx` (`handle`),
  KEY `craft_sections_structureId_fk` (`structureId`)
) ENGINE=InnoDB AUTO_INCREMENT=3 DEFAULT CHARSET=utf8 COLLATE=utf8_unicode_ci;

--
-- Data for table `craft_sections`
--

INSERT INTO `craft_sections` (`id`, `structureId`, `name`, `handle`, `type`, `hasUrls`, `template`, `enableVersioning`, `dateCreated`, `dateUpdated`, `uid`) VALUES
 ('1', NULL, 'Homepage', 'homepage', 'single', '1', 'index', '1', '2017-08-14 03:05:16', '2017-08-14 03:05:16', '15f8abbd-79cd-4006-bcc5-c2ccba77a4d3'),
 ('2', NULL, 'Projects', 'projects', 'channel', '1', 'projects/_entry', '1', '2017-08-14 03:05:16', '2017-08-16 01:37:09', '8147253f-6e22-42b8-b05e-75c6e7a33783');



DROP TABLE IF EXISTS `craft_sections_i18n`;


--
-- Schema for table `craft_sections_i18n`
--
CREATE TABLE `craft_sections_i18n` (
  `id` int(11) NOT NULL AUTO_INCREMENT,
  `sectionId` int(11) NOT NULL,
  `locale` char(12) COLLATE utf8_unicode_ci NOT NULL,
  `enabledByDefault` tinyint(1) unsigned NOT NULL DEFAULT '1',
  `urlFormat` text COLLATE utf8_unicode_ci,
  `nestedUrlFormat` text COLLATE utf8_unicode_ci,
  `dateCreated` datetime NOT NULL,
  `dateUpdated` datetime NOT NULL,
  `uid` char(36) COLLATE utf8_unicode_ci NOT NULL DEFAULT '0',
  PRIMARY KEY (`id`),
  UNIQUE KEY `craft_sections_i18n_sectionId_locale_unq_idx` (`sectionId`,`locale`),
  KEY `craft_sections_i18n_locale_fk` (`locale`)
) ENGINE=InnoDB AUTO_INCREMENT=3 DEFAULT CHARSET=utf8 COLLATE=utf8_unicode_ci;

--
-- Data for table `craft_sections_i18n`
--

INSERT INTO `craft_sections_i18n` (`id`, `sectionId`, `locale`, `enabledByDefault`, `urlFormat`, `nestedUrlFormat`, `dateCreated`, `dateUpdated`, `uid`) VALUES
 ('1', '1', 'en_us', '1', '__home__', NULL, '2017-08-14 03:05:16', '2017-08-14 03:05:16', '2c3d1859-c0a2-4d4d-acf5-a88a74244322'),
 ('2', '2', 'en_us', '1', 'projects/{slug}', NULL, '2017-08-14 03:05:16', '2017-08-16 01:37:09', 'd69dc3b7-a72f-4a67-aced-e6b5f3bb395b');



DROP TABLE IF EXISTS `craft_sessions`;


--
-- Schema for table `craft_sessions`
--
CREATE TABLE `craft_sessions` (
  `id` int(11) NOT NULL AUTO_INCREMENT,
  `userId` int(11) NOT NULL,
  `token` char(100) COLLATE utf8_unicode_ci NOT NULL,
  `dateCreated` datetime NOT NULL,
  `dateUpdated` datetime NOT NULL,
  `uid` char(36) COLLATE utf8_unicode_ci NOT NULL DEFAULT '0',
  PRIMARY KEY (`id`),
  KEY `craft_sessions_uid_idx` (`uid`),
  KEY `craft_sessions_token_idx` (`token`),
  KEY `craft_sessions_dateUpdated_idx` (`dateUpdated`),
  KEY `craft_sessions_userId_fk` (`userId`)
) ENGINE=InnoDB AUTO_INCREMENT=45 DEFAULT CHARSET=utf8 COLLATE=utf8_unicode_ci;

DROP TABLE IF EXISTS `craft_shunnedmessages`;


--
-- Schema for table `craft_shunnedmessages`
--
CREATE TABLE `craft_shunnedmessages` (
  `id` int(11) NOT NULL AUTO_INCREMENT,
  `userId` int(11) NOT NULL,
  `message` varchar(255) COLLATE utf8_unicode_ci NOT NULL,
  `expiryDate` datetime DEFAULT NULL,
  `dateCreated` datetime NOT NULL,
  `dateUpdated` datetime NOT NULL,
  `uid` char(36) COLLATE utf8_unicode_ci NOT NULL DEFAULT '0',
  PRIMARY KEY (`id`),
  UNIQUE KEY `craft_shunnedmessages_userId_message_unq_idx` (`userId`,`message`)
) ENGINE=InnoDB DEFAULT CHARSET=utf8 COLLATE=utf8_unicode_ci;

DROP TABLE IF EXISTS `craft_structureelements`;


--
-- Schema for table `craft_structureelements`
--
CREATE TABLE `craft_structureelements` (
  `id` int(11) NOT NULL AUTO_INCREMENT,
  `structureId` int(11) NOT NULL,
  `elementId` int(11) DEFAULT NULL,
  `root` int(11) unsigned DEFAULT NULL,
  `lft` int(11) unsigned NOT NULL,
  `rgt` int(11) unsigned NOT NULL,
  `level` smallint(6) unsigned NOT NULL,
  `dateCreated` datetime NOT NULL,
  `dateUpdated` datetime NOT NULL,
  `uid` char(36) COLLATE utf8_unicode_ci NOT NULL DEFAULT '0',
  PRIMARY KEY (`id`),
  UNIQUE KEY `craft_structureelements_structureId_elementId_unq_idx` (`structureId`,`elementId`),
  KEY `craft_structureelements_root_idx` (`root`),
  KEY `craft_structureelements_lft_idx` (`lft`),
  KEY `craft_structureelements_rgt_idx` (`rgt`),
  KEY `craft_structureelements_level_idx` (`level`),
  KEY `craft_structureelements_elementId_fk` (`elementId`)
) ENGINE=InnoDB DEFAULT CHARSET=utf8 COLLATE=utf8_unicode_ci;

DROP TABLE IF EXISTS `craft_structures`;


--
-- Schema for table `craft_structures`
--
CREATE TABLE `craft_structures` (
  `id` int(11) NOT NULL AUTO_INCREMENT,
  `maxLevels` smallint(6) unsigned DEFAULT NULL,
  `dateCreated` datetime NOT NULL,
  `dateUpdated` datetime NOT NULL,
  `uid` char(36) COLLATE utf8_unicode_ci NOT NULL DEFAULT '0',
  PRIMARY KEY (`id`)
) ENGINE=InnoDB DEFAULT CHARSET=utf8 COLLATE=utf8_unicode_ci;

DROP TABLE IF EXISTS `craft_supertableblocks`;


--
-- Schema for table `craft_supertableblocks`
--
CREATE TABLE `craft_supertableblocks` (
  `id` int(11) NOT NULL,
  `ownerId` int(11) NOT NULL,
  `fieldId` int(11) NOT NULL,
  `typeId` int(11) DEFAULT NULL,
  `sortOrder` smallint(6) unsigned DEFAULT NULL,
  `ownerLocale` char(12) COLLATE utf8_unicode_ci DEFAULT NULL,
  `dateCreated` datetime NOT NULL,
  `dateUpdated` datetime NOT NULL,
  `uid` char(36) COLLATE utf8_unicode_ci NOT NULL DEFAULT '0',
  PRIMARY KEY (`id`),
  KEY `craft_supertableblocks_ownerId_idx` (`ownerId`),
  KEY `craft_supertableblocks_fieldId_idx` (`fieldId`),
  KEY `craft_supertableblocks_typeId_idx` (`typeId`),
  KEY `craft_supertableblocks_sortOrder_idx` (`sortOrder`),
  KEY `craft_supertableblocks_ownerLocale_fk` (`ownerLocale`)
) ENGINE=InnoDB DEFAULT CHARSET=utf8 COLLATE=utf8_unicode_ci;

--
-- Data for table `craft_supertableblocks`
--

INSERT INTO `craft_supertableblocks` (`id`, `ownerId`, `fieldId`, `typeId`, `sortOrder`, `ownerLocale`, `dateCreated`, `dateUpdated`, `uid`) VALUES
 ('41', '40', '32', '1', '1', NULL, '2017-08-20 00:40:09', '2017-09-17 19:29:36', '5d5f46ba-0885-4e0c-ad2a-7d717f790e67'),
 ('42', '40', '32', '1', '2', NULL, '2017-08-20 00:40:09', '2017-09-17 19:29:36', 'b75e0b89-fde3-46c0-9428-55dd02d37f1a'),
 ('43', '40', '32', '1', '3', NULL, '2017-08-20 00:40:09', '2017-09-17 19:29:36', '2370f1af-e2c9-4aea-890e-e04ad1d64b96'),
 ('44', '40', '32', '1', '4', NULL, '2017-08-20 00:40:09', '2017-09-17 19:29:36', '7afac719-8d56-473e-8121-5967672ced1d'),
 ('65', '64', '35', '2', '1', NULL, '2017-08-20 01:47:51', '2017-09-17 19:29:36', 'c1d00f3e-9bbd-4010-9197-4ae7aafd2060'),
 ('66', '64', '35', '2', '2', NULL, '2017-08-20 01:47:51', '2017-09-17 19:29:36', '972bc950-cd53-4e76-8d80-35fc87cbc39a'),
 ('67', '64', '35', '2', '3', NULL, '2017-08-20 01:47:51', '2017-09-17 19:29:36', '3adce043-49a0-4c79-bf0c-f641530f9066'),
 ('68', '64', '35', '2', '4', NULL, '2017-08-20 01:47:51', '2017-09-17 19:29:36', 'e83b795e-9f2a-4983-ab55-376782917db2'),
 ('69', '64', '35', '2', '5', NULL, '2017-08-20 01:47:51', '2017-09-17 19:29:36', '1f0422cf-3c94-4436-8e05-ac11343a4b1f'),
 ('79', '78', '48', '3', '1', NULL, '2017-08-27 21:20:43', '2017-09-28 01:04:09', 'd80fac55-c7f8-41b4-b9a3-d0ab32cbcdf1'),
 ('80', '78', '48', '3', '2', NULL, '2017-08-27 21:20:43', '2017-09-28 01:04:09', 'b9fe1ad3-4e2b-4ae1-af95-7b46285ddbcc'),
 ('81', '78', '48', '3', '3', NULL, '2017-08-27 21:20:43', '2017-09-28 01:04:09', '52b7bc2e-60c7-430d-a628-950ee9eb3a34'),
 ('82', '78', '48', '3', '4', NULL, '2017-08-27 21:20:43', '2017-09-28 01:04:09', '568dfd4b-723d-465d-aaa4-f3ef34438809'),
 ('84', '83', '48', '3', '1', NULL, '2017-08-27 21:20:43', '2017-09-28 01:04:09', '2b8f6ba6-5751-403e-99a1-76e107a00d03'),
 ('85', '83', '48', '3', '2', NULL, '2017-08-27 21:20:43', '2017-09-28 01:04:09', '1e686e0a-0cae-4412-a6e8-60b595d39c79'),
 ('86', '83', '48', '3', '3', NULL, '2017-08-27 21:20:43', '2017-09-28 01:04:09', 'f73f8de3-05f9-4842-8e8e-68531fd52537'),
 ('87', '83', '48', '3', '4', NULL, '2017-08-27 21:20:43', '2017-09-28 01:04:09', '65fe6262-f6a0-4261-afc7-8ddcd3874b70'),
 ('89', '88', '48', '3', '1', NULL, '2017-08-27 21:20:43', '2017-09-28 01:04:09', '9ad1bd1e-c970-4cfb-9767-118872a7fbfb'),
 ('90', '88', '48', '3', '2', NULL, '2017-08-27 21:20:43', '2017-09-28 01:04:09', 'aa36a763-bc13-4ef4-a5b0-54b52e0608d7'),
 ('91', '88', '48', '3', '3', NULL, '2017-08-27 21:20:43', '2017-09-28 01:04:09', '231838df-f973-4d5f-9be3-fa441aa4c13e'),
 ('92', '88', '48', '3', '4', NULL, '2017-08-27 21:20:43', '2017-09-28 01:04:09', '12f41363-b436-4540-9c6d-3b602a4c2d6d'),
 ('158', '157', '32', '1', '1', NULL, '2017-08-30 22:37:36', '2017-09-26 01:42:55', 'eebf1d71-3f64-4e01-94d4-5cb14be8c25f'),
 ('159', '157', '32', '1', '2', NULL, '2017-08-30 22:37:36', '2017-09-26 01:42:55', '7efec9da-a5cb-48eb-a460-cc9e11da677c'),
 ('160', '157', '32', '1', '3', NULL, '2017-08-30 22:37:36', '2017-09-26 01:42:55', '710d8eab-fe2d-4a02-9da0-914d4152d76b'),
 ('161', '157', '32', '1', '4', NULL, '2017-08-30 22:37:36', '2017-09-26 01:42:55', '1469353a-41b5-44ad-9318-95ebc888d711'),
 ('168', '167', '32', '1', '1', NULL, '2017-08-30 22:37:36', '2017-09-26 01:42:55', '07d43d43-4cac-4f0c-9f2f-e6d9116eec6d'),
 ('169', '167', '32', '1', '2', NULL, '2017-08-30 22:37:36', '2017-09-26 01:42:55', '8689a568-c613-420b-99f6-efcafda7bd9a'),
 ('170', '167', '32', '1', '3', NULL, '2017-08-30 22:37:36', '2017-09-26 01:42:55', 'd414ca7c-bf5b-41f9-b315-49a8b318696b'),
 ('171', '167', '32', '1', '4', NULL, '2017-08-30 22:37:36', '2017-09-26 01:42:55', 'bf619d2f-3b51-4794-9d1f-5288a997193d'),
 ('280', '157', '32', '1', '5', NULL, '2017-09-26 01:36:37', '2017-09-26 01:42:55', 'f2bd0ddf-ad75-458f-ba2b-a01998800b38');



DROP TABLE IF EXISTS `craft_supertableblocktypes`;


--
-- Schema for table `craft_supertableblocktypes`
--
CREATE TABLE `craft_supertableblocktypes` (
  `id` int(11) NOT NULL AUTO_INCREMENT,
  `fieldId` int(11) NOT NULL,
  `fieldLayoutId` int(11) DEFAULT NULL,
  `dateCreated` datetime NOT NULL,
  `dateUpdated` datetime NOT NULL,
  `uid` char(36) COLLATE utf8_unicode_ci NOT NULL DEFAULT '0',
  PRIMARY KEY (`id`),
  KEY `craft_supertableblocktypes_fieldId_fk` (`fieldId`),
  KEY `craft_supertableblocktypes_fieldLayoutId_fk` (`fieldLayoutId`)
) ENGINE=InnoDB AUTO_INCREMENT=4 DEFAULT CHARSET=utf8 COLLATE=utf8_unicode_ci;

--
-- Data for table `craft_supertableblocktypes`
--

INSERT INTO `craft_supertableblocktypes` (`id`, `fieldId`, `fieldLayoutId`, `dateCreated`, `dateUpdated`, `uid`) VALUES
 ('1', '32', '190', '2017-08-18 02:51:29', '2017-09-05 20:42:06', '7ee9d213-e5dd-44c5-964b-6ba0ef520b99'),
 ('2', '35', '192', '2017-08-18 02:51:29', '2017-09-05 20:42:06', '5c281be9-34a5-4a0c-b215-28dababa1f62'),
 ('3', '48', '141', '2017-08-27 21:18:21', '2017-08-27 21:20:56', '7cb07798-23ca-49b8-9959-c921233b61af');



DROP TABLE IF EXISTS `craft_supertablecontent_10_image`;


--
-- Schema for table `craft_supertablecontent_10_image`
--
CREATE TABLE `craft_supertablecontent_10_image` (
  `id` int(11) NOT NULL AUTO_INCREMENT,
  `elementId` int(11) NOT NULL,
  `locale` char(12) COLLATE utf8_unicode_ci NOT NULL,
  `field_caption` text COLLATE utf8_unicode_ci,
  `dateCreated` datetime NOT NULL,
  `dateUpdated` datetime NOT NULL,
  `uid` char(36) COLLATE utf8_unicode_ci NOT NULL DEFAULT '0',
  PRIMARY KEY (`id`),
  UNIQUE KEY `craft_supertablecontent_10_image_elementId_locale_unq_idx` (`elementId`,`locale`),
  KEY `craft_supertablecontent_10_image_locale_fk` (`locale`)
) ENGINE=InnoDB AUTO_INCREMENT=10 DEFAULT CHARSET=utf8 COLLATE=utf8_unicode_ci;

--
-- Data for table `craft_supertablecontent_10_image`
--

INSERT INTO `craft_supertablecontent_10_image` (`id`, `elementId`, `locale`, `field_caption`, `dateCreated`, `dateUpdated`, `uid`) VALUES
 ('5', '65', 'en_us', '', '2017-08-20 01:47:51', '2017-09-17 19:29:36', 'b42293dd-a0b2-42e1-8494-eab573232a5e'),
 ('6', '66', 'en_us', '', '2017-08-20 01:47:51', '2017-09-17 19:29:36', 'f850559f-b6b9-4829-b439-536673b7e09a'),
 ('7', '67', 'en_us', '', '2017-08-20 01:47:51', '2017-09-17 19:29:36', 'b2157c31-df97-436f-b901-a5abe2a095b0'),
 ('8', '68', 'en_us', '', '2017-08-20 01:47:51', '2017-09-17 19:29:36', 'd2e5f25c-05e5-4c2e-a2f8-07e190e0f593'),
 ('9', '69', 'en_us', '', '2017-08-20 01:47:51', '2017-09-17 19:29:36', '50bb402e-1d98-474d-a1b7-da9e37ad0280');



DROP TABLE IF EXISTS `craft_supertablecontent_12_service`;


--
-- Schema for table `craft_supertablecontent_12_service`
--
CREATE TABLE `craft_supertablecontent_12_service` (
  `id` int(11) NOT NULL AUTO_INCREMENT,
  `elementId` int(11) NOT NULL,
  `locale` char(12) COLLATE utf8_unicode_ci NOT NULL,
  `field_service` text COLLATE utf8_unicode_ci,
  `dateCreated` datetime NOT NULL,
  `dateUpdated` datetime NOT NULL,
  `uid` char(36) COLLATE utf8_unicode_ci NOT NULL DEFAULT '0',
  PRIMARY KEY (`id`),
  UNIQUE KEY `craft_supertablecontent_12_service_elementId_locale_unq_idx` (`elementId`,`locale`),
  KEY `craft_supertablecontent_12_service_locale_fk` (`locale`)
) ENGINE=InnoDB AUTO_INCREMENT=13 DEFAULT CHARSET=utf8 COLLATE=utf8_unicode_ci;

--
-- Data for table `craft_supertablecontent_12_service`
--

INSERT INTO `craft_supertablecontent_12_service` (`id`, `elementId`, `locale`, `field_service`, `dateCreated`, `dateUpdated`, `uid`) VALUES
 ('1', '79', 'en_us', 'Branding', '2017-08-27 21:20:43', '2017-09-28 01:04:09', '5a525770-0683-493d-bf7a-f9601b37a7c3'),
 ('2', '80', 'en_us', 'Content', '2017-08-27 21:20:43', '2017-09-28 01:04:09', '6a678e10-ae88-4d10-8ad5-9e48919fa37b'),
 ('3', '81', 'en_us', 'Social', '2017-08-27 21:20:43', '2017-09-28 01:04:09', '930ba078-25cc-4dc7-af14-99d080845f35'),
 ('4', '82', 'en_us', 'Digital', '2017-08-27 21:20:43', '2017-09-28 01:04:09', '2f4b8c0d-8daa-4c09-aa45-c20e80c50ec4'),
 ('5', '84', 'en_us', 'Identity', '2017-08-27 21:20:43', '2017-09-28 01:04:09', '9ceb85fd-7c3a-4d0c-9a96-97222ce30851'),
 ('6', '85', 'en_us', 'Style Guidelines', '2017-08-27 21:20:43', '2017-09-28 01:04:09', '5b621dee-8d22-41b6-a7f3-b896e87984bf'),
 ('7', '86', 'en_us', 'Print/OOH', '2017-08-27 21:20:43', '2017-09-28 01:04:09', '4ef85746-eb82-44a7-ab69-6dbecb4df461'),
 ('8', '87', 'en_us', 'UX/UI', '2017-08-27 21:20:43', '2017-09-28 01:04:09', '7d0a172b-46b3-4b5b-857d-e870715be1c4'),
 ('9', '89', 'en_us', 'Film/Video', '2017-08-27 21:20:43', '2017-09-28 01:04:09', '0772f47b-1beb-4ea8-8d15-fdf7a6478ba7'),
 ('10', '90', 'en_us', 'Animation', '2017-08-27 21:20:43', '2017-09-28 01:04:09', 'e47a5ff5-0e56-4530-950e-b2d26db6cf3e'),
 ('11', '91', 'en_us', 'Product/Lifestyle Photography', '2017-08-27 21:20:43', '2017-09-28 01:04:09', '96d6b393-21ae-45d8-a5d5-577143edd16a'),
 ('12', '92', 'en_us', 'Copywriting', '2017-08-27 21:20:43', '2017-09-28 01:04:09', '0f8b3f58-689e-464b-a72f-bc30d4b212e2');



DROP TABLE IF EXISTS `craft_supertablecontent_9_video`;


--
-- Schema for table `craft_supertablecontent_9_video`
--
CREATE TABLE `craft_supertablecontent_9_video` (
  `id` int(11) NOT NULL AUTO_INCREMENT,
  `elementId` int(11) NOT NULL,
  `locale` char(12) COLLATE utf8_unicode_ci NOT NULL,
  `field_video` text COLLATE utf8_unicode_ci,
  `field_caption` text COLLATE utf8_unicode_ci,
  `dateCreated` datetime NOT NULL,
  `dateUpdated` datetime NOT NULL,
  `uid` char(36) COLLATE utf8_unicode_ci NOT NULL DEFAULT '0',
  PRIMARY KEY (`id`),
  UNIQUE KEY `craft_supertablecontent_9_video_elementId_locale_unq_idx` (`elementId`,`locale`),
  KEY `craft_supertablecontent_9_video_locale_fk` (`locale`)
) ENGINE=InnoDB AUTO_INCREMENT=14 DEFAULT CHARSET=utf8 COLLATE=utf8_unicode_ci;

--
-- Data for table `craft_supertablecontent_9_video`
--

INSERT INTO `craft_supertablecontent_9_video` (`id`, `elementId`, `locale`, `field_video`, `field_caption`, `dateCreated`, `dateUpdated`, `uid`) VALUES
 ('1', '41', 'en_us', 'https://vimeo.com/230046783', '', '2017-08-20 00:40:09', '2017-09-17 19:29:36', 'b71be4f9-bbba-4f04-a166-e54d1e0f9184'),
 ('2', '42', 'en_us', 'https://vimeo.com/124346309', '', '2017-08-20 00:40:09', '2017-09-17 19:29:36', '01261745-1384-4c44-b5b6-0a84e5f0e0b7'),
 ('3', '43', 'en_us', 'https://vimeo.com/230046783', '', '2017-08-20 00:40:09', '2017-09-17 19:29:36', 'a60ba05a-38fb-4f9f-b0c3-1356ebb0a88f'),
 ('4', '44', 'en_us', 'https://vimeo.com/124346309', '', '2017-08-20 00:40:09', '2017-09-17 19:29:36', 'f20da62c-fb7b-490c-b8f3-3eaa77eea633'),
 ('5', '158', 'en_us', 'https://vimeo.com/193177317', 'Introducing Experiences', '2017-08-30 22:37:36', '2017-09-26 01:42:55', '8c9061e4-e17b-49a8-b4a5-ebf0e852c67c'),
 ('6', '159', 'en_us', 'https://vimeo.com/193177901', 'Introducing Itinerary', '2017-08-30 22:37:36', '2017-09-26 01:42:55', 'e850dc2d-7927-4e75-957c-27f9fd64a6ca'),
 ('7', '160', 'en_us', 'https://vimeo.com/193177150', 'Introducing Co-hosting', '2017-08-30 22:37:36', '2017-09-26 01:42:55', '2d927886-6f7c-41ca-a88f-79e54dbc93a9'),
 ('8', '161', 'en_us', 'https://vimeo.com/193177011', 'Introducing Social Impact Experiences', '2017-08-30 22:37:36', '2017-09-26 01:42:55', '272a0555-b67c-4f4d-a990-ba98ee4a7e13'),
 ('9', '168', 'en_us', 'https://vimeo.com/194444259', 'Burlesque', '2017-08-30 22:37:36', '2017-09-26 01:42:55', 'e05ee6f3-186f-426b-81be-3b7c7142edd0'),
 ('10', '169', 'en_us', 'https://vimeo.com/193185940', 'Samurai', '2017-08-30 22:37:36', '2017-09-26 01:42:55', 'f669a94a-e859-40c9-aa94-38a98e457879'),
 ('11', '170', 'en_us', 'https://vimeo.com/193185835', 'Runner', '2017-08-30 22:37:36', '2017-09-26 01:42:55', 'd6d9ba37-8dbd-4699-8372-766a1782e099'),
 ('12', '171', 'en_us', 'https://vimeo.com/193186104', 'Scenester', '2017-08-30 22:37:36', '2017-09-26 01:42:55', '3974e874-dd26-4e6c-8064-df3550ae9a18'),
 ('13', '280', 'en_us', 'https://vimeo.com/193176889', 'Staying Connected in Cuba', '2017-09-26 01:36:37', '2017-09-26 01:42:55', 'be968198-4357-4bf2-90c5-1ea364945f7c');



DROP TABLE IF EXISTS `craft_systemsettings`;


--
-- Schema for table `craft_systemsettings`
--
CREATE TABLE `craft_systemsettings` (
  `id` int(11) NOT NULL AUTO_INCREMENT,
  `category` varchar(15) COLLATE utf8_unicode_ci NOT NULL,
  `settings` text COLLATE utf8_unicode_ci,
  `dateCreated` datetime NOT NULL,
  `dateUpdated` datetime NOT NULL,
  `uid` char(36) COLLATE utf8_unicode_ci NOT NULL DEFAULT '0',
  PRIMARY KEY (`id`),
  UNIQUE KEY `craft_systemsettings_category_unq_idx` (`category`)
) ENGINE=InnoDB AUTO_INCREMENT=2 DEFAULT CHARSET=utf8 COLLATE=utf8_unicode_ci;

--
-- Data for table `craft_systemsettings`
--

INSERT INTO `craft_systemsettings` (`id`, `category`, `settings`, `dateCreated`, `dateUpdated`, `uid`) VALUES
 ('1', 'email', '{\"protocol\":\"php\",\"emailAddress\":\"maxim.is@blunt.af\",\"senderName\":\"Bokeh\"}', '2017-08-14 03:05:16', '2017-08-14 03:05:16', '84f3612a-c55b-45dc-a0f5-a70707fc57cf');



DROP TABLE IF EXISTS `craft_taggroups`;


--
-- Schema for table `craft_taggroups`
--
CREATE TABLE `craft_taggroups` (
  `id` int(11) NOT NULL AUTO_INCREMENT,
  `name` varchar(255) COLLATE utf8_unicode_ci NOT NULL,
  `handle` varchar(255) COLLATE utf8_unicode_ci NOT NULL,
  `fieldLayoutId` int(10) DEFAULT NULL,
  `dateCreated` datetime NOT NULL,
  `dateUpdated` datetime NOT NULL,
  `uid` char(36) COLLATE utf8_unicode_ci NOT NULL DEFAULT '0',
  PRIMARY KEY (`id`),
  UNIQUE KEY `craft_taggroups_name_unq_idx` (`name`),
  UNIQUE KEY `craft_taggroups_handle_unq_idx` (`handle`),
  KEY `craft_taggroups_fieldLayoutId_fk` (`fieldLayoutId`)
) ENGINE=InnoDB AUTO_INCREMENT=2 DEFAULT CHARSET=utf8 COLLATE=utf8_unicode_ci;

--
-- Data for table `craft_taggroups`
--

INSERT INTO `craft_taggroups` (`id`, `name`, `handle`, `fieldLayoutId`, `dateCreated`, `dateUpdated`, `uid`) VALUES
 ('1', 'Default', 'default', '1', '2017-08-14 03:05:16', '2017-08-14 03:05:16', 'ee0be74f-e933-4511-abaa-cd869091661c');



DROP TABLE IF EXISTS `craft_tags`;


--
-- Schema for table `craft_tags`
--
CREATE TABLE `craft_tags` (
  `id` int(11) NOT NULL,
  `groupId` int(11) NOT NULL,
  `dateCreated` datetime NOT NULL,
  `dateUpdated` datetime NOT NULL,
  `uid` char(36) COLLATE utf8_unicode_ci NOT NULL DEFAULT '0',
  PRIMARY KEY (`id`),
  KEY `craft_tags_groupId_fk` (`groupId`)
) ENGINE=InnoDB DEFAULT CHARSET=utf8 COLLATE=utf8_unicode_ci;

--
-- Data for table `craft_tags`
--

INSERT INTO `craft_tags` (`id`, `groupId`, `dateCreated`, `dateUpdated`, `uid`) VALUES
 ('96', '1', '2017-08-27 21:54:25', '2017-08-27 21:54:25', '43347a72-0227-4d65-a53b-3ff6a1125954');



DROP TABLE IF EXISTS `craft_tasks`;


--
-- Schema for table `craft_tasks`
--
CREATE TABLE `craft_tasks` (
  `id` int(11) NOT NULL AUTO_INCREMENT,
  `root` int(11) unsigned DEFAULT NULL,
  `lft` int(11) unsigned NOT NULL,
  `rgt` int(11) unsigned NOT NULL,
  `level` smallint(6) unsigned NOT NULL,
  `currentStep` int(11) unsigned DEFAULT NULL,
  `totalSteps` int(11) unsigned DEFAULT NULL,
  `status` enum('pending','error','running') COLLATE utf8_unicode_ci DEFAULT NULL,
  `type` varchar(150) COLLATE utf8_unicode_ci NOT NULL,
  `description` varchar(255) COLLATE utf8_unicode_ci DEFAULT NULL,
  `settings` mediumtext COLLATE utf8_unicode_ci,
  `dateCreated` datetime NOT NULL,
  `dateUpdated` datetime NOT NULL,
  `uid` char(36) COLLATE utf8_unicode_ci NOT NULL DEFAULT '0',
  PRIMARY KEY (`id`),
  KEY `craft_tasks_root_idx` (`root`),
  KEY `craft_tasks_lft_idx` (`lft`),
  KEY `craft_tasks_rgt_idx` (`rgt`),
  KEY `craft_tasks_level_idx` (`level`)
) ENGINE=InnoDB AUTO_INCREMENT=19 DEFAULT CHARSET=utf8 COLLATE=utf8_unicode_ci;

DROP TABLE IF EXISTS `craft_templatecachecriteria`;


--
-- Schema for table `craft_templatecachecriteria`
--
CREATE TABLE `craft_templatecachecriteria` (
  `id` int(11) NOT NULL AUTO_INCREMENT,
  `cacheId` int(11) NOT NULL,
  `type` varchar(150) COLLATE utf8_unicode_ci NOT NULL,
  `criteria` text COLLATE utf8_unicode_ci NOT NULL,
  PRIMARY KEY (`id`),
  KEY `craft_templatecachecriteria_cacheId_fk` (`cacheId`),
  KEY `craft_templatecachecriteria_type_idx` (`type`)
) ENGINE=InnoDB DEFAULT CHARSET=utf8 COLLATE=utf8_unicode_ci;

DROP TABLE IF EXISTS `craft_templatecacheelements`;


--
-- Schema for table `craft_templatecacheelements`
--
CREATE TABLE `craft_templatecacheelements` (
  `cacheId` int(11) NOT NULL,
  `elementId` int(11) NOT NULL,
  KEY `craft_templatecacheelements_cacheId_fk` (`cacheId`),
  KEY `craft_templatecacheelements_elementId_fk` (`elementId`)
) ENGINE=InnoDB DEFAULT CHARSET=utf8 COLLATE=utf8_unicode_ci;

DROP TABLE IF EXISTS `craft_templatecaches`;


--
-- Schema for table `craft_templatecaches`
--
CREATE TABLE `craft_templatecaches` (
  `id` int(11) NOT NULL AUTO_INCREMENT,
  `cacheKey` varchar(255) COLLATE utf8_unicode_ci NOT NULL,
  `locale` char(12) COLLATE utf8_unicode_ci NOT NULL,
  `path` varchar(255) COLLATE utf8_unicode_ci DEFAULT NULL,
  `expiryDate` datetime NOT NULL,
  `body` mediumtext COLLATE utf8_unicode_ci NOT NULL,
  PRIMARY KEY (`id`),
  KEY `craft_templatecaches_expiryDate_cacheKey_locale_path_idx` (`expiryDate`,`cacheKey`,`locale`,`path`),
  KEY `craft_templatecaches_locale_fk` (`locale`)
) ENGINE=InnoDB DEFAULT CHARSET=utf8 COLLATE=utf8_unicode_ci;

DROP TABLE IF EXISTS `craft_tokens`;


--
-- Schema for table `craft_tokens`
--
CREATE TABLE `craft_tokens` (
  `id` int(11) NOT NULL AUTO_INCREMENT,
  `token` char(32) COLLATE utf8_unicode_ci NOT NULL,
  `route` text COLLATE utf8_unicode_ci,
  `usageLimit` tinyint(3) unsigned DEFAULT NULL,
  `usageCount` tinyint(3) unsigned DEFAULT NULL,
  `expiryDate` datetime NOT NULL,
  `dateCreated` datetime NOT NULL,
  `dateUpdated` datetime NOT NULL,
  `uid` char(36) COLLATE utf8_unicode_ci NOT NULL DEFAULT '0',
  PRIMARY KEY (`id`),
  UNIQUE KEY `craft_tokens_token_unq_idx` (`token`),
  KEY `craft_tokens_expiryDate_idx` (`expiryDate`)
) ENGINE=InnoDB DEFAULT CHARSET=utf8 COLLATE=utf8_unicode_ci;

DROP TABLE IF EXISTS `craft_usergroups`;


--
-- Schema for table `craft_usergroups`
--
CREATE TABLE `craft_usergroups` (
  `id` int(11) NOT NULL AUTO_INCREMENT,
  `name` varchar(255) COLLATE utf8_unicode_ci NOT NULL,
  `handle` varchar(255) COLLATE utf8_unicode_ci NOT NULL,
  `dateCreated` datetime NOT NULL,
  `dateUpdated` datetime NOT NULL,
  `uid` char(36) COLLATE utf8_unicode_ci NOT NULL DEFAULT '0',
  PRIMARY KEY (`id`),
  UNIQUE KEY `craft_usergroups_name_unq_idx` (`name`),
  UNIQUE KEY `craft_usergroups_handle_unq_idx` (`handle`)
) ENGINE=InnoDB DEFAULT CHARSET=utf8 COLLATE=utf8_unicode_ci;

DROP TABLE IF EXISTS `craft_usergroups_users`;


--
-- Schema for table `craft_usergroups_users`
--
CREATE TABLE `craft_usergroups_users` (
  `id` int(11) NOT NULL AUTO_INCREMENT,
  `groupId` int(11) NOT NULL,
  `userId` int(11) NOT NULL,
  `dateCreated` datetime NOT NULL,
  `dateUpdated` datetime NOT NULL,
  `uid` char(36) COLLATE utf8_unicode_ci NOT NULL DEFAULT '0',
  PRIMARY KEY (`id`),
  UNIQUE KEY `craft_usergroups_users_groupId_userId_unq_idx` (`groupId`,`userId`),
  KEY `craft_usergroups_users_userId_fk` (`userId`)
) ENGINE=InnoDB DEFAULT CHARSET=utf8 COLLATE=utf8_unicode_ci;

DROP TABLE IF EXISTS `craft_userpermissions`;


--
-- Schema for table `craft_userpermissions`
--
CREATE TABLE `craft_userpermissions` (
  `id` int(11) NOT NULL AUTO_INCREMENT,
  `name` varchar(255) COLLATE utf8_unicode_ci NOT NULL,
  `dateCreated` datetime NOT NULL,
  `dateUpdated` datetime NOT NULL,
  `uid` char(36) COLLATE utf8_unicode_ci NOT NULL DEFAULT '0',
  PRIMARY KEY (`id`),
  UNIQUE KEY `craft_userpermissions_name_unq_idx` (`name`)
) ENGINE=InnoDB AUTO_INCREMENT=24 DEFAULT CHARSET=utf8 COLLATE=utf8_unicode_ci;

--
-- Data for table `craft_userpermissions`
--

INSERT INTO `craft_userpermissions` (`id`, `name`, `dateCreated`, `dateUpdated`, `uid`) VALUES
 ('1', 'publishentries:1', '2017-08-21 23:31:16', '2017-08-21 23:31:16', '3468cf99-de34-450e-98cd-14504e53cb14'),
 ('2', 'publishpeerentrydrafts:1', '2017-08-21 23:31:16', '2017-08-21 23:31:16', 'd9c2285b-60e6-432d-873b-c728a1b4fea2'),
 ('3', 'deletepeerentrydrafts:1', '2017-08-21 23:31:16', '2017-08-21 23:31:16', '59df64d8-25e7-4f92-af7d-18196358f764'),
 ('4', 'editpeerentrydrafts:1', '2017-08-21 23:31:16', '2017-08-21 23:31:16', '354ae99a-ef85-4453-a7e1-afc9814921db'),
 ('5', 'editentries:1', '2017-08-21 23:31:16', '2017-08-21 23:31:16', '41ae1836-7dfe-426e-a253-3134f33a6fab'),
 ('6', 'createentries:2', '2017-08-21 23:31:16', '2017-08-21 23:31:16', 'd1161fb7-e4c3-4fb6-991f-bfae282cc1a7'),
 ('7', 'publishentries:2', '2017-08-21 23:31:16', '2017-08-21 23:31:16', '3e40eb3b-529f-4cff-ac1c-778b3526bb36'),
 ('8', 'deleteentries:2', '2017-08-21 23:31:16', '2017-08-21 23:31:16', '980f19d1-d3cd-49fe-8eb3-25903dadcdf2'),
 ('9', 'publishpeerentries:2', '2017-08-21 23:31:16', '2017-08-21 23:31:16', '988beeb2-a3c6-47b2-84ee-4625d2d92188'),
 ('10', 'deletepeerentries:2', '2017-08-21 23:31:16', '2017-08-21 23:31:16', '898f368e-0a76-43c9-aba9-181bcbff5778'),
 ('11', 'editpeerentries:2', '2017-08-21 23:31:16', '2017-08-21 23:31:16', '32538ce9-19d6-464f-918a-84514e715b55'),
 ('12', 'publishpeerentrydrafts:2', '2017-08-21 23:31:16', '2017-08-21 23:31:16', '8fc67f29-f3b0-4cb5-ad2e-b2bc014b9cb0'),
 ('13', 'deletepeerentrydrafts:2', '2017-08-21 23:31:16', '2017-08-21 23:31:16', '4004d4d6-0145-4ca9-a8a0-99ee6727d1d9'),
 ('14', 'editpeerentrydrafts:2', '2017-08-21 23:31:16', '2017-08-21 23:31:16', 'e21d3e83-0193-41ea-b289-33598160212a'),
 ('15', 'editentries:2', '2017-08-21 23:31:16', '2017-08-21 23:31:16', 'bdf439a7-6311-460c-932a-e4eb3e77f6a0'),
 ('16', 'uploadtoassetsource:1', '2017-08-21 23:31:16', '2017-08-21 23:31:16', 'c1504033-e353-4e7d-b446-5603c4d27c0b'),
 ('17', 'createsubfoldersinassetsource:1', '2017-08-21 23:31:16', '2017-08-21 23:31:16', '4b774b5f-e1bf-44ab-b0eb-427b7d3c2691'),
 ('18', 'removefromassetsource:1', '2017-08-21 23:31:16', '2017-08-21 23:31:16', 'ddf9da1f-fd41-40fc-b677-0c4e0d112f43'),
 ('19', 'viewassetsource:1', '2017-08-21 23:31:16', '2017-08-21 23:31:16', '1cc80471-ebd4-4cb3-ab69-91571abcc529'),
 ('20', 'accesssitewhensystemisoff', '2017-08-22 00:46:30', '2017-08-22 00:46:30', 'de8a0827-c258-4161-bebf-01aa37564fa6'),
 ('21', 'accesscpwhensystemisoff', '2017-08-22 00:46:30', '2017-08-22 00:46:30', 'dcf9a6e4-bcc6-43a6-9af4-b1a0047d7fe8'),
 ('22', 'performupdates', '2017-08-22 00:46:30', '2017-08-22 00:46:30', 'b4849fd7-2a0c-4670-b544-674843f73c1f'),
 ('23', 'accesscp', '2017-08-22 00:46:30', '2017-08-22 00:46:30', '80f7b148-6aac-4c10-ae8c-82d632850133');



DROP TABLE IF EXISTS `craft_userpermissions_usergroups`;


--
-- Schema for table `craft_userpermissions_usergroups`
--
CREATE TABLE `craft_userpermissions_usergroups` (
  `id` int(11) NOT NULL AUTO_INCREMENT,
  `permissionId` int(11) NOT NULL,
  `groupId` int(11) NOT NULL,
  `dateCreated` datetime NOT NULL,
  `dateUpdated` datetime NOT NULL,
  `uid` char(36) COLLATE utf8_unicode_ci NOT NULL DEFAULT '0',
  PRIMARY KEY (`id`),
  UNIQUE KEY `craft_userpermissions_usergroups_permissionId_groupId_unq_idx` (`permissionId`,`groupId`),
  KEY `craft_userpermissions_usergroups_groupId_fk` (`groupId`)
) ENGINE=InnoDB DEFAULT CHARSET=utf8 COLLATE=utf8_unicode_ci;

DROP TABLE IF EXISTS `craft_userpermissions_users`;


--
-- Schema for table `craft_userpermissions_users`
--
CREATE TABLE `craft_userpermissions_users` (
  `id` int(11) NOT NULL AUTO_INCREMENT,
  `permissionId` int(11) NOT NULL,
  `userId` int(11) NOT NULL,
  `dateCreated` datetime NOT NULL,
  `dateUpdated` datetime NOT NULL,
  `uid` char(36) COLLATE utf8_unicode_ci NOT NULL DEFAULT '0',
  PRIMARY KEY (`id`),
  UNIQUE KEY `craft_userpermissions_users_permissionId_userId_unq_idx` (`permissionId`,`userId`),
  KEY `craft_userpermissions_users_userId_fk` (`userId`)
) ENGINE=InnoDB AUTO_INCREMENT=62 DEFAULT CHARSET=utf8 COLLATE=utf8_unicode_ci;

--
-- Data for table `craft_userpermissions_users`
--

INSERT INTO `craft_userpermissions_users` (`id`, `permissionId`, `userId`, `dateCreated`, `dateUpdated`, `uid`) VALUES
 ('39', '20', '75', '2017-08-22 00:46:30', '2017-08-22 00:46:30', 'a2897f39-1026-424e-bcb9-c3405a67c012'),
 ('40', '21', '75', '2017-08-22 00:46:30', '2017-08-22 00:46:30', '57d7ed6d-1aa2-4405-8be2-258d6c1e4b48'),
 ('41', '22', '75', '2017-08-22 00:46:30', '2017-08-22 00:46:30', 'a309a418-ff00-405b-9cef-6320fb986165'),
 ('42', '23', '75', '2017-08-22 00:46:30', '2017-08-22 00:46:30', 'a45be72b-bb29-4371-9b03-db05a57440f5'),
 ('43', '1', '75', '2017-08-22 00:46:30', '2017-08-22 00:46:30', '1596c3c1-0cc4-4769-86a5-1b5399382c38'),
 ('44', '2', '75', '2017-08-22 00:46:30', '2017-08-22 00:46:30', 'e2ae260f-b50f-4a65-8e90-52fdc3b57760'),
 ('45', '3', '75', '2017-08-22 00:46:30', '2017-08-22 00:46:30', '06b84e38-eb6d-44d7-a940-291f011992d8'),
 ('46', '4', '75', '2017-08-22 00:46:30', '2017-08-22 00:46:30', '7646002c-c2ff-445d-b585-342d274d5fcd'),
 ('47', '5', '75', '2017-08-22 00:46:30', '2017-08-22 00:46:30', '236976ba-c787-4d9e-83bb-586194e16213'),
 ('48', '6', '75', '2017-08-22 00:46:30', '2017-08-22 00:46:30', '27616f9d-d0a8-43d7-b7bf-195c2fb57e0e'),
 ('49', '7', '75', '2017-08-22 00:46:30', '2017-08-22 00:46:30', 'bedd61a3-9700-4b46-b5f1-075cf10954e5'),
 ('50', '8', '75', '2017-08-22 00:46:30', '2017-08-22 00:46:30', '88510fad-ded2-4387-be43-bfff880ee1f9'),
 ('51', '9', '75', '2017-08-22 00:46:30', '2017-08-22 00:46:30', '4dcd41e3-1f68-4607-99df-6d90be11488e'),
 ('52', '10', '75', '2017-08-22 00:46:30', '2017-08-22 00:46:30', 'aca97b90-ccc4-4602-92e6-04ed920cde4c'),
 ('53', '11', '75', '2017-08-22 00:46:30', '2017-08-22 00:46:30', '8abd853b-b926-4db1-bc48-36d85777bf57'),
 ('54', '12', '75', '2017-08-22 00:46:30', '2017-08-22 00:46:30', '0e257691-9db0-4904-8efe-9780f2d6e566'),
 ('55', '13', '75', '2017-08-22 00:46:30', '2017-08-22 00:46:30', '8f7838c0-66e2-415d-a2d3-8dc963e2976b'),
 ('56', '14', '75', '2017-08-22 00:46:30', '2017-08-22 00:46:30', 'f431ae6e-51d2-4944-808c-06406c81d307'),
 ('57', '15', '75', '2017-08-22 00:46:30', '2017-08-22 00:46:30', '874caf95-dd50-4a8b-9a42-d1636c2c846b'),
 ('58', '16', '75', '2017-08-22 00:46:30', '2017-08-22 00:46:30', '2ef2fb67-28f7-45f6-81b5-c6e8744b4482'),
 ('59', '17', '75', '2017-08-22 00:46:30', '2017-08-22 00:46:30', 'bc4cf3ae-8b87-4dc8-991d-fab5362e9318'),
 ('60', '18', '75', '2017-08-22 00:46:30', '2017-08-22 00:46:30', '29f0435d-6441-481f-a6ea-b6ea85c4c676'),
 ('61', '19', '75', '2017-08-22 00:46:30', '2017-08-22 00:46:30', '4163e5b8-6b72-4dd8-a31a-0118f35e4cc6');



DROP TABLE IF EXISTS `craft_users`;


--
-- Schema for table `craft_users`
--
CREATE TABLE `craft_users` (
  `id` int(11) NOT NULL,
  `username` varchar(100) COLLATE utf8_unicode_ci NOT NULL,
  `photo` varchar(100) COLLATE utf8_unicode_ci DEFAULT NULL,
  `firstName` varchar(100) COLLATE utf8_unicode_ci DEFAULT NULL,
  `lastName` varchar(100) COLLATE utf8_unicode_ci DEFAULT NULL,
  `email` varchar(255) COLLATE utf8_unicode_ci NOT NULL,
  `password` char(255) COLLATE utf8_unicode_ci DEFAULT NULL,
  `preferredLocale` char(12) COLLATE utf8_unicode_ci DEFAULT NULL,
  `weekStartDay` tinyint(1) unsigned NOT NULL DEFAULT '0',
  `admin` tinyint(1) unsigned NOT NULL DEFAULT '0',
  `client` tinyint(1) unsigned NOT NULL DEFAULT '0',
  `locked` tinyint(1) unsigned NOT NULL DEFAULT '0',
  `suspended` tinyint(1) unsigned NOT NULL DEFAULT '0',
  `pending` tinyint(1) unsigned NOT NULL DEFAULT '0',
  `archived` tinyint(1) unsigned NOT NULL DEFAULT '0',
  `lastLoginDate` datetime DEFAULT NULL,
  `lastLoginAttemptIPAddress` varchar(45) COLLATE utf8_unicode_ci DEFAULT NULL,
  `invalidLoginWindowStart` datetime DEFAULT NULL,
  `invalidLoginCount` tinyint(4) unsigned DEFAULT NULL,
  `lastInvalidLoginDate` datetime DEFAULT NULL,
  `lockoutDate` datetime DEFAULT NULL,
  `verificationCode` char(100) COLLATE utf8_unicode_ci DEFAULT NULL,
  `verificationCodeIssuedDate` datetime DEFAULT NULL,
  `unverifiedEmail` varchar(255) COLLATE utf8_unicode_ci DEFAULT NULL,
  `passwordResetRequired` tinyint(1) unsigned NOT NULL DEFAULT '0',
  `lastPasswordChangeDate` datetime DEFAULT NULL,
  `dateCreated` datetime NOT NULL,
  `dateUpdated` datetime NOT NULL,
  `uid` char(36) COLLATE utf8_unicode_ci NOT NULL DEFAULT '0',
  PRIMARY KEY (`id`),
  UNIQUE KEY `craft_users_username_unq_idx` (`username`),
  UNIQUE KEY `craft_users_email_unq_idx` (`email`),
  KEY `craft_users_verificationCode_idx` (`verificationCode`),
  KEY `craft_users_uid_idx` (`uid`),
  KEY `craft_users_preferredLocale_fk` (`preferredLocale`)
) ENGINE=InnoDB DEFAULT CHARSET=utf8 COLLATE=utf8_unicode_ci;

--
-- Data for table `craft_users`
--

INSERT INTO `craft_users` (`id`, `username`, `photo`, `firstName`, `lastName`, `email`, `password`, `preferredLocale`, `weekStartDay`, `admin`, `client`, `locked`, `suspended`, `pending`, `archived`, `lastLoginDate`, `lastLoginAttemptIPAddress`, `invalidLoginWindowStart`, `invalidLoginCount`, `lastInvalidLoginDate`, `lockoutDate`, `verificationCode`, `verificationCodeIssuedDate`, `unverifiedEmail`, `passwordResetRequired`, `lastPasswordChangeDate`, `dateCreated`, `dateUpdated`, `uid`) VALUES
 ('1', 'Blunt', NULL, NULL, NULL, 'maxim.is@blunt.af', '$2y$13$sKwfBi8oHnuy09jmco.gweKdqkbLHBzOwEkSZeh9RC8nNwyPaM1fa', NULL, '0', '1', '0', '0', '0', '0', '0', '2017-10-01 20:17:44', '::1', NULL, NULL, NULL, NULL, NULL, NULL, NULL, '0', '2017-08-14 03:05:13', '2017-08-14 03:05:13', '2017-10-01 20:17:44', 'df6b1317-d3f0-4364-a392-4563dd5bb6c1'),
 ('75', 'Bokeh', NULL, 'David', 'Bates', 'david@seebokeh.com', '$2y$13$QN8fMzydzeksGwpRrMzQSe69/I7X6hz7eyIP.24YX7oLhVt6A4vHO', NULL, '0', '0', '1', '0', '0', '0', '0', '2017-09-25 20:33:46', '73.170.96.45', NULL, NULL, '2017-08-30 22:39:51', NULL, NULL, NULL, NULL, '0', '2017-08-22 01:09:46', '2017-08-21 23:30:12', '2017-09-25 20:33:46', 'ae376526-7fdd-4247-beab-b1eb0f8a0055');



DROP TABLE IF EXISTS `craft_widgets`;


--
-- Schema for table `craft_widgets`
--
CREATE TABLE `craft_widgets` (
  `id` int(11) NOT NULL AUTO_INCREMENT,
  `userId` int(11) NOT NULL,
  `type` varchar(150) COLLATE utf8_unicode_ci NOT NULL,
  `sortOrder` smallint(6) unsigned DEFAULT NULL,
  `colspan` tinyint(4) unsigned DEFAULT NULL,
  `settings` text COLLATE utf8_unicode_ci,
  `enabled` tinyint(1) unsigned NOT NULL DEFAULT '1',
  `dateCreated` datetime NOT NULL,
  `dateUpdated` datetime NOT NULL,
  `uid` char(36) COLLATE utf8_unicode_ci NOT NULL DEFAULT '0',
  PRIMARY KEY (`id`),
  KEY `craft_widgets_userId_fk` (`userId`)
) ENGINE=InnoDB AUTO_INCREMENT=8 DEFAULT CHARSET=utf8 COLLATE=utf8_unicode_ci;

--
-- Data for table `craft_widgets`
--

INSERT INTO `craft_widgets` (`id`, `userId`, `type`, `sortOrder`, `colspan`, `settings`, `enabled`, `dateCreated`, `dateUpdated`, `uid`) VALUES
 ('1', '1', 'RecentEntries', '1', NULL, NULL, '1', '2017-08-14 03:05:24', '2017-08-14 03:05:24', '8739e5ae-5638-4101-bb9f-44c80b9fdd60'),
 ('2', '1', 'GetHelp', '2', NULL, NULL, '1', '2017-08-14 03:05:24', '2017-08-14 03:05:24', 'e5eb8b0a-70b5-40e5-b246-cde9d9cef599'),
 ('3', '1', 'Updates', '3', NULL, NULL, '1', '2017-08-14 03:05:24', '2017-08-14 03:05:24', '66eaf433-b59f-497a-9d94-9438165747dc'),
 ('4', '1', 'Feed', '4', NULL, '{\"url\":\"https:\\/\\/craftcms.com\\/news.rss\",\"title\":\"Craft News\"}', '1', '2017-08-14 03:05:24', '2017-08-14 03:05:24', 'e0ef7123-a184-4c27-8d24-86cddb2b4095'),
 ('5', '75', 'RecentEntries', '1', NULL, NULL, '1', '2017-08-22 01:09:52', '2017-08-22 01:09:52', '12bd0736-5f07-4d79-8913-cb2ce15a07dd'),
 ('6', '75', 'Updates', '2', NULL, NULL, '1', '2017-08-22 01:09:52', '2017-08-22 01:09:52', 'a36c9acd-8e0b-425e-a0ec-0c1ab863d441'),
 ('7', '75', 'Feed', '3', NULL, '{\"url\":\"https:\\/\\/craftcms.com\\/news.rss\",\"title\":\"Craft News\"}', '1', '2017-08-22 01:09:52', '2017-08-22 01:09:52', '40053d19-0b9c-4ea8-9345-a9734d74e8c9');


--
-- Constraints for tables
--


--
-- Constraints for table `craft_assetfiles`
--
ALTER TABLE `craft_assetfiles`
	ADD CONSTRAINT `craft_assetfiles_folderId_fk` FOREIGN KEY (`folderId`) REFERENCES `craft_assetfolders` (`id`) ON DELETE CASCADE,
	ADD CONSTRAINT `craft_assetfiles_id_fk` FOREIGN KEY (`id`) REFERENCES `craft_elements` (`id`) ON DELETE CASCADE,
	ADD CONSTRAINT `craft_assetfiles_sourceId_fk` FOREIGN KEY (`sourceId`) REFERENCES `craft_assetsources` (`id`) ON DELETE CASCADE;

--
-- Constraints for table `craft_assetfolders`
--
ALTER TABLE `craft_assetfolders`
	ADD CONSTRAINT `craft_assetfolders_parentId_fk` FOREIGN KEY (`parentId`) REFERENCES `craft_assetfolders` (`id`) ON DELETE CASCADE,
	ADD CONSTRAINT `craft_assetfolders_sourceId_fk` FOREIGN KEY (`sourceId`) REFERENCES `craft_assetsources` (`id`) ON DELETE CASCADE;

--
-- Constraints for table `craft_assetindexdata`
--
ALTER TABLE `craft_assetindexdata`
	ADD CONSTRAINT `craft_assetindexdata_sourceId_fk` FOREIGN KEY (`sourceId`) REFERENCES `craft_assetsources` (`id`) ON DELETE CASCADE;

--
-- Constraints for table `craft_assetsources`
--
ALTER TABLE `craft_assetsources`
	ADD CONSTRAINT `craft_assetsources_fieldLayoutId_fk` FOREIGN KEY (`fieldLayoutId`) REFERENCES `craft_fieldlayouts` (`id`) ON DELETE SET NULL;

--
-- Constraints for table `craft_categories`
--
ALTER TABLE `craft_categories`
	ADD CONSTRAINT `craft_categories_groupId_fk` FOREIGN KEY (`groupId`) REFERENCES `craft_categorygroups` (`id`) ON DELETE CASCADE,
	ADD CONSTRAINT `craft_categories_id_fk` FOREIGN KEY (`id`) REFERENCES `craft_elements` (`id`) ON DELETE CASCADE;

--
-- Constraints for table `craft_categorygroups`
--
ALTER TABLE `craft_categorygroups`
	ADD CONSTRAINT `craft_categorygroups_fieldLayoutId_fk` FOREIGN KEY (`fieldLayoutId`) REFERENCES `craft_fieldlayouts` (`id`) ON DELETE SET NULL,
	ADD CONSTRAINT `craft_categorygroups_structureId_fk` FOREIGN KEY (`structureId`) REFERENCES `craft_structures` (`id`) ON DELETE CASCADE;

--
-- Constraints for table `craft_categorygroups_i18n`
--
ALTER TABLE `craft_categorygroups_i18n`
	ADD CONSTRAINT `craft_categorygroups_i18n_groupId_fk` FOREIGN KEY (`groupId`) REFERENCES `craft_categorygroups` (`id`) ON DELETE CASCADE,
	ADD CONSTRAINT `craft_categorygroups_i18n_locale_fk` FOREIGN KEY (`locale`) REFERENCES `craft_locales` (`locale`) ON DELETE CASCADE ON UPDATE CASCADE;

--
-- Constraints for table `craft_content`
--
ALTER TABLE `craft_content`
	ADD CONSTRAINT `craft_content_elementId_fk` FOREIGN KEY (`elementId`) REFERENCES `craft_elements` (`id`) ON DELETE CASCADE,
	ADD CONSTRAINT `craft_content_locale_fk` FOREIGN KEY (`locale`) REFERENCES `craft_locales` (`locale`) ON DELETE CASCADE ON UPDATE CASCADE;

--
-- Constraints for table `craft_elements_i18n`
--
ALTER TABLE `craft_elements_i18n`
	ADD CONSTRAINT `craft_elements_i18n_elementId_fk` FOREIGN KEY (`elementId`) REFERENCES `craft_elements` (`id`) ON DELETE CASCADE,
	ADD CONSTRAINT `craft_elements_i18n_locale_fk` FOREIGN KEY (`locale`) REFERENCES `craft_locales` (`locale`) ON DELETE CASCADE ON UPDATE CASCADE;

--
-- Constraints for table `craft_emailmessages`
--
ALTER TABLE `craft_emailmessages`
	ADD CONSTRAINT `craft_emailmessages_locale_fk` FOREIGN KEY (`locale`) REFERENCES `craft_locales` (`locale`) ON DELETE CASCADE ON UPDATE CASCADE;

--
-- Constraints for table `craft_entries`
--
ALTER TABLE `craft_entries`
	ADD CONSTRAINT `craft_entries_authorId_fk` FOREIGN KEY (`authorId`) REFERENCES `craft_users` (`id`) ON DELETE CASCADE,
	ADD CONSTRAINT `craft_entries_id_fk` FOREIGN KEY (`id`) REFERENCES `craft_elements` (`id`) ON DELETE CASCADE,
	ADD CONSTRAINT `craft_entries_sectionId_fk` FOREIGN KEY (`sectionId`) REFERENCES `craft_sections` (`id`) ON DELETE CASCADE,
	ADD CONSTRAINT `craft_entries_typeId_fk` FOREIGN KEY (`typeId`) REFERENCES `craft_entrytypes` (`id`) ON DELETE CASCADE;

--
-- Constraints for table `craft_entrydrafts`
--
ALTER TABLE `craft_entrydrafts`
	ADD CONSTRAINT `craft_entrydrafts_creatorId_fk` FOREIGN KEY (`creatorId`) REFERENCES `craft_users` (`id`) ON DELETE CASCADE,
	ADD CONSTRAINT `craft_entrydrafts_entryId_fk` FOREIGN KEY (`entryId`) REFERENCES `craft_entries` (`id`) ON DELETE CASCADE,
	ADD CONSTRAINT `craft_entrydrafts_locale_fk` FOREIGN KEY (`locale`) REFERENCES `craft_locales` (`locale`) ON DELETE CASCADE ON UPDATE CASCADE,
	ADD CONSTRAINT `craft_entrydrafts_sectionId_fk` FOREIGN KEY (`sectionId`) REFERENCES `craft_sections` (`id`) ON DELETE CASCADE;

--
-- Constraints for table `craft_entrytypes`
--
ALTER TABLE `craft_entrytypes`
	ADD CONSTRAINT `craft_entrytypes_fieldLayoutId_fk` FOREIGN KEY (`fieldLayoutId`) REFERENCES `craft_fieldlayouts` (`id`) ON DELETE SET NULL,
	ADD CONSTRAINT `craft_entrytypes_sectionId_fk` FOREIGN KEY (`sectionId`) REFERENCES `craft_sections` (`id`) ON DELETE CASCADE;

--
-- Constraints for table `craft_entryversions`
--
ALTER TABLE `craft_entryversions`
	ADD CONSTRAINT `craft_entryversions_creatorId_fk` FOREIGN KEY (`creatorId`) REFERENCES `craft_users` (`id`) ON DELETE SET NULL,
	ADD CONSTRAINT `craft_entryversions_entryId_fk` FOREIGN KEY (`entryId`) REFERENCES `craft_entries` (`id`) ON DELETE CASCADE,
	ADD CONSTRAINT `craft_entryversions_locale_fk` FOREIGN KEY (`locale`) REFERENCES `craft_locales` (`locale`) ON DELETE CASCADE ON UPDATE CASCADE,
	ADD CONSTRAINT `craft_entryversions_sectionId_fk` FOREIGN KEY (`sectionId`) REFERENCES `craft_sections` (`id`) ON DELETE CASCADE;

--
-- Constraints for table `craft_fieldlayoutfields`
--
ALTER TABLE `craft_fieldlayoutfields`
	ADD CONSTRAINT `craft_fieldlayoutfields_fieldId_fk` FOREIGN KEY (`fieldId`) REFERENCES `craft_fields` (`id`) ON DELETE CASCADE,
	ADD CONSTRAINT `craft_fieldlayoutfields_layoutId_fk` FOREIGN KEY (`layoutId`) REFERENCES `craft_fieldlayouts` (`id`) ON DELETE CASCADE,
	ADD CONSTRAINT `craft_fieldlayoutfields_tabId_fk` FOREIGN KEY (`tabId`) REFERENCES `craft_fieldlayouttabs` (`id`) ON DELETE CASCADE;

--
-- Constraints for table `craft_fieldlayouttabs`
--
ALTER TABLE `craft_fieldlayouttabs`
	ADD CONSTRAINT `craft_fieldlayouttabs_layoutId_fk` FOREIGN KEY (`layoutId`) REFERENCES `craft_fieldlayouts` (`id`) ON DELETE CASCADE;

--
-- Constraints for table `craft_fields`
--
ALTER TABLE `craft_fields`
	ADD CONSTRAINT `craft_fields_groupId_fk` FOREIGN KEY (`groupId`) REFERENCES `craft_fieldgroups` (`id`) ON DELETE CASCADE;

--
-- Constraints for table `craft_globalsets`
--
ALTER TABLE `craft_globalsets`
	ADD CONSTRAINT `craft_globalsets_fieldLayoutId_fk` FOREIGN KEY (`fieldLayoutId`) REFERENCES `craft_fieldlayouts` (`id`) ON DELETE SET NULL,
	ADD CONSTRAINT `craft_globalsets_id_fk` FOREIGN KEY (`id`) REFERENCES `craft_elements` (`id`) ON DELETE CASCADE;

--
-- Constraints for table `craft_matrixblocks`
--
ALTER TABLE `craft_matrixblocks`
	ADD CONSTRAINT `craft_matrixblocks_fieldId_fk` FOREIGN KEY (`fieldId`) REFERENCES `craft_fields` (`id`) ON DELETE CASCADE,
	ADD CONSTRAINT `craft_matrixblocks_id_fk` FOREIGN KEY (`id`) REFERENCES `craft_elements` (`id`) ON DELETE CASCADE,
	ADD CONSTRAINT `craft_matrixblocks_ownerId_fk` FOREIGN KEY (`ownerId`) REFERENCES `craft_elements` (`id`) ON DELETE CASCADE,
	ADD CONSTRAINT `craft_matrixblocks_ownerLocale_fk` FOREIGN KEY (`ownerLocale`) REFERENCES `craft_locales` (`locale`) ON DELETE CASCADE ON UPDATE CASCADE,
	ADD CONSTRAINT `craft_matrixblocks_typeId_fk` FOREIGN KEY (`typeId`) REFERENCES `craft_matrixblocktypes` (`id`) ON DELETE CASCADE;

--
-- Constraints for table `craft_matrixblocktypes`
--
ALTER TABLE `craft_matrixblocktypes`
	ADD CONSTRAINT `craft_matrixblocktypes_fieldId_fk` FOREIGN KEY (`fieldId`) REFERENCES `craft_fields` (`id`) ON DELETE CASCADE,
	ADD CONSTRAINT `craft_matrixblocktypes_fieldLayoutId_fk` FOREIGN KEY (`fieldLayoutId`) REFERENCES `craft_fieldlayouts` (`id`) ON DELETE SET NULL;

--
-- Constraints for table `craft_matrixcontent_clients`
--
ALTER TABLE `craft_matrixcontent_clients`
	ADD CONSTRAINT `craft_matrixcontent_clients_elementId_fk` FOREIGN KEY (`elementId`) REFERENCES `craft_elements` (`id`) ON DELETE CASCADE,
	ADD CONSTRAINT `craft_matrixcontent_clients_locale_fk` FOREIGN KEY (`locale`) REFERENCES `craft_locales` (`locale`) ON DELETE CASCADE ON UPDATE CASCADE;

--
-- Constraints for table `craft_matrixcontent_projectblocks`
--
ALTER TABLE `craft_matrixcontent_projectblocks`
	ADD CONSTRAINT `craft_matrixcontent_projectblocks_elementId_fk` FOREIGN KEY (`elementId`) REFERENCES `craft_elements` (`id`) ON DELETE CASCADE,
	ADD CONSTRAINT `craft_matrixcontent_projectblocks_locale_fk` FOREIGN KEY (`locale`) REFERENCES `craft_locales` (`locale`) ON DELETE CASCADE ON UPDATE CASCADE;

--
-- Constraints for table `craft_matrixcontent_servicelist`
--
ALTER TABLE `craft_matrixcontent_servicelist`
	ADD CONSTRAINT `craft_matrixcontent_servicelist_elementId_fk` FOREIGN KEY (`elementId`) REFERENCES `craft_elements` (`id`) ON DELETE CASCADE,
	ADD CONSTRAINT `craft_matrixcontent_servicelist_locale_fk` FOREIGN KEY (`locale`) REFERENCES `craft_locales` (`locale`) ON DELETE CASCADE ON UPDATE CASCADE;

--
-- Constraints for table `craft_matrixcontent_services`
--
ALTER TABLE `craft_matrixcontent_services`
	ADD CONSTRAINT `craft_matrixcontent_services_elementId_fk` FOREIGN KEY (`elementId`) REFERENCES `craft_elements` (`id`) ON DELETE CASCADE,
	ADD CONSTRAINT `craft_matrixcontent_services_locale_fk` FOREIGN KEY (`locale`) REFERENCES `craft_locales` (`locale`) ON DELETE CASCADE ON UPDATE CASCADE;

--
-- Constraints for table `craft_matrixcontent_taglinewordlist`
--
ALTER TABLE `craft_matrixcontent_taglinewordlist`
	ADD CONSTRAINT `craft_matrixcontent_taglinewordlist_elementId_fk` FOREIGN KEY (`elementId`) REFERENCES `craft_elements` (`id`) ON DELETE CASCADE,
	ADD CONSTRAINT `craft_matrixcontent_taglinewordlist_locale_fk` FOREIGN KEY (`locale`) REFERENCES `craft_locales` (`locale`) ON DELETE CASCADE ON UPDATE CASCADE;

--
-- Constraints for table `craft_migrations`
--
ALTER TABLE `craft_migrations`
	ADD CONSTRAINT `craft_migrations_pluginId_fk` FOREIGN KEY (`pluginId`) REFERENCES `craft_plugins` (`id`) ON DELETE CASCADE;

--
-- Constraints for table `craft_relations`
--
ALTER TABLE `craft_relations`
	ADD CONSTRAINT `craft_relations_fieldId_fk` FOREIGN KEY (`fieldId`) REFERENCES `craft_fields` (`id`) ON DELETE CASCADE,
	ADD CONSTRAINT `craft_relations_sourceId_fk` FOREIGN KEY (`sourceId`) REFERENCES `craft_elements` (`id`) ON DELETE CASCADE,
	ADD CONSTRAINT `craft_relations_sourceLocale_fk` FOREIGN KEY (`sourceLocale`) REFERENCES `craft_locales` (`locale`) ON DELETE CASCADE ON UPDATE CASCADE,
	ADD CONSTRAINT `craft_relations_targetId_fk` FOREIGN KEY (`targetId`) REFERENCES `craft_elements` (`id`) ON DELETE CASCADE;

--
-- Constraints for table `craft_routes`
--
ALTER TABLE `craft_routes`
	ADD CONSTRAINT `craft_routes_locale_fk` FOREIGN KEY (`locale`) REFERENCES `craft_locales` (`locale`) ON DELETE CASCADE ON UPDATE CASCADE;

--
-- Constraints for table `craft_sections`
--
ALTER TABLE `craft_sections`
	ADD CONSTRAINT `craft_sections_structureId_fk` FOREIGN KEY (`structureId`) REFERENCES `craft_structures` (`id`) ON DELETE SET NULL;

--
-- Constraints for table `craft_sections_i18n`
--
ALTER TABLE `craft_sections_i18n`
	ADD CONSTRAINT `craft_sections_i18n_locale_fk` FOREIGN KEY (`locale`) REFERENCES `craft_locales` (`locale`) ON DELETE CASCADE ON UPDATE CASCADE,
	ADD CONSTRAINT `craft_sections_i18n_sectionId_fk` FOREIGN KEY (`sectionId`) REFERENCES `craft_sections` (`id`) ON DELETE CASCADE;

--
-- Constraints for table `craft_sessions`
--
ALTER TABLE `craft_sessions`
	ADD CONSTRAINT `craft_sessions_userId_fk` FOREIGN KEY (`userId`) REFERENCES `craft_users` (`id`) ON DELETE CASCADE;

--
-- Constraints for table `craft_shunnedmessages`
--
ALTER TABLE `craft_shunnedmessages`
	ADD CONSTRAINT `craft_shunnedmessages_userId_fk` FOREIGN KEY (`userId`) REFERENCES `craft_users` (`id`) ON DELETE CASCADE;

--
-- Constraints for table `craft_structureelements`
--
ALTER TABLE `craft_structureelements`
	ADD CONSTRAINT `craft_structureelements_elementId_fk` FOREIGN KEY (`elementId`) REFERENCES `craft_elements` (`id`) ON DELETE CASCADE,
	ADD CONSTRAINT `craft_structureelements_structureId_fk` FOREIGN KEY (`structureId`) REFERENCES `craft_structures` (`id`) ON DELETE CASCADE;

--
-- Constraints for table `craft_supertableblocks`
--
ALTER TABLE `craft_supertableblocks`
	ADD CONSTRAINT `craft_supertableblocks_fieldId_fk` FOREIGN KEY (`fieldId`) REFERENCES `craft_fields` (`id`) ON DELETE CASCADE,
	ADD CONSTRAINT `craft_supertableblocks_id_fk` FOREIGN KEY (`id`) REFERENCES `craft_elements` (`id`) ON DELETE CASCADE,
	ADD CONSTRAINT `craft_supertableblocks_ownerId_fk` FOREIGN KEY (`ownerId`) REFERENCES `craft_elements` (`id`) ON DELETE CASCADE,
	ADD CONSTRAINT `craft_supertableblocks_ownerLocale_fk` FOREIGN KEY (`ownerLocale`) REFERENCES `craft_locales` (`locale`) ON DELETE CASCADE ON UPDATE CASCADE,
	ADD CONSTRAINT `craft_supertableblocks_typeId_fk` FOREIGN KEY (`typeId`) REFERENCES `craft_supertableblocktypes` (`id`) ON DELETE CASCADE;

--
-- Constraints for table `craft_supertableblocktypes`
--
ALTER TABLE `craft_supertableblocktypes`
	ADD CONSTRAINT `craft_supertableblocktypes_fieldId_fk` FOREIGN KEY (`fieldId`) REFERENCES `craft_fields` (`id`) ON DELETE CASCADE,
	ADD CONSTRAINT `craft_supertableblocktypes_fieldLayoutId_fk` FOREIGN KEY (`fieldLayoutId`) REFERENCES `craft_fieldlayouts` (`id`) ON DELETE SET NULL;

--
-- Constraints for table `craft_supertablecontent_10_image`
--
ALTER TABLE `craft_supertablecontent_10_image`
	ADD CONSTRAINT `craft_supertablecontent_10_image_elementId_fk` FOREIGN KEY (`elementId`) REFERENCES `craft_elements` (`id`) ON DELETE CASCADE,
	ADD CONSTRAINT `craft_supertablecontent_10_image_locale_fk` FOREIGN KEY (`locale`) REFERENCES `craft_locales` (`locale`) ON DELETE CASCADE ON UPDATE CASCADE;

--
-- Constraints for table `craft_supertablecontent_12_service`
--
ALTER TABLE `craft_supertablecontent_12_service`
	ADD CONSTRAINT `craft_supertablecontent_12_service_elementId_fk` FOREIGN KEY (`elementId`) REFERENCES `craft_elements` (`id`) ON DELETE CASCADE,
	ADD CONSTRAINT `craft_supertablecontent_12_service_locale_fk` FOREIGN KEY (`locale`) REFERENCES `craft_locales` (`locale`) ON DELETE CASCADE ON UPDATE CASCADE;

--
-- Constraints for table `craft_supertablecontent_9_video`
--
ALTER TABLE `craft_supertablecontent_9_video`
	ADD CONSTRAINT `craft_supertablecontent_9_video_elementId_fk` FOREIGN KEY (`elementId`) REFERENCES `craft_elements` (`id`) ON DELETE CASCADE,
	ADD CONSTRAINT `craft_supertablecontent_9_video_locale_fk` FOREIGN KEY (`locale`) REFERENCES `craft_locales` (`locale`) ON DELETE CASCADE ON UPDATE CASCADE;

--
-- Constraints for table `craft_taggroups`
--
ALTER TABLE `craft_taggroups`
	ADD CONSTRAINT `craft_taggroups_fieldLayoutId_fk` FOREIGN KEY (`fieldLayoutId`) REFERENCES `craft_fieldlayouts` (`id`) ON DELETE SET NULL;

--
-- Constraints for table `craft_tags`
--
ALTER TABLE `craft_tags`
	ADD CONSTRAINT `craft_tags_groupId_fk` FOREIGN KEY (`groupId`) REFERENCES `craft_taggroups` (`id`) ON DELETE CASCADE,
	ADD CONSTRAINT `craft_tags_id_fk` FOREIGN KEY (`id`) REFERENCES `craft_elements` (`id`) ON DELETE CASCADE;

--
-- Constraints for table `craft_templatecachecriteria`
--
ALTER TABLE `craft_templatecachecriteria`
	ADD CONSTRAINT `craft_templatecachecriteria_cacheId_fk` FOREIGN KEY (`cacheId`) REFERENCES `craft_templatecaches` (`id`) ON DELETE CASCADE;

--
-- Constraints for table `craft_templatecacheelements`
--
ALTER TABLE `craft_templatecacheelements`
	ADD CONSTRAINT `craft_templatecacheelements_cacheId_fk` FOREIGN KEY (`cacheId`) REFERENCES `craft_templatecaches` (`id`) ON DELETE CASCADE,
	ADD CONSTRAINT `craft_templatecacheelements_elementId_fk` FOREIGN KEY (`elementId`) REFERENCES `craft_elements` (`id`) ON DELETE CASCADE;

--
-- Constraints for table `craft_templatecaches`
--
ALTER TABLE `craft_templatecaches`
	ADD CONSTRAINT `craft_templatecaches_locale_fk` FOREIGN KEY (`locale`) REFERENCES `craft_locales` (`locale`) ON DELETE CASCADE ON UPDATE CASCADE;

--
-- Constraints for table `craft_usergroups_users`
--
ALTER TABLE `craft_usergroups_users`
	ADD CONSTRAINT `craft_usergroups_users_groupId_fk` FOREIGN KEY (`groupId`) REFERENCES `craft_usergroups` (`id`) ON DELETE CASCADE,
	ADD CONSTRAINT `craft_usergroups_users_userId_fk` FOREIGN KEY (`userId`) REFERENCES `craft_users` (`id`) ON DELETE CASCADE;

--
-- Constraints for table `craft_userpermissions_usergroups`
--
ALTER TABLE `craft_userpermissions_usergroups`
	ADD CONSTRAINT `craft_userpermissions_usergroups_groupId_fk` FOREIGN KEY (`groupId`) REFERENCES `craft_usergroups` (`id`) ON DELETE CASCADE,
	ADD CONSTRAINT `craft_userpermissions_usergroups_permissionId_fk` FOREIGN KEY (`permissionId`) REFERENCES `craft_userpermissions` (`id`) ON DELETE CASCADE;

--
-- Constraints for table `craft_userpermissions_users`
--
ALTER TABLE `craft_userpermissions_users`
	ADD CONSTRAINT `craft_userpermissions_users_permissionId_fk` FOREIGN KEY (`permissionId`) REFERENCES `craft_userpermissions` (`id`) ON DELETE CASCADE,
	ADD CONSTRAINT `craft_userpermissions_users_userId_fk` FOREIGN KEY (`userId`) REFERENCES `craft_users` (`id`) ON DELETE CASCADE;

--
-- Constraints for table `craft_users`
--
ALTER TABLE `craft_users`
	ADD CONSTRAINT `craft_users_id_fk` FOREIGN KEY (`id`) REFERENCES `craft_elements` (`id`) ON DELETE CASCADE,
	ADD CONSTRAINT `craft_users_preferredLocale_fk` FOREIGN KEY (`preferredLocale`) REFERENCES `craft_locales` (`locale`) ON DELETE SET NULL ON UPDATE CASCADE;

--
-- Constraints for table `craft_widgets`
--
ALTER TABLE `craft_widgets`
	ADD CONSTRAINT `craft_widgets_userId_fk` FOREIGN KEY (`userId`) REFERENCES `craft_users` (`id`) ON DELETE CASCADE;

SET FOREIGN_KEY_CHECKS = 1;
